/*
 * Arrays.c
 *
 *  Created on: Apr 18, 2024
 *      Author: ryank
 */

#include <ti/devices/msp/msp.h>
#include "../inc/LaunchPad.h"
#include "Arrays.h"

const unsigned char Kick[2304] = {16,15,16,16,16,15,16,16,16,15,16,16,16,15,15,15,16,15,16,15,15,16,16,15,16,16,15,15,16,16,15,16,15,16,15,15,15,16,16,16,15,15,15,16,15,15,15,15,15,15,15,15,15,15,15,15,15,15,15,15,15,15,15,15,15,15,15,15,15,15,15,15,14,14,14,14,13,13,7,8,6,9,8,4,5,9,9,10,9,10,12,10,7,6,4,5,4,4,5,4,6,8,10,12,12,14,15,17,18,20,21,22,24,27,30,31,31,31,31,31,31,31,31,31,31,31,31,31,31,31,31,31,31,31,31,31,31,31,31,31,31,31,31,31,31,31,31,31,31,31,30,30,28,27,26,25,23,20,18,16,13,11,8,5,4,3,3,4,2,0,0,0,0,0,0,0,0,0,0,0,1,2,3,4,4,4,3,3,2,2,2,2,2,2,2,1,2,3,3,4,4,3,2,2,2,1,1,1,2,2,3,4,5,6,7,7,8,9,10,11,12,13,14,15,16,17,17,17,17,17,16,16,16,16,15,16,16,16,16,17,17,17,17,17,17,17,17,17,17,18,18,18,19,19,19,19,19,19,18,18,18,18,18,17,17,17,17,16,16,16,16,16,16,16,16,17,17,17,17,18,18,18,18,18,19,19,19,19,19,19,18,18,18,18,18,18,18,18,18,17,17,17,17,17,17,18,18,18,18,18,18,18,18,18,18,18,18,18,18,18,18,18,18,18,17,17,17,17,17,17,17,17,17,17,17,17,17,17,17,17,17,17,18,18,18,18,18,18,18,18,18,18,18,18,18,18,18,18,18,18,18,18,18,18,18,18,18,18,18,18,18,18,18,18,18,18,18,18,18,18,18,18,17,17,17,17,17,17,17,17,17,17,17,17,17,17,17,17,17,17,17,17,17,17,17,17,17,18,18,18,18,18,18,18,18,18,18,18,18,18,18,17,17,17,17,17,17,17,17,17,17,17,17,17,17,17,17,17,17,17,17,17,17,17,17,17,17,17,17,18,18,18,18,18,18,18,18,18,18,18,18,18,18,18,18,18,18,18,17,17,17,17,17,17,17,17,17,17,17,17,17,17,17,17,17,17,17,17,17,17,17,17,17,17,17,17,17,17,17,17,17,17,17,17,17,17,17,17,17,17,17,17,17,17,17,17,17,17,17,17,17,17,17,16,16,16,16,16,16,16,16,16,16,16,16,16,16,16,16,16,16,16,16,16,16,16,16,16,16,16,16,16,16,16,16,16,16,16,16,16,16,16,16,16,16,16,16,16,16,16,15,15,15,15,15,15,15,15,15,15,15,15,15,15,15,15,15,15,15,15,15,15,15,15,15,15,15,15,15,15,15,15,15,15,15,15,15,15,15,15,15,15,15,15,15,15,15,15,15,15,15,15,15,15,15,15,15,15,15,15,15,15,15,15,15,15,15,15,15,15,15,15,15,15,15,15,15,15,15,15,15,15,15,15,15,15,15,15,15,15,15,15,15,15,15,15,15,15,15,15,15,15,15,15,15,15,15,15,15,15,15,15,15,15,15,15,15,15,15,15,15,15,15,15,15,15,15,15,15,15,15,15,15,15,15,15,15,15,15,15,15,15,15,15,15,15,15,15,15,15,15,15,15,15,15,15,15,15,15,15,15,15,15,15,15,15,15,15,15,15,15,15,15,15,15,15,14,15,15,15,15,15,15,15,15,15,15,15,15,15,15,15,15,15,15,15,15,15,15,15,15,15,15,15,15,15,15,15,15,15,15,15,15,15,15,15,15,15,15,15,15,15,15,15,15,15,15,15,15,15,15,15,15,15,15,15,15,15,15,15,15,15,15,15,15,15,15,15,15,15,15,15,15,15,15,15,15,15,15,15,15,15,15,15,15,15,15,15,15,15,15,15,15,15,15,15,15,15,15,15,15,15,15,15,15,15,15,15,15,15,15,15,15,15,15,15,15,15,15,15,15,15,15,15,15,15,15,15,15,15,15,15,15,15,15,15,15,15,15,15,15,15,15,15,15,15,15,15,15,15,15,15,15,15,15,15,15,15,15,15,15,15,15,15,15,15,15,15,15,15,15,15,15,15,15,15,15,15,15,15,15,15,15,15,15,15,15,15,15,15,15,15,15,15,15,15,15,15,15,15,15,15,15,15,15,15,15,15,15,15,15,15,15,15,15,15,15,15,15,15,15,15,15,15,15,15,15,15,15,15,15,15,15,15,15,15,15,15,15,15,15,15,15,15,15,15,15,15,15,15,15,15,15,15,15,15,15,15,15,15,15,15,15,15,15,15,15,15,15,15,15,15,15,15,16,16,16,16,16,16,16,16,16,16,16,16,16,16,16,16,16,16,16,16,16,16,16,16,16,16,16,16,16,16,16,16,16,16,16,16,16,16,16,16,16,16,16,16,16,16,16,16,16,16,16,16,16,16,16,16,16,16,16,16,16,16,16,16,16,16,16,16,16,16,16,16,16,16,16,16,16,16,16,16,16,16,16,16,16,16,16,16,16,16,16,16,16,16,16,16,16,16,16,16,16,16,16,16,16,16,16,16,16,16,16,16,16,16,16,16,16,16,16,16,16,16,16,16,16,16,16,16,16,16,16,16,16,16,16,16,16,16,16,16,16,16,16,16,16,16,16,16,16,16,16,16,16,16,16,16,16,16,16,16,16,16,16,16,16,16,16,16,16,16,16,16,16,16,16,16,16,16,16,16,16,16,16,16,16,16,16,16,16,16,16,16,16,16,16,16,16,16,16,16,16,16,16,16,16,16,16,16,16,16,16,16,16,16,16,16,16,16,16,16,16,16,16,16,16,16,16,16,16,16,16,16,16,16,16,16,16,16,16,16,16,16,16,16,16,16,16,16,16,16,16,16,16,16,16,16,16,16,16,16,16,16,16,16,16,16,16,16,16,16,16,16,16,16,16,16,16,16,16,16,16,16,16,16,16,16,16,16,16,16,16,16,16,16,16,16,16,16,16,16,16,16,16,16,16,16,16,16,16,16,16,16,16,16,16,16,16,16,16,16,16,16,16,16,16,16,16,16,16,16,16,16,16,16,16,16,16,16,15,16,15,15,15,15,15,15,15,15,15,15,15,15,15,15,15,15,15,15,15,15,15,15,15,15,15,15,15,15,15,15,15,15,15,15,15,15,15,15,15,15,15,15,15,15,15,15,15,15,15,15,15,15,15,15,15,15,15,15,15,15,15,15,15,15,15,15,15,15,15,15,15,15,15,15,15,15,15,15,15,15,15,15,15,15,15,15,15,15,15,15,15,15,15,15,15,15,15,15,15,15,15,15,15,15,15,15,15,15,15,15,15,15,15,15,15,15,15,15,15,15,15,15,15,15,15,15,15,15,15,15,15,15,15,15,15,15,15,15,15,15,15,15,15,15,15,15,15,15,15,15,15,15,15,15,15,15,15,15,15,15,15,15,15,15,15,15,15,15,15,15,15,15,15,15,15,15,15,15,15,15,15,15,15,15,15,15,15,15,15,15,15,15,15,15,15,15,15,15,15,15,15,15,15,15,15,15,15,15,15,15,15,15,15,15,15,15,15,15,15,15,15,15,15,15,15,15,15,15,15,15,15,15,15,15,15,15,15,15,15,15,15,15,15,15,15,15,15,15,15,15,15,15,15,15,15,15,15,15,15,15,15,15,15,15,15,15,15,15,15,15,15,15,15,15,15,15,15,15,15,15,15,15,15,15,15,15,15,15,15,15,15,15,15,15,15,15,15,15,15,15,15,15,15,15,15,15,15,15,15,15,15,15,15,15,15,15,15,15,15,15,15,15,15,15,15,15,15,15,15,15,15,15,15,15,15,15,15,15,15,15,15,15,15,15,15,15,15,15,15,15,15,15,15,15,15,15,15,15,15,15,15,15,15,15,15,15,15,15,15,15,15,15,15,15,15,15,15,15,15,15,15,15,15,15,15,15,15,15,15,15,15,15,15,15,15,15,15,15,15,15,15,15,15,15,15,15,15,15,15,15,15,15,15,15,15,15,15,15,15,15,15,15,15,15,15,15,15,15,15,15,15,15,15,15,15,15,15,15,15,15,15,15,15,15,15,15,15,15,15,15,15,15,15,15,15,15,15,15,15,15,15,15,15,15,15,15,15,15,15,15,15,15,15,15,15,15,15,15,15,15,15,15,15,15,15,15,15,15,15,15,15,15,15,15,15,15,15,15,15,15,15,15,15,15,15,15,15,15,15,15,15,15,15,15,15,15,15,15,15,15,15,15,15,15,15,15,15,15,15,15,15,15,15,15,15,15,15,15,15,15,15,15,15,15,15,15,15,15,15,15,15,15,15,15,15,15,15,15,15,15,15,15,15,15,15,15,15,15,15,15,15,15,15,15,15,15,15,15,15,15,15,15,15,15,15,15,15,15,15,15,15,15,15,15,15,15,15,15,15,15,15,15,15,15,15,15,15,15,15,15,15,15,15,15,15,15,15,15,15,15,15,15,15,15,15,15,15,15,15,15,15,15,15,15,15,15,15,15,15,15,15,15,15,15,15,15,15,15,15,15,15,15,15,15,15,15,15,15,15,15,15,15,15,15,15,15,15,15,15,15,15,15,15,15,15,15,15,15,15,15,15,15,15,15,15,15,15,15,15,15,15,15,15,15,15,15,15,15,15,15,15,15,15,15,15,15,15,15,15,15,15,15,15,15,15,15,15,15,15,15,15,15,15,15,15,15,15,15,15,15,15,15,15,15,15,15,15,15,15,15,15,15,15,15,15,15,15,15,15,15,15,15,15,16,15,15,15,15,15,15,15,15,15,15,15,15,15,15,15,15,15,15,15,15,15,15,15,15,15,15,15,15,15,15,15,15,15,15,15,15,15,15,15,15,15,15,15,15,15,15,15,15,15,15,15,15,15,15,15,15,15,15,15,15,15,15,15,15,15,15,15,15,15,15,15,15,15,15,15,15,15,15,15,15,15,15,15,15,15,15,15,15,15,15,15,15,15,15,15,15,15,15,15,15,15,15,15,15,15,15,15,15,15,15,16,16,15,15,15,15,16,16,15,16,16,16,15,15,15,15,15,16,16,16,16,15,15,16,16,16,16,16,16,16,16,16,16,16,16,16,16,16,16,16,16,16,16,16,16,16,16,16,16,16,16,16,16,16,16,16,16,16,16,16,16,16,16,16,16,16,16,16,16,16,16,16,16,16,16,16};

const unsigned short SmallLetterA[] = {
 0xF7BE, 0xE71C, 0xFFDF, 0xFFDF, 0xFFDF, 0xFFFF, 0xFFFF, 0xFFFF, 0xFFFF, 0xFFFF, 0xAD75, 0x630C, 0x8C51, 0x8C51, 0x8C71, 0xA534,
 0xF7BE, 0xFFFF, 0xFFFF, 0xFFFF, 0xA514, 0x0861, 0x0000, 0x0020, 0x0000, 0x0861, 0x9CF3, 0xFFFF, 0xFFFF, 0xFFFF, 0xE71C, 0x73AE,
 0xA514, 0x7BCF, 0x9492, 0x9CD3, 0x8430, 0xFFFF, 0xFFFF, 0xFFFF, 0xA534, 0x4228, 0x7BEF, 0x7BEF, 0x9CF3, 0xA534, 0xAD75, 0xFFFF,
 0xFFFF, 0xFFFF, 0xA514, 0x10A2, 0x3186, 0xD69A, 0x4A49, 0x39E7, 0xE71C, 0xFFFF, 0xFFFF, 0xFFFF, 0xF79E, 0xBDF7, 0xDEFB, 0xFFFF,
 0xE71C, 0xE71C, 0xFFFF, 0xFFFF, 0xFFFF, 0xFFFF,
};

const unsigned short SmallLetterAcap[] = {
 0xD6BA, 0xF7BE, 0xFFFF, 0xFFFF, 0xFFFF, 0xFFFF, 0xFFFF, 0xFFFF, 0xFFFF, 0xFFFF, 0x9492, 0x8410, 0xD6BA, 0xFFDF, 0xFFFF, 0xFFFF,
 0xFFFF, 0xFFFF, 0xFFFF, 0xFFFF, 0x8430, 0x0841, 0x2965, 0x8430, 0xD6BA, 0xFFDF, 0xFFFF, 0xFFFF, 0xFFFF, 0xFFFF, 0x94B3, 0x4228,
 0x18C3, 0x0000, 0x18E3, 0x5ACB, 0xC618, 0xF79E, 0xFFFF, 0xFFFF, 0xDEDB, 0xEF7D, 0xAD75, 0x4A49, 0x18C3, 0x0020, 0x10A2, 0x630C,
 0xBDF7, 0xFFFF, 0xFFFF, 0xFFFF, 0xDEDB, 0xCE59, 0xD6BA, 0x8410, 0x10A2, 0x52AA, 0xB596, 0xFFDF, 0xF79E, 0xFFFF, 0xDEDB, 0xBDF8,
 0xBDF8, 0x9492, 0xAD75, 0xEF7D, 0xFFFF, 0xFFFF, 0xC618, 0xE73C, 0xBDD7, 0x8431, 0xB5B6, 0xEF5D, 0xFFFF, 0xFFFF, 0xFFFF, 0xFFFF,
 0x8C71, 0x8410, 0xCE59, 0xF7BE, 0xFFFF, 0xFFFF, 0xFFFF, 0xFFFF, 0xFFFF, 0xFFFF, 0xC638, 0xEF7D, 0xFFFF, 0xFFFF, 0xFFFF, 0xFFFF,
 0xFFFF, 0xFFFF, 0xFFFF, 0xFFFF,
};

const unsigned short SmallLetterBcap[] = {
 0xFFFF, 0xF79E, 0xCE79, 0xD6BA, 0xFFDF, 0xFFFF, 0xF79E, 0xF7BE, 0xFFFF, 0xFFFF, 0xEF7D, 0x4A69, 0x0841, 0x10A2, 0xB596, 0xBDF7,
 0x4A29, 0x5ACB, 0xCE79, 0xFFFF, 0xBDD7, 0x1082, 0x2104, 0x18C3, 0x4A29, 0x4A69, 0x0000, 0x0000, 0x52AA, 0xFFDF, 0x9492, 0x94B2,
 0xDEFB, 0xCE79, 0x39E7, 0x4A29, 0xBDD7, 0x9CD3, 0x4A69, 0xEF7D, 0x9CF3, 0xEF7D, 0xFFFF, 0xFFFF, 0xA514, 0xB596, 0xFFDF, 0xFFDF,
 0xA4F4, 0xEF5D, 0x8C51, 0x4A69, 0x4A69, 0x4A69, 0x39E7, 0x4208, 0x4A69, 0x4A69, 0x5ACB, 0xEF5D, 0x8410, 0x1082, 0x1082, 0x1082,
 0x1082, 0x1082, 0x1082, 0x1082, 0x3186, 0xEF5D, 0xA514, 0xA514, 0xB596, 0xB596, 0xB5B6, 0xB596, 0xB596, 0xB576, 0x8C51, 0xEF5D,
 0xE71C, 0xFFFF, 0xFFFF, 0xFFFF, 0xFFFF, 0xFFFF, 0xFFFF, 0xFFFF, 0xF79E, 0xF79E,
};

const unsigned short SmallLetterC[] = {
 0xF7BE, 0xBDF7, 0xF79E, 0xFFFF, 0xB5B6, 0x94B2, 0xF79E, 0xFFFF, 0xFFFF, 0xFFFF, 0xBDD7, 0x94B2, 0xFFFF, 0xFFFF, 0x6B4D, 0x18C3,
 0xA514, 0xFFFF, 0xFFFF, 0xFFFF, 0x7BCF, 0x630C, 0xE73C, 0xFFFF, 0xEF7D, 0xCE39, 0x8C72, 0xFFFF, 0xFFFF, 0xFFFF, 0x9492, 0x1082,
 0x4A29, 0x8C72, 0xA514, 0x7BCF, 0xAD55, 0xFFFF, 0xFFFF, 0xFFFF, 0xEF5D, 0x52AB, 0x18C3, 0x1082, 0x20E4, 0x6B4D, 0xEF7E, 0xFFFF,
 0xFFFF, 0xFFFF, 0xFFFF, 0xF79E, 0xC638, 0xAD55, 0xCE7A, 0xF79E, 0xFFFF, 0xFFFF, 0xFFFF, 0xFFFF,
};

const unsigned short SmallLetterCcap[] = {
 0xFFFF, 0xDEDB, 0xC618, 0xFFFF, 0xFFFF, 0xFFFF, 0xDEFB, 0x8C51, 0x6B6D, 0xD6BA, 0xF79E, 0x9CD3, 0xDEFB, 0xFFFF, 0xFFFF, 0xFFFF,
 0xFFDF, 0xCE59, 0x5ACB, 0xE71C, 0xC659, 0xBDD7, 0xFFFF, 0xFFFF, 0xFFFF, 0xFFFF, 0xFFFF, 0xFFFF, 0xC618, 0xC638, 0xB596, 0xC618,
 0xFFFF, 0xFFFF, 0xFFFF, 0xFFFF, 0xFFFF, 0xFFFF, 0xDEFC, 0xA514, 0xB596, 0xA514, 0xFFDF, 0xFFFF, 0xFFFF, 0xFFFF, 0xFFFF, 0xFFFF,
 0xAD55, 0x9CF4, 0xCE79, 0x39A7, 0x9CD3, 0xE71C, 0xF79E, 0xF79E, 0xE73C, 0xA514, 0x31A6, 0xCE79, 0xF7BE, 0x632C, 0x0841, 0x10A2,
 0x31A6, 0x39A7, 0x18C3, 0x1082, 0x6B6E, 0xF7BE, 0xFFFF, 0xDEDB, 0x5AEB, 0x0861, 0x0000, 0x0000, 0x10A2, 0x738E, 0xE73C, 0xFFFF,
 0xFFFF, 0xFFFF, 0xF7BE, 0xC639, 0x9CF4, 0xA514, 0xD69A, 0xFFDF, 0xFFFF, 0xFFFF,
};

const unsigned short SmallLetterE[] = {
 0xFFDF, 0xD6BA, 0xEF7D, 0xD69A, 0xA514, 0xDEFB, 0xFFFF, 0xFFFF, 0xFFFF, 0xFFFF, 0xCE59, 0xA534, 0xF7BE, 0xAD55, 0x18C3, 0x4208,
 0xDEFB, 0xFFFF, 0xFFFF, 0xFFFF, 0x738E, 0x9CF3, 0xFFDF, 0xC5F8, 0xC618, 0xBDD7, 0xA514, 0xFFFF, 0xFFFF, 0xFFFF, 0x6B6D, 0x3186,
 0x9CD3, 0x9CF3, 0xBDD7, 0xA514, 0xAD55, 0xFFFF, 0xFFFF, 0xFFFF, 0xCE59, 0x2945, 0x0861, 0x0841, 0x10A2, 0x52AA, 0xEF5D, 0xFFFF,
 0xFFFF, 0xFFFF, 0xFFFF, 0xCE79, 0x9492, 0x7BEF, 0xA535, 0xE73C, 0xFFFF, 0xFFFF, 0xFFFF, 0xFFFF,
};

const unsigned short SmallLetterEcap[] = {
 0xE73C, 0xCE59, 0xD6BA, 0xFFDF, 0xFFFF, 0xFFFF, 0xFFDF, 0xF7BE, 0xFFDF, 0xFFFF, 0x8410, 0x6B4D, 0xCE59, 0xFFDF, 0xFFFF, 0xFFFF,
 0xD6BB, 0x8410, 0x8C51, 0xF7BE, 0x8410, 0xDEFB, 0xFFDF, 0xF79E, 0xEF7D, 0xEF7D, 0xF79E, 0xD69A, 0x6B4D, 0xF79E, 0x9CD3, 0xFFDF,
 0xDEFC, 0x9492, 0x4228, 0x6B6D, 0xC618, 0xF79E, 0xA535, 0xF79E, 0x94B3, 0xEF5D, 0xF79E, 0xEF5D, 0x73AE, 0xCE59, 0xF79E, 0xEF5D,
 0xAD76, 0xF79E, 0x738E, 0x3186, 0x31A6, 0x31A6, 0x2124, 0x3186, 0x31A6, 0x3186, 0x5ACB, 0xF79E, 0x6B6D, 0x0861, 0x0861, 0x0861,
 0x0861, 0x0861, 0x0861, 0x0861, 0x4229, 0xF79E, 0xA514, 0xC618, 0xC638, 0xC639, 0xC638, 0xC638, 0xC639, 0xC638, 0xAD55, 0xF79E,
 0xE71C, 0xFFFF, 0xFFFF, 0xFFFF, 0xFFFF, 0xFFFF, 0xFFFF, 0xFFFF, 0xF79E, 0xF7BE,
};

const unsigned short SmallLetterG[] = {
 0xFFDF, 0xBDF7, 0xA4F4, 0xEF5D, 0xFFFF, 0xFFFF, 0xF79E, 0xF79E, 0xC618, 0xF7BE, 0xD69A, 0x5ACB, 0x18E4, 0x7BEF, 0xFFFF, 0xD69A,
 0x62EC, 0x630C, 0x5ACB, 0xEF7D, 0xA514, 0xE71C, 0x52AA, 0x4A49, 0xE71C, 0x630C, 0x4228, 0x39E8, 0x4229, 0xE73D, 0xA514, 0xEF7D,
 0x630C, 0x4A49, 0xD67A, 0x9CD3, 0xEF5D, 0xE73D, 0xB576, 0xDEDB, 0x9492, 0xDEFB, 0x52AA, 0x39C7, 0xAD55, 0x528A, 0x8C51, 0x8C51,
 0x632D, 0xDEDB, 0xB5B6, 0x528A, 0x5AEB, 0x2104, 0x8410, 0x8C71, 0x10A2, 0x10A2, 0x73AF, 0xFFDF, 0xF79E, 0xC618, 0xEF5D, 0xDEDB,
 0xF7BE, 0xF7BE, 0xC5F8, 0xBDF7, 0xEF7D, 0xFFFF,
};

const unsigned short SmallLetterI[] = {
 0xD69A, 0xEF7D, 0xEF7D, 0xEF7D, 0xEF7D, 0xEF7D, 0xFFDF, 0xF7BE, 0xF79E, 0xFFFF, 0x8410, 0x2965, 0x3166, 0x2966, 0x3166, 0x31A6,
 0xB596, 0x7BCF, 0x4208, 0xE71C, 0x8430, 0x3186, 0x31A7, 0x31A6, 0x39C7, 0x31A7, 0xAD55, 0x7BEF, 0x4228, 0xE71C, 0xCE79, 0xEF5D,
 0xEF7D, 0xEF5D, 0xEF7D, 0xE71C, 0xDEFC, 0xF79E, 0xEF7D, 0xFFFF,
};

const unsigned short SmallLetterK[] = {
 0xBDF8, 0xE73C, 0xFFFF, 0xFFFF, 0xFFFF, 0xFFFF, 0xF79E, 0xFFFF, 0xFFFF, 0xFFFF, 0x9492, 0x39C7, 0xAD75, 0xFFDF, 0xFFFF, 0xCE7A,
 0xAD76, 0xFFFF, 0xFFFF, 0xFFFF, 0x9CF4, 0x2945, 0x1082, 0x6B4D, 0xC618, 0x8430, 0xAD55, 0xFFFF, 0xFFFF, 0xFFFF, 0xEF5D, 0xDEDB,
 0x7BCF, 0x18E3, 0x9CD3, 0xF79E, 0xEF7E, 0xFFFF, 0xFFFF, 0xFFFF, 0x9CB3, 0x52AA, 0x52AA, 0x2965, 0x5ACB, 0x5ACB, 0x5ACB, 0x5ACB,
 0x6B6D, 0xE73C, 0x9492, 0x18C3, 0x18C3, 0x18C3, 0x18C3, 0x18C3, 0x18C3, 0x18C3, 0x2966, 0xDEDB, 0xD69A, 0xEF7D, 0xF79E, 0xF79E,
 0xF79E, 0xF79E, 0xF79E, 0xF79E, 0xDEFC, 0xEF7D,
};

const unsigned short SmallLetterL[] = {
 0xE71C, 0xFFDF, 0xFFFF, 0xFFFF, 0xFFFF, 0xFFFF, 0xFFFF, 0xFFFF, 0xFFFF, 0xFFFF, 0x8C71, 0x4A49, 0x4A69, 0x4A69, 0x4A69, 0x4A69,
 0x4A69, 0x4A69, 0x630C, 0xEF5D, 0x8C71, 0x4208, 0x4208, 0x4208, 0x4208, 0x4208, 0x4208, 0x4208, 0x4A6A, 0xE71C, 0xDEFB, 0xF7BE,
 0xFFDF, 0xFFDF, 0xFFDF, 0xFFDF, 0xFFDF, 0xFFDF, 0xEF5D, 0xF79E,
};

const unsigned short SmallLetterM[] = {
 0xE73C, 0xF7BE, 0xFFDF, 0xFFDF, 0xFFDF, 0xFFFF, 0xFFFF, 0xFFFF, 0xFFFF, 0xFFFF, 0x9492, 0x4A69, 0x528A, 0x528A, 0x528A, 0x6B6E,
 0xE71C, 0xFFFF, 0xFFFF, 0xFFFF, 0x8C71, 0x18E3, 0x18C3, 0x18C3, 0x18E3, 0x10A2, 0x8C51, 0xFFFF, 0xFFFF, 0xFFFF, 0xC618, 0xDEFB,
 0xE73C, 0xE73C, 0xE73C, 0xA514, 0x9CD3, 0xFFFF, 0xFFFF, 0xFFFF, 0xA535, 0x9CF3, 0xA534, 0xA534, 0xA514, 0x7BCF, 0xEF5D, 0xFFFF,
 0xFFFF, 0xFFFF, 0x8431, 0x0020, 0x0020, 0x0000, 0x0020, 0x1082, 0xA534, 0xFFFF, 0xFFFF, 0xFFFF, 0xAD75, 0xAD75, 0xB5B6, 0xB5B6,
 0xB5B6, 0x7BEF, 0x8C71, 0xFFFF, 0xFFFF, 0xFFFF, 0xBDF8, 0xD69A, 0xDEDB, 0xDEDB, 0xD6BA, 0x9492, 0xCE79, 0xFFFF, 0xFFFF, 0xFFFF,
 0x8C51, 0x2104, 0x2124, 0x2125, 0x2104, 0x10A3, 0xAD76, 0xFFFF, 0xFFFF, 0xFFFF, 0x9492, 0x5ACB, 0x5AEB, 0x5AEB, 0x630C, 0x5ACB,
 0xAD75, 0xFFFF, 0xFFFF, 0xFFFF, 0xE73C, 0xF7BE, 0xFFDF, 0xFFDF, 0xFFDF, 0xF7BE, 0xEF5D, 0xFFFF, 0xFFFF, 0xFFFF,
};

const unsigned short SmallLetterN[] = {
 0xE73C, 0xF79E, 0xF7BE, 0xF7BE, 0xF7BE, 0xFFDF, 0xFFFF, 0xFFFF, 0xFFFF, 0xFFFF, 0xB596, 0x4A29, 0x52AA, 0x52AA, 0x528A, 0x632C,
 0xD69A, 0xFFFF, 0xFFFF, 0xFFFF, 0xB596, 0x31A7, 0x39E7, 0x39C7, 0x39C7, 0x2125, 0x6B4D, 0xFFDF, 0xFFFF, 0xFFFF, 0xD6BA, 0xE73C,
 0xEF7D, 0xEF7D, 0xEF7D, 0xBDF7, 0x9CD3, 0xFFFF, 0xFFFF, 0xFFFF, 0xB5B6, 0x4A49, 0x4A69, 0x4A69, 0x4A69, 0x2945, 0x94B2, 0xFFFF,
 0xFFFF, 0xFFFF, 0xB596, 0x39C7, 0x39E7, 0x39E7, 0x39E7, 0x39C7, 0x7BCF, 0xFFFF, 0xFFFF, 0xFFFF, 0xDEFB, 0xEF5D, 0xF79E, 0xEF7D,
 0xEF7D, 0xEF7D, 0xD6BA, 0xFFFF, 0xFFFF, 0xFFFF,
};

const unsigned short SmallLetterO[] = {
 0xFFFF, 0xE71C, 0xA4F4, 0x73AE, 0x9492, 0xD6BA, 0xFFFF, 0xFFFF, 0xFFFF, 0xFFFF, 0xE71C, 0x39C7, 0x1082, 0x1082, 0x1082, 0x2945,
 0xC639, 0xFFFF, 0xFFFF, 0xFFFF, 0x9CD3, 0xA514, 0xCE59, 0xD69A, 0xD69A, 0xB5B6, 0x9472, 0xFFDF, 0xFFFF, 0xFFFF, 0x9CF3, 0x8C71,
 0xBDD7, 0xBDF7, 0xBDD7, 0x9CD3, 0x8C51, 0xFFFF, 0xFFFF, 0xFFFF, 0xEF5D, 0x4228, 0x1082, 0x0861, 0x0861, 0x3186, 0xCE7A, 0xFFFF,
 0xFFFF, 0xFFFF, 0xFFFF, 0xEF7D, 0xB596, 0x8C71, 0xAD35, 0xE71C, 0xFFFF, 0xFFFF, 0xFFFF, 0xFFFF,
};

const unsigned short SmallLetterOAcc[] = {
 0xFFFF, 0xC618, 0x6B6D, 0x4A69, 0x7BCF, 0xD6BA, 0xFFFF, 0xFFFF, 0xFFFF, 0xFFFF, 0xB596, 0x3186, 0x7BCF, 0x8C51, 0x6B6D, 0x2965,
 0xDEDB, 0xFFFF, 0xFFDF, 0xAD55, 0x738E, 0xFFDF, 0xFFFF, 0xFFFF, 0xFFFF, 0xE73C, 0x8410, 0xE73C, 0x5ACB, 0xA534, 0x738E, 0xFFDF,
 0xFFFF, 0xFFFF, 0xFFFF, 0xE73C, 0x8410, 0xD69A, 0xF79E, 0xFFFF, 0xB596, 0x31A6, 0x7BCF, 0x8C51, 0x6B6D, 0x2965, 0xDEDB, 0xFFFF,
 0xFFFF, 0xFFFF, 0xFFFF, 0xC617, 0x632C, 0x4A69, 0x73AE, 0xD6BA, 0xFFFF, 0xFFFF, 0xFFFF, 0xFFFF,
};

const unsigned short SmallLetterP[] = {
 0xFFFF, 0xFFFF, 0xFFFF, 0xFFFF, 0xEF7D, 0xD6BA, 0xCE59, 0xE71C, 0xF7BE, 0xFFFF, 0xFFFF, 0xFFFF, 0xFFFF, 0xCE79, 0x31A6, 0x0841,
 0x0020, 0x10A2, 0x6B4D, 0xEF7D, 0xFFFF, 0xFFFF, 0xFFFF, 0x5AEB, 0x5ACB, 0x7BEF, 0x7BEF, 0x6B6D, 0x2945, 0xAD55, 0xEF5D, 0xFFDF,
 0xFFFF, 0x8410, 0xE73C, 0xFFFF, 0xFFFF, 0xF7BE, 0xA534, 0xBDD7, 0xB596, 0x5ACB, 0x630C, 0x4A49, 0x4208, 0x5AEC, 0x5AEB, 0x52AA,
 0x39C7, 0xD69A, 0xAD55, 0x18C3, 0x18C3, 0x18C3, 0x18C3, 0x18C3, 0x18E3, 0x18C3, 0x18C3, 0xC5F8, 0xD6BB, 0xE73C, 0xEF5D, 0xEF5D,
 0xEF5D, 0xEF5D, 0xEF5D, 0xEF5D, 0xDEDB, 0xE71C,
};

const unsigned short SmallLetterQ[] = {
 0xDEDB, 0xEF7D, 0xF79E, 0xF79E, 0xF79E, 0xF79E, 0xF79E, 0xF79E, 0xF79E, 0xFFDF, 0xB596, 0x3186, 0x39C7, 0x39C7, 0x39C7, 0x39C7,
 0x39C7, 0x39C7, 0x4229, 0xCE59, 0xB596, 0x4229, 0x4A69, 0x39E7, 0x3186, 0x4A69, 0x4A69, 0x4A49, 0x4208, 0xDEDB, 0xDEDB, 0xEF7D,
 0xF7BE, 0x9492, 0xD69A, 0xF7BE, 0xF7BE, 0xF79E, 0xCE59, 0xB5B7, 0xFFFF, 0xFFFF, 0xFFFF, 0x52AA, 0x7BEF, 0xB596, 0xBDF7, 0xAD55,
 0x738E, 0xBDB7, 0xFFFF, 0xFFFF, 0xFFFF, 0xAD55, 0x1082, 0x0841, 0x0861, 0x10A2, 0x6B4D, 0xF79E, 0xFFFF, 0xFFFF, 0xFFFF, 0xFFDF,
 0xCE59, 0xA4F4, 0x9CD3, 0xC638, 0xF7BE, 0xFFFF,
};

const unsigned short SmallLetterR[] = {
 0xFFFF, 0xFFFF, 0xFFFF, 0xFFFF, 0xF7BE, 0xC5F8, 0xDEDB, 0xFFFF, 0xFFFF, 0xFFFF, 0xFFFF, 0xFFFF, 0xFFFF, 0xFFFF, 0xDEFB, 0x39E7,
 0x7BEF, 0xFFFF, 0xFFFF, 0xFFFF, 0xDEDB, 0xF79E, 0xFFDF, 0xF7BE, 0xDEFB, 0x7BEF, 0xD69A, 0xFFFF, 0xFFFF, 0xFFFF, 0xA514, 0x2966,
 0x39E7, 0x31A6, 0x18C3, 0x2124, 0x9CF3, 0xFFFF, 0xFFFF, 0xFFFF, 0xA535, 0x4228, 0x4A49, 0x4A49, 0x4A49, 0x4228, 0x8C71, 0xFFFF,
 0xFFFF, 0xFFFF, 0xE71C, 0xF79E, 0xF7BE, 0xF7BE, 0xF7BE, 0xF79E, 0xE73C, 0xFFFF, 0xFFFF, 0xFFFF,
};

const unsigned short SmallLetterScap[] = {
 0xFFFF, 0xEF7D, 0xBDF8, 0xC618, 0xF79E, 0xFFFF, 0xFFDF, 0xF7BE, 0xF7BE, 0xFFFF, 0xE73C, 0x4228, 0x10A2, 0x0841, 0x5AEB, 0xE73C,
 0xDEFB, 0x8410, 0x6B4E, 0xEF7D, 0x9CD3, 0xC618, 0xD69A, 0x39C7, 0x0020, 0x73AE, 0xFFDF, 0xEF5D, 0x8C72, 0xEF3D, 0x9CD3, 0xF7BE,
 0xFFFF, 0xA534, 0x0020, 0x2104, 0xDEFB, 0xFFFF, 0xCE59, 0xCE79, 0xA514, 0xE71C, 0xFFFF, 0xF79E, 0x4208, 0x0020, 0x6B6D, 0xEF5D,
 0xAD55, 0xCE79, 0xCE39, 0x5ACB, 0xCE79, 0xF7BE, 0xC618, 0x3186, 0x0020, 0x4208, 0x6B2D, 0xF79E, 0xD69A, 0x94B2, 0xA514, 0xE71C,
 0xFFFF, 0xDEFB, 0x9CD3, 0xAD75, 0xEF7D, 0xFFFF,
};

const unsigned short SmallLetterT[] = {
 0xF7BE, 0xD6BA, 0xFFDF, 0xFFFF, 0xFFFF, 0xEF5D, 0xCE79, 0xFFFF, 0xFFFF, 0xFFFF, 0xB5B6, 0xA514, 0xE73C, 0xE73C, 0xE73C, 0xBDF7,
 0x8C71, 0xEF5D, 0xEF7E, 0xFFFF, 0x9CD3, 0x1082, 0x18C3, 0x10A2, 0x18C3, 0x10A2, 0x1082, 0x5AEC, 0xD6BA, 0xFFFF, 0xEF5D, 0x8410,
 0x632C, 0x632C, 0x632C, 0x5ACB, 0x5AEB, 0xEF7D, 0xFFFF, 0xFFFF, 0xFFFF, 0xFFFF, 0xFFFF, 0xFFFF, 0xFFFF, 0xF79E, 0xDEFB, 0xFFFF,
 0xFFFF, 0xFFFF,
};

const unsigned short SmallLetterU[] = {
 0xDEFB, 0xE71C, 0xE73C, 0xE73C, 0xE73C, 0xE73C, 0xF79E, 0xFFFF, 0xFFFF, 0xFFFF, 0xB596, 0x2945, 0x2965, 0x2965, 0x2965, 0x2965,
 0x9492, 0xFFFF, 0xFFFF, 0xFFFF, 0xC638, 0x3186, 0x528A, 0x5AEB, 0x5AEB, 0x52AA, 0x8C71, 0xFFFF, 0xFFFF, 0xFFFF, 0xC638, 0x9CD3,
 0xEF7D, 0xEF7D, 0xEF7D, 0xEF7D, 0xEF5D, 0xFFFF, 0xFFFF, 0xFFFF, 0x9CD3, 0x2124, 0x4208, 0x4208, 0x4208, 0x4208, 0x9CF3, 0xFFFF,
 0xFFFF, 0xFFFF, 0xE71C, 0x632C, 0x4228, 0x4228, 0x4208, 0x39E8, 0x8C51, 0xFFFF, 0xFFFF, 0xFFFF, 0xFFFF, 0xFFDF, 0xF79E, 0xF79E,
 0xF79E, 0xEF7D, 0xE71C, 0xFFFF, 0xFFFF, 0xFFFF,
};

const unsigned short SmallLetterY[] = {
 0xFFFF, 0xFFFF, 0xFFFF, 0xFFFF, 0xFFFF, 0xFFFF, 0xFFFF, 0xFFDF, 0xDEFB, 0xEF5D, 0xFFFF, 0xFFFF, 0xFFFF, 0xFFFF, 0xFFFF, 0xFFDF,
 0xD69A, 0xB596, 0x8410, 0xDEDB, 0xFFFF, 0xFFFF, 0xFFFF, 0xDEDB, 0x9492, 0x7BCF, 0xCE59, 0xEF5D, 0xEF7D, 0xF79E, 0xFFFF, 0xDEFB,
 0xB596, 0x5ACB, 0x0861, 0x18E3, 0x6B6D, 0xCE79, 0xE71C, 0xF77E, 0xC618, 0x9CD3, 0xEF5D, 0xEF7D, 0xAD55, 0x5AEB, 0x10A2, 0x1082,
 0x41E8, 0xD6BB, 0x9492, 0x2104, 0xB5B6, 0xFFFF, 0xFFFF, 0xFFDF, 0xD69A, 0x73AE, 0x39C7, 0xDEBB, 0xEF5D, 0xAD55, 0xE73C, 0xFFFF,
 0xFFFF, 0xFFFF, 0xFFFF, 0xF7BE, 0xCE79, 0xE73C,
};

const unsigned short SmallLetterZ[] = {
 0xEF5D, 0xC618, 0xDEDB, 0xFFFF, 0xFFFF, 0xE71C, 0xD6BA, 0xFFFF, 0xFFFF, 0xFFFF, 0xAD75, 0x9CF3, 0xF7BE, 0xEF7D, 0x8C51, 0x2124,
 0x9492, 0xFFFF, 0xFFFF, 0xFFFF, 0xBDD7, 0xDEFB, 0xB596, 0x39E7, 0x0841, 0x2965, 0xA534, 0xFFFF, 0xFFFF, 0xFFFF, 0xAD55, 0x3186,
 0x0861, 0x3186, 0xB596, 0xE71C, 0xBDF7, 0xFFFF, 0xFFFF, 0xFFFF, 0xA534, 0x2124, 0x8430, 0xEF5D, 0xF79E, 0x94B3, 0x9CD3, 0xFFFF,
 0xFFFF, 0xFFFF, 0xDEDB, 0xDEFB, 0xFFDF, 0xFFFF, 0xFFDF, 0xE71C, 0xF79E, 0xFFFF, 0xFFFF, 0xFFFF,
};

const unsigned short SmallLetterSpace[] = {
 0xFFFF, 0xFFFF, 0xFFFF, 0xFFFF, 0xFFFF, 0xFFFF, 0xFFFF, 0xFFFF, 0xFFFF, 0xFFFF, 0xFFFF, 0xFFFF, 0xFFFF, 0xFFFF, 0xFFFF, 0xFFFF,
 0xFFFF, 0xFFFF, 0xFFFF, 0xFFFF, 0xFFFF, 0xFFFF, 0xFFFF, 0xFFFF, 0xFFFF, 0xFFFF, 0xFFFF, 0xFFFF, 0xFFFF, 0xFFFF, 0xFFFF, 0xFFFF,
 0xFFFF, 0xFFFF, 0xFFFF, 0xFFFF, 0xFFFF, 0xFFFF, 0xFFFF, 0xFFFF, 0xFFFF, 0xFFFF, 0xFFFF, 0xFFFF, 0xFFFF, 0xFFFF, 0xFFFF, 0xFFFF,
 0xFFFF, 0xFFFF,
};

const unsigned short Messi[] = {
 0x0000, 0x0000, 0x0000, 0x0000, 0x0000, 0x0000, 0x0000, 0x0000, 0x0021, 0x52CF, 0x31A8, 0x0000, 0x0000, 0x0000, 0x0000, 0x0000,
 0x0000, 0x0000, 0x0000, 0x0000, 0x0000, 0x0000, 0x0000, 0x0000, 0x0000, 0x0000, 0x0000, 0x0000, 0x0000, 0x0000, 0x0000, 0x0000,
 0x0000, 0x0000, 0x0000, 0x0000, 0x0000, 0x0000, 0x0000, 0x0000, 0x0000, 0x0000, 0x0000, 0x0000, 0x0000, 0x0000, 0x0000, 0x0000,
 0x2988, 0x8CF9, 0x84DA, 0x2146, 0x0000, 0x0000, 0x0000, 0x0000, 0x0000, 0x0000, 0x0000, 0x0000, 0x0000, 0x0000, 0x0000, 0x0882,
 0x31C9, 0x4A8C, 0x426E, 0x29AA, 0x10A3, 0x0000, 0x0000, 0x0000, 0x0000, 0x0000, 0x0000, 0x0000, 0x0000, 0x0000, 0x0000, 0x0000,
 0x0000, 0x0000, 0x0000, 0x0000, 0x0000, 0x0000, 0x0000, 0x0000, 0x4A49, 0xCE3C, 0x8C97, 0x84D9, 0x2126, 0x0000, 0x0000, 0x0000,
 0x0000, 0x0000, 0x0000, 0x0000, 0x0000, 0x0000, 0x426C, 0x84D9, 0x74BA, 0x53B7, 0x853A, 0x6C58, 0x63B4, 0x0000, 0x0000, 0x0000,
 0x0020, 0x18E3, 0x2124, 0x0841, 0x0000, 0x0000, 0x0000, 0x0000, 0x0000, 0x0000, 0x0000, 0x0000, 0x0000, 0x0000, 0x0000, 0x0000,
 0x528A, 0xBD99, 0x7BB0, 0x7437, 0x7436, 0x2923, 0x0000, 0x0000, 0x0000, 0x0000, 0x0000, 0x0000, 0x0000, 0x0020, 0x84D9, 0x8D7A,
 0x959B, 0x4335, 0x6457, 0x7CB7, 0x7C74, 0x73F1, 0x4A6A, 0x3A28, 0x3A07, 0x2124, 0x1904, 0x4248, 0x2104, 0x0000, 0x0000, 0x0000,
 0x0000, 0x0000, 0x0000, 0x0000, 0x0000, 0x0000, 0x0000, 0x0000, 0x5AAC, 0xACF9, 0x6AEE, 0x31EA, 0x73F4, 0xBD72, 0x0020, 0x0000,
 0x0000, 0x0000, 0x0000, 0x0000, 0x2167, 0x4ACD, 0x5BB4, 0x5C15, 0x6415, 0x53F5, 0x6456, 0x6434, 0x6413, 0x5B71, 0x426B, 0x1904,
 0x0041, 0x0020, 0x0841, 0x2104, 0x4208, 0x10A2, 0x0000, 0x0000, 0x1061, 0x0000, 0x0000, 0x0000, 0x0000, 0x0000, 0x0000, 0x0000,
 0x4209, 0xCE3A, 0x524B, 0x0000, 0x5ACC, 0xF79C, 0x738D, 0x0000, 0x0000, 0x0020, 0x21A8, 0x4B71, 0x5C33, 0x4351, 0x4352, 0x53D4,
 0x5C36, 0x6477, 0x5436, 0x5C15, 0x5C36, 0x5BD2, 0x42CD, 0x2166, 0x0861, 0x0861, 0x1082, 0x0861, 0x0861, 0x3186, 0x18E3, 0x0000,
 0x20E2, 0x0861, 0x0000, 0x0000, 0x0000, 0x0000, 0x2903, 0x18C2, 0x41A4, 0xC552, 0x1082, 0x0000, 0x18C2, 0xCD91, 0xB4CE, 0x0000,
 0x10C4, 0x19AA, 0x19CB, 0x2AAF, 0x2AAF, 0x3B11, 0x5C15, 0x74D8, 0x8539, 0x7519, 0x6C97, 0x6C77, 0x6C77, 0x6477, 0x5C15, 0x5BD4,
 0x42F0, 0x1968, 0x0041, 0x0000, 0x0861, 0x0861, 0x2944, 0x0882, 0x18A1, 0x3164, 0x5269, 0x8C0F, 0xA46D, 0x4208, 0x5246, 0x2103,
 0x59A2, 0xAAE1, 0x7A20, 0x61C0, 0x8A40, 0xB3E7, 0xB3A4, 0x0882, 0x1927, 0x1947, 0x2A4D, 0x2A8E, 0x32AF, 0x5393, 0x6416, 0x851A,
 0x9DBB, 0x95BA, 0x6C75, 0x6435, 0x74B8, 0x6C98, 0x6C99, 0x6C99, 0x6458, 0x4332, 0x10E5, 0x0041, 0x0020, 0x0020, 0x10A2, 0x2985,
 0x1061, 0x5A88, 0xEF1B, 0xEF3B, 0xD56F, 0x73D3, 0x2103, 0x20E2, 0x6245, 0xC427, 0xBBC5, 0xBBA4, 0xBBA4, 0x94D0, 0xA44C, 0x18E5,
 0x1906, 0x2A0A, 0x2A2B, 0x328D, 0x328D, 0x3AAF, 0x5BF6, 0x955B, 0xADDC, 0x957A, 0x5B91, 0x328D, 0x84D7, 0x8D5A, 0x957A, 0x8D5A,
 0x7CD9, 0x5BF6, 0x1948, 0x0841, 0x0020, 0x0020, 0x1081, 0x39E7, 0x0000, 0x41E6, 0xA4D2, 0xE6FA, 0xD54F, 0x6B91, 0x20E2, 0x20E2,
 0x7BAD, 0xFFFE, 0xFFFE, 0xFFDD, 0xFFDD, 0xCEFA, 0x5AEC, 0x0883, 0x21A8, 0x322A, 0x326D, 0x3AAE, 0x1947, 0x2A0B, 0x3AF1, 0x84F9,
 0x9DBC, 0x8518, 0x7BF1, 0x1147, 0x7434, 0x9D9B, 0x9D9B, 0xA5BB, 0x957A, 0x6437, 0x1926, 0x0841, 0x0020, 0x0020, 0x0040, 0x31C7,
 0x0000, 0x0000, 0x0000, 0x5289, 0x8BAB, 0x41E9, 0x20C2, 0x20C2, 0x7B8C, 0xFFDD, 0xFFDD, 0xFFBC, 0xBDD5, 0xFFBD, 0x10A3, 0x1925,
 0x3A6B, 0x430F, 0x5BD4, 0x7436, 0x29C9, 0x3A6D, 0x4B11, 0x63F6, 0x9DBC, 0x7CB7, 0x3A09, 0x08A4, 0x63F3, 0xA5DB, 0xA5DB, 0xADFB,
 0x9DBB, 0x5BF5, 0x1126, 0x0861, 0x0020, 0x0020, 0x0020, 0x3186, 0x0000, 0x0000, 0x0000, 0x0000, 0x0000, 0x0000, 0x0841, 0x0841,
 0x61C1, 0xBB40, 0xC361, 0xBB62, 0x7243, 0xA322, 0x0883, 0x1988, 0x5330, 0x7456, 0x5372, 0x8C56, 0x326C, 0x322B, 0x5332, 0x8D1A,
 0x95BB, 0x8D38, 0x3A4C, 0x0907, 0x5BB4, 0xA5BB, 0xA5DB, 0xADDB, 0x9DBB, 0x6C77, 0x1968, 0x1082, 0x0841, 0x0020, 0x0840, 0x3A07,
 0x0000, 0x0000, 0x0000, 0x18C3, 0x3164, 0x1061, 0x1881, 0x1081, 0x61C1, 0xBB20, 0xBB00, 0xB2E0, 0x9AA0, 0x9280, 0x08A4, 0x1988,
 0x5B72, 0x5351, 0x42F0, 0x94B6, 0x324B, 0x1968, 0x4B11, 0x8D3A, 0x851A, 0x7CD9, 0x6436, 0x4311, 0x63F6, 0x9D9B, 0xA5DB, 0xA5DB,
 0xA5DB, 0x7497, 0x1926, 0x0861, 0x0882, 0x0840, 0x0841, 0x4207, 0x0000, 0x3144, 0x8C2F, 0xDE78, 0xCD2F, 0x736F, 0x20E3, 0x20E2,
 0x7BCD, 0xFFBC, 0xF73A, 0xE697, 0x8C2F, 0xBD52, 0x08A4, 0x1147, 0x42CF, 0x2A0B, 0x3A8D, 0x8454, 0x21A8, 0x1126, 0x7477, 0xA5BB,
 0xA5BB, 0xA5BB, 0x9D9B, 0x7478, 0x63F6, 0x9D7A, 0x9DBB, 0x9D9A, 0x9DBA, 0x5393, 0x08A3, 0x10A2, 0x0861, 0x0840, 0x10A2, 0x2944,
 0x0861, 0x6AEA, 0xEF1B, 0xEF1B, 0xD54E, 0x7BD3, 0x20E2, 0x20E2, 0x83CE, 0xFFDD, 0xFFDD, 0xEF3A, 0xE6FA, 0xF79C, 0x3A08, 0x1126,
 0x2A0B, 0x3A8E, 0x324C, 0x52B0, 0x1906, 0x08C5, 0x63D4, 0x8497, 0x6C36, 0x63F5, 0x4AEF, 0x21CA, 0x4B32, 0x8519, 0x957A, 0x959A,
 0x9559, 0x324D, 0x10C3, 0x0881, 0x1081, 0x1082, 0x2944, 0x18E3, 0x18A1, 0x5247, 0xCE37, 0xE6FA, 0xCD2E, 0x7BF2, 0x2103, 0x20E2,
 0x6A86, 0xCCAA, 0xCCAA, 0xBC29, 0x73AB, 0xB510, 0xC5D4, 0x29C7, 0x1925, 0x1925, 0x21C9, 0x428D, 0x1947, 0x1127, 0x322D, 0x4B12,
 0x6436, 0x6C14, 0x530F, 0x10C4, 0x2A0C, 0x6C37, 0x74B9, 0x7498, 0x5394, 0x1969, 0x0882, 0x0841, 0x0040, 0x18E3, 0x31A6, 0x0000,
 0x20C2, 0x0020, 0x0000, 0x2104, 0x41C5, 0x0861, 0x39E6, 0x2903, 0x59C1, 0xAB21, 0x9B03, 0x8AC4, 0x4A88, 0x536C, 0xB383, 0x1082,
 0x29A7, 0x29C8, 0x1946, 0x1146, 0x08E4, 0x1968, 0x2A2D, 0x4B73, 0x8D3A, 0x6C35, 0x4ACD, 0x0041, 0x21A9, 0x5BD5, 0x4B95, 0x4B74,
 0x4B11, 0x320A, 0x10C3, 0x18E3, 0x2145, 0x29A6, 0x0841, 0x0000, 0x1061, 0x0000, 0x0000, 0x0000, 0x0000, 0x0000, 0x0841, 0x1082,
 0x41C5, 0x5268, 0x0020, 0x0821, 0x322A, 0x5437, 0x6B6A, 0x0000, 0x0000, 0x0882, 0x29E9, 0x19C9, 0x1168, 0x21EA, 0x2A2D, 0x5BB5,
 0x84D9, 0x7497, 0x42CF, 0x0905, 0x324B, 0x6BF4, 0x63D4, 0x8495, 0xDEDA, 0x9471, 0x3208, 0x4A69, 0x5289, 0x1082, 0x0000, 0x0000,
 0x0000, 0x0000, 0x0000, 0x0000, 0x0000, 0x0000, 0x0000, 0x0000, 0x0000, 0x0000, 0x0000, 0x2126, 0x6BB3, 0x6436, 0x1B92, 0x0020,
 0x0000, 0x0000, 0x0020, 0x21A8, 0x42ED, 0x32AD, 0x2A4C, 0x5372, 0x7455, 0x6415, 0x63D2, 0x5B6F, 0x8CB2, 0xA514, 0xB596, 0xCE78,
 0xA554, 0x7451, 0x6BAE, 0x4A69, 0x0020, 0x0000, 0x0000, 0x0000, 0x0000, 0x0000, 0x0000, 0x0000, 0x0000, 0x0000, 0x0000, 0x0000,
 0x0000, 0x0000, 0x0000, 0x31A9, 0x7C55, 0x94F5, 0x1C36, 0x0926, 0x0000, 0x0000, 0x0000, 0x0000, 0x0000, 0x10E4, 0x4249, 0x52CC,
 0x52EF, 0x5310, 0x424B, 0x31C9, 0x6BD3, 0x632C, 0x4A69, 0x3186, 0x0861, 0x0000, 0x0020, 0x0000, 0x0000, 0x0000, 0x0000, 0x0000,
 0x0000, 0x0000, 0x0000, 0x0000, 0x0000, 0x0000, 0x0000, 0x0000, 0x0000, 0x0000, 0x0000, 0x0882, 0x424A, 0x2945, 0x2436, 0x0925,
 0x0000, 0x0000, 0x0000, 0x0000, 0x0000, 0x0000, 0x0000, 0x0000, 0x0000, 0x0000, 0x0000, 0x0000, 0x0841, 0x0000, 0x0000, 0x0000,
 0x0000, 0x0000, 0x0000, 0x0000, 0x0000, 0x0000, 0x0000, 0x0000, 0x0000, 0x0000, 0x0000, 0x0000, 0x0000, 0x0000, 0x0000, 0x0000,
 0x0000, 0x0000, 0x0000, 0x0000, 0x0000, 0x0000, 0x1A0A, 0x0020, 0x0000, 0x0000, 0x0000, 0x0000, 0x0000, 0x0000, 0x0000, 0x0000,
 0x0000, 0x0000, 0x0000, 0x0000, 0x0000, 0x0000, 0x0000, 0x0000, 0x0000, 0x0000, 0x0000, 0x0000, 0x0000, 0x0000, 0x0000, 0x0000,

};

const unsigned short Holt[] = {
 0x0000, 0x0000, 0x0000, 0x0000, 0x0000, 0x0000, 0x0000, 0x0000, 0x0000, 0x0000, 0x1082, 0x3186, 0x0861, 0x0000, 0x0000, 0x0000,
 0x0000, 0x0000, 0x0000, 0x0000, 0x0000, 0x0000, 0x0000, 0x0000, 0x0000, 0x0000, 0x0000, 0x0000, 0x0000, 0x0000, 0x0000, 0x0000,
 0x0000, 0x0000, 0x0000, 0x0000, 0x0000, 0x0000, 0x0000, 0x0000, 0x0000, 0x0000, 0x0000, 0x0000, 0x0000, 0x0000, 0x0000, 0x0000,
 0x0000, 0x0861, 0x2945, 0x2945, 0x3186, 0x10A2, 0x0000, 0x0000, 0x0000, 0x0000, 0x0000, 0x0000, 0x0000, 0x0000, 0x0000, 0x0000,
 0x0000, 0x0000, 0x0000, 0x0000, 0x0000, 0x0000, 0x0000, 0x0000, 0x0000, 0x0000, 0x0000, 0x0000, 0x0000, 0x0000, 0x0000, 0x0000,
 0x0000, 0x0000, 0x0000, 0x0000, 0x0000, 0x0000, 0x0000, 0x0000, 0x0000, 0x2124, 0x2104, 0x18E3, 0x2945, 0x39A7, 0x10A2, 0x0000,
 0x0000, 0x0000, 0x0000, 0x0000, 0x0000, 0x0000, 0x0000, 0x0000, 0x0000, 0x0883, 0x10C4, 0x0861, 0x0041, 0x0861, 0x0862, 0x0861,
 0x0841, 0x0020, 0x0000, 0x0000, 0x0000, 0x0000, 0x0000, 0x0000, 0x0000, 0x0000, 0x0000, 0x0000, 0x0000, 0x0000, 0x0000, 0x0000,
 0x0861, 0x3186, 0x18A3, 0x0861, 0x2104, 0x2945, 0x2945, 0x0000, 0x0000, 0x0000, 0x0000, 0x0000, 0x0000, 0x0000, 0x18E5, 0x4AB0,
 0x5B94, 0x63D7, 0x3A4F, 0x0041, 0x0841, 0x0041, 0x0841, 0x0841, 0x0862, 0x10A2, 0x0882, 0x0000, 0x0000, 0x0000, 0x0000, 0x0000,
 0x0861, 0x1082, 0x0000, 0x0000, 0x0861, 0x2945, 0x4207, 0x5ACA, 0x8C30, 0x528A, 0x0020, 0x0020, 0x10A2, 0x2124, 0x3186, 0x0000,
 0x0000, 0x0000, 0x0000, 0x0000, 0x0000, 0x0862, 0x6C37, 0x6C18, 0x5B94, 0x31EB, 0x0882, 0x0861, 0x0861, 0x0041, 0x0861, 0x0041,
 0x0861, 0x10A2, 0x10C3, 0x10A2, 0x0000, 0x0000, 0x0000, 0x0000, 0x1061, 0x5AEB, 0x9491, 0x9CB2, 0xAD54, 0xB575, 0xB595, 0xB575,
 0xB575, 0x8C30, 0x1082, 0x18E3, 0x20E4, 0x3186, 0x39C7, 0x0000, 0x0000, 0x0000, 0x0000, 0x1925, 0x31EA, 0x4AEF, 0x5BB4, 0x5BB4,
 0x5373, 0x4B32, 0x3AD0, 0x322D, 0x29EC, 0x2169, 0x1906, 0x10C5, 0x0883, 0x0883, 0x0882, 0x0882, 0x10C3, 0x0841, 0x0000, 0x0000,
 0x0841, 0x4A49, 0x9CB2, 0x9CD2, 0xA4F3, 0xA513, 0xAD34, 0xAD54, 0xB575, 0x8C30, 0x2124, 0x2945, 0x2925, 0x3186, 0x31A6, 0x0021,
 0x0000, 0x0841, 0x4ACE, 0x63F4, 0x7456, 0x7477, 0x6C56, 0x6C37, 0x6C37, 0x63F7, 0x53D7, 0x53B6, 0x5374, 0x3AB1, 0x4333, 0x4354,
 0x3290, 0x326F, 0x1127, 0x0861, 0x0862, 0x10C4, 0x0000, 0x0000, 0x0841, 0x4A49, 0x9491, 0x9C92, 0x9CD2, 0x9CD3, 0xA4F3, 0xA4F3,
 0xA514, 0x83EF, 0x2945, 0x2945, 0x2925, 0x3186, 0x39C7, 0x10A2, 0x0000, 0x3A6D, 0x63D3, 0x7456, 0x7477, 0x74B8, 0x7499, 0x84B9,
 0x7C99, 0x7459, 0x63F8, 0x4313, 0x5374, 0x428F, 0x4B12, 0x5C17, 0x5C18, 0x53F7, 0x4B74, 0x08A4, 0x0041, 0x10A2, 0x10A3, 0x0000,
 0x0020, 0x41E7, 0x736D, 0x83EF, 0x9471, 0x9CB2, 0xA4F3, 0xA4F3, 0xA4F3, 0x8410, 0x2945, 0x2104, 0x2104, 0x2925, 0x31A6, 0x2966,
 0x2147, 0x5B92, 0x6415, 0x7497, 0x84F9, 0x7478, 0x6C17, 0x7C79, 0x951A, 0x84BA, 0x6C38, 0x5B74, 0x426D, 0x63B3, 0x52F0, 0x6C78,
 0x6479, 0x6479, 0x5C37, 0x29CB, 0x0021, 0x0041, 0x18E4, 0x0841, 0x0000, 0x0000, 0x0000, 0x0020, 0x2945, 0x6B4D, 0x9CB2, 0xA4F3,
 0xA514, 0x6B2C, 0x2104, 0x10A2, 0x0841, 0x2104, 0x2945, 0x18E4, 0x4ACF, 0x6C15, 0x7498, 0x7CD9, 0x7458, 0x5B53, 0x7457, 0x7458,
 0x7C99, 0x7C99, 0x6C39, 0x5B94, 0x424B, 0x5B93, 0x52CE, 0x7CD9, 0x74DA, 0x7CFA, 0x6C78, 0x322D, 0x0041, 0x0041, 0x10C4, 0x10A3,
 0x0000, 0x0000, 0x0000, 0x0000, 0x0000, 0x0000, 0x39A6, 0x9451, 0xA4F3, 0x630B, 0x1082, 0x0841, 0x0841, 0x20E4, 0x3186, 0x31EA,
 0x6C35, 0x74B9, 0x7C99, 0x7418, 0x6375, 0x6B74, 0x7457, 0x6BD7, 0x63F8, 0x5BD8, 0x63F8, 0x63D6, 0x5B73, 0x5B73, 0x73F4, 0x851A,
 0x7CFA, 0x851A, 0x74B9, 0x324D, 0x0862, 0x0861, 0x10C3, 0x18E4, 0x0000, 0x0000, 0x0000, 0x0000, 0x0000, 0x0000, 0x0000, 0x5269,
 0xA4F3, 0x8C71, 0x18C3, 0x1082, 0x1082, 0x18C3, 0x3186, 0x6BD3, 0x7CB8, 0x7CB9, 0x7C78, 0x73F8, 0x7C17, 0x94F9, 0x7C78, 0x63B5,
 0x6375, 0x5BD7, 0x5397, 0x5396, 0x5BB6, 0x7457, 0x9519, 0x84FA, 0x74DA, 0x7CFA, 0x74B9, 0x322D, 0x10A3, 0x0882, 0x18E4, 0x10C3,
 0x0000, 0x0000, 0x0020, 0x0841, 0x0861, 0x2945, 0x5AAA, 0x83EF, 0xA4F3, 0xA4F3, 0x2104, 0x20E4, 0x2125, 0x2925, 0x3A09, 0x7C76,
 0x8CF9, 0x8CFA, 0x8498, 0x847A, 0x8458, 0xA53A, 0x8CB9, 0x7C56, 0x73F6, 0x84BA, 0x6419, 0x6419, 0x6C59, 0x84D9, 0x8D1A, 0x7CFA,
 0x74DA, 0x7CFA, 0x63F6, 0x2168, 0x18E4, 0x18E4, 0x18E4, 0x0882, 0x0000, 0x4A49, 0x83EF, 0x83EF, 0x83EF, 0x8C30, 0x9471, 0x9CD2,
 0xA4F3, 0x738E, 0x2104, 0x2945, 0x18C3, 0x2104, 0x422A, 0x7C96, 0x953A, 0x8CFA, 0x8498, 0x847A, 0x7C18, 0xAD9A, 0x8479, 0x7416,
 0x6395, 0x7C9A, 0x53B7, 0x5397, 0x5396, 0x63F6, 0x8498, 0x84DA, 0x74BA, 0x6C78, 0x4B11, 0x10C4, 0x1082, 0x18E4, 0x10E3, 0x0862,
 0x0000, 0x4208, 0x8C30, 0x9451, 0x9471, 0x9CB2, 0xA4D3, 0xA4F3, 0xA514, 0x6B4D, 0x2124, 0x2966, 0x2945, 0x3186, 0x31C7, 0x7435,
 0x7CB9, 0x74BA, 0x7C99, 0x7458, 0x6357, 0x9519, 0x6BF8, 0x63D6, 0x5B76, 0x5BB7, 0x5BD8, 0x63D6, 0x52F0, 0x5B94, 0x4AAE, 0x7CB8,
 0x6C99, 0x6437, 0x2167, 0x0862, 0x0862, 0x10C3, 0x10E3, 0x0041, 0x0841, 0x4208, 0x9491, 0x9C92, 0x9CB2, 0x9CD2, 0xA4F3, 0xA4F3,
 0xAD34, 0x7BCF, 0x2104, 0x2104, 0x2945, 0x39C7, 0x31A6, 0x426C, 0x6C57, 0x6CB9, 0x6C99, 0x7478, 0x5B97, 0x4A90, 0x63D6, 0x63F7,
 0x7459, 0x7CBA, 0x6C59, 0x63F6, 0x31EA, 0x63F5, 0x3A2B, 0x6C36, 0x5C38, 0x5394, 0x10A3, 0x0061, 0x10A2, 0x10C3, 0x10C3, 0x0000,
 0x0841, 0x4208, 0x9CB2, 0xA4F3, 0xA4F3, 0xA4F3, 0xA513, 0xAD34, 0xAD54, 0x9451, 0x2124, 0x2104, 0x2124, 0x3186, 0x41E8, 0x0020,
 0x29C9, 0x5BF5, 0x6457, 0x7499, 0x74B9, 0x6BF6, 0x6C36, 0x6C37, 0x8499, 0x84DA, 0x6C79, 0x5C17, 0x3A6E, 0x5BD6, 0x322C, 0x53B5,
 0x53D6, 0x21CB, 0x0882, 0x0861, 0x0882, 0x10C3, 0x0841, 0x0000, 0x0841, 0x4A29, 0x5289, 0x39C7, 0x52AA, 0x738D, 0xA4F3, 0xB575,
 0xAD54, 0x8C10, 0x18C3, 0x2924, 0x2945, 0x2965, 0x39E7, 0x0000, 0x0000, 0x10C4, 0x5372, 0x6436, 0x7498, 0x7CD9, 0x6C58, 0x7458,
 0x84DA, 0x7CBA, 0x6C59, 0x5BF7, 0x4334, 0x5373, 0x324E, 0x4354, 0x3AF2, 0x218A, 0x10A3, 0x0882, 0x10A3, 0x1082, 0x0000, 0x0000,
 0x0841, 0x18E3, 0x0000, 0x0000, 0x0000, 0x0000, 0x0020, 0x31A6, 0x8C51, 0x6B4D, 0x0841, 0x0841, 0x2104, 0x3166, 0x31A6, 0x0000,
 0x0000, 0x0000, 0x0841, 0x3A4C, 0x5BF4, 0x6436, 0x6C57, 0x6C58, 0x6C78, 0x6C57, 0x5BF6, 0x4B94, 0x42F1, 0x21CA, 0x2168, 0x1947,
 0x10C4, 0x0882, 0x0882, 0x10C3, 0x1082, 0x0000, 0x0000, 0x0000, 0x0020, 0x0020, 0x0000, 0x0000, 0x0000, 0x0000, 0x0000, 0x0000,
 0x10A3, 0x5B0E, 0x18C3, 0x0841, 0x18E3, 0x2945, 0x2945, 0x0000, 0x0000, 0x0000, 0x0000, 0x0000, 0x0020, 0x18E5, 0x31EA, 0x5BD6,
 0x5395, 0x428F, 0x2168, 0x10C4, 0x0882, 0x10C3, 0x18C3, 0x18C3, 0x10C3, 0x18E3, 0x0882, 0x0020, 0x0000, 0x0000, 0x0000, 0x0000,
 0x0000, 0x0000, 0x0000, 0x0000, 0x0000, 0x0000, 0x0000, 0x0000, 0x0000, 0x2124, 0x2945, 0x18C3, 0x2104, 0x2965, 0x0841, 0x0000,
 0x0000, 0x0000, 0x0000, 0x0000, 0x0000, 0x0000, 0x0000, 0x0020, 0x08A3, 0x10E5, 0x1927, 0x10C3, 0x10C3, 0x10A2, 0x1082, 0x1082,
 0x1082, 0x0000, 0x0000, 0x0000, 0x0000, 0x0000, 0x0000, 0x0000, 0x0000, 0x0000, 0x0000, 0x0000, 0x0000, 0x0000, 0x0000, 0x0000,
 0x0000, 0x0841, 0x2925, 0x3166, 0x2124, 0x0020, 0x0000, 0x0000, 0x0000, 0x0000, 0x0000, 0x0000, 0x0000, 0x0000, 0x0000, 0x0000,
 0x0000, 0x0000, 0x0000, 0x0000, 0x0000, 0x0000, 0x0000, 0x0000, 0x0000, 0x0000, 0x0000, 0x0000, 0x0000, 0x0000, 0x0000, 0x0000,

};

const unsigned short Ball[] = {
 0x0000, 0x0000, 0x4A49, 0xC638, 0xD6BB, 0xD6BB, 0xBE18, 0x4228, 0x0000, 0x0000, 0x0000, 0x8C72, 0xF7DF, 0x8C51, 0x0821, 0x0821,
 0x94B3, 0xF7DF, 0x8430, 0x0000, 0x5AEB, 0xF7DF, 0xF7DF, 0x4229, 0x0821, 0x0841, 0x528A, 0xF7DF, 0xF7DF, 0x52AA, 0x630C, 0xE73D,
 0xF7DF, 0xF7BF, 0x8451, 0x8C92, 0xF7BF, 0xF7DF, 0xDF1C, 0x5AEB, 0x0861, 0xBDF8, 0xF7FF, 0xF7FF, 0xF7DF, 0xF7DF, 0xF7FF, 0xF7FF,
 0xB5B6, 0x1082, 0x1082, 0xBDF8, 0xF7FF, 0xF7FF, 0xF7DF, 0xF7DF, 0xF7FF, 0xF7FF, 0xB596, 0x1082, 0x632C, 0xE75D, 0xF7DF, 0xEF9E,
 0x8410, 0x8451, 0xF7BF, 0xF7DF, 0xE73D, 0x5B0C, 0x52AA, 0xF7DF, 0xF7DF, 0x4228, 0x0040, 0x0020, 0x4A8A, 0xF7DF, 0xF7DF, 0x4A69,
 0x0000, 0x7C10, 0xF7DF, 0x8C92, 0x0821, 0x0821, 0x9CF3, 0xF7DF, 0x73CF, 0x0000, 0x0000, 0x0000, 0x39E7, 0xB5B7, 0xD6BA, 0xD6BA,
 0xB5B6, 0x39C7, 0x0000, 0x0000,
};

const unsigned short Letter1[] = {
 0x0000, 0x0000, 0x0000, 0x0000, 0x0000, 0x0000, 0x0000, 0x0000, 0x0000, 0x0000, 0x0000, 0x0000, 0x0000, 0x0000, 0x0000, 0x0000,
 0x0000, 0x0000, 0x0000, 0x0000, 0x0000, 0x0000, 0x0000, 0x0000, 0x0000, 0x0000, 0x0000, 0x0000, 0x0000, 0x0000, 0x0000, 0x0000,
 0x0000, 0x0000, 0x0000, 0x0000, 0x0000, 0x0000, 0x0000, 0x0000, 0x0000, 0x0000, 0x0000, 0x0000, 0x0000, 0x0000, 0x0000, 0x0000,
 0x0000, 0x0000, 0x0000, 0x0000, 0x0000, 0x0000, 0x0000, 0x0000, 0x0000, 0x0000, 0x0000, 0x0000, 0x0000, 0x0000, 0x0000, 0x0000,
 0x0000, 0x0000, 0x0000, 0x0000, 0x0000, 0x0000, 0x0000, 0x0000, 0x0000, 0x0000, 0x0000, 0x0000, 0x0000, 0x0000, 0x0000, 0x0000,
 0x0000, 0x0000, 0x0000, 0x0000, 0x0000, 0x0000, 0x0000, 0x0000, 0x0000, 0x0000, 0x0000, 0x0000, 0x0000, 0x0000, 0x0000, 0x0000,
 0x0000, 0x0000, 0x0000, 0x0000, 0x0000, 0x0000, 0x0000, 0x0000, 0x0000, 0x0000, 0x0000, 0x0000, 0x0000, 0x0000, 0x0000, 0x0000,
 0x0000, 0x0000, 0x0000, 0x0000, 0x0000, 0x0000, 0x0000, 0x0000, 0x0000, 0x0000, 0x0000, 0x0000, 0x0000, 0x0000, 0x0000, 0x0000,
 0x0000, 0x0000, 0x0000, 0x0000, 0x0000, 0x0000, 0x0000, 0x0000, 0x0000, 0x0000, 0x0000, 0x0000, 0x0925, 0x1ACD, 0x748C, 0x39A2,
 0x0000, 0x0000, 0x0000, 0x0000, 0x0000, 0x0000, 0x0000, 0x0000, 0x0000, 0x0000, 0x0000, 0x0000, 0x0000, 0x0000, 0x0000, 0x0000,
 0x0000, 0x0000, 0x0000, 0x0000, 0x0000, 0x0000, 0x0000, 0x0000, 0x0000, 0x0000, 0x0000, 0x0021, 0x1187, 0x230E, 0x3496, 0x463D,
 0x469F, 0x46BF, 0xBEB0, 0x18E1, 0x0000, 0x0000, 0x0000, 0x0000, 0x0000, 0x0000, 0x0000, 0x0000, 0x0000, 0x0000, 0x0000, 0x0000,
 0x0000, 0x0000, 0x0000, 0x0000, 0x0000, 0x0000, 0x0000, 0x0000, 0x0000, 0x0000, 0x0000, 0x08A4, 0x120A, 0x2371, 0x3CD8, 0x4E3E,
 0x4E7F, 0x4E9F, 0x4E9F, 0x4E9F, 0x469F, 0x469F, 0xD66C, 0x0000, 0x0000, 0x0000, 0x0000, 0x0000, 0x0000, 0x0000, 0x0000, 0x0000,
 0x0000, 0x0000, 0x0000, 0x0000, 0x0000, 0x0000, 0x0000, 0x0000, 0x0000, 0x0000, 0x0084, 0x096A, 0x1270, 0x23B6, 0x34FD, 0x3D9F,
 0x45DF, 0x461F, 0x4E3F, 0x4E5F, 0x4E7F, 0x4E9F, 0x4E9F, 0x4E9F, 0x469F, 0x56BD, 0xBD49, 0x0000, 0x0000, 0x0000, 0x0000, 0x0000,
 0x0000, 0x0000, 0x0000, 0x0000, 0x0000, 0x0000, 0x0000, 0x0000, 0x0022, 0x00A7, 0x014C, 0x09F2, 0x2317, 0x341D, 0x243F, 0x247F,
 0x2CDF, 0x351F, 0x3D5F, 0x3D9F, 0x45DF, 0x461F, 0x4E3F, 0x4E5F, 0x4E7F, 0x4E9F, 0x4E9F, 0x4E9F, 0x469F, 0x76BA, 0x9427, 0x0000,
 0x0000, 0x0000, 0x0000, 0x0000, 0x0000, 0x0042, 0x0086, 0x21AA, 0x19AF, 0x01B3, 0x0218, 0x2B7D, 0x33DF, 0x0B1F, 0x133F, 0x137F,
 0x2BFF, 0x3C5F, 0x243F, 0x247F, 0x2CDF, 0x351F, 0x3D5F, 0x3D9F, 0x45DF, 0x461F, 0x4E3F, 0x4E5F, 0x4E7F, 0x4E9F, 0x4E9F, 0x4E9F,
 0x469F, 0x8EB6, 0x6B05, 0x0000, 0x0000, 0x0000, 0x092C, 0x439A, 0x7D3E, 0x235F, 0x027F, 0x64DF, 0x33BF, 0x02BF, 0x0ABF, 0x33BF,
 0x33DF, 0x0B1F, 0x133F, 0x137F, 0x2BFF, 0x3C5F, 0x243F, 0x2C7F, 0x2CDF, 0x351F, 0x3D5F, 0x3DBF, 0x45DF, 0x461F, 0x4E3F, 0x4E5F,
 0x4E7F, 0x4E9F, 0x4E9F, 0x4E9F, 0x469F, 0xAEB3, 0x41E3, 0x0000, 0x0000, 0x0000, 0x1A57, 0x4C3E, 0x7D7F, 0x235F, 0x027F, 0x64DF,
 0x33BF, 0x02BF, 0x0ABF, 0x33BF, 0x33DF, 0x0B1F, 0x133F, 0x137F, 0x2BFF, 0x3C5F, 0x243F, 0x2C7F, 0x2CDF, 0x351F, 0x3D7F, 0x3DBF,
 0x45DF, 0x461F, 0x4E3F, 0x4E7F, 0x4E7F, 0x4E9F, 0x4E9F, 0x4E9F, 0x469F, 0xCEAF, 0x18C1, 0x0000, 0x0000, 0x0883, 0x22FC, 0x4C3E,
 0x7D7F, 0x235F, 0x027F, 0x64DF, 0x33BF, 0x02BF, 0x0ABF, 0x33BF, 0x33DF, 0x0B1F, 0x133F, 0x137F, 0x341F, 0x3C5F, 0x243F, 0x2C7F,
 0x2CDF, 0x351F, 0x3D7F, 0x3DBF, 0x45DF, 0x461F, 0x4E5F, 0x4E7F, 0x4E7F, 0x4E9F, 0x4E9F, 0x4E9F, 0x4E9F, 0xD66C, 0x0000, 0x0000,
 0x0000, 0x29EB, 0x2AFC, 0x4C3E, 0x7D7F, 0x235F, 0x027F, 0x64DF, 0x33BF, 0x02BF, 0x0ABF, 0x33BF, 0x33DF, 0x0B1F, 0x133F, 0x137F,
 0x341F, 0x3C5F, 0x243F, 0x2C7F, 0x44FD, 0x5D9A, 0x7DF7, 0x9E35, 0xA653, 0x461F, 0x4E5F, 0x4E7F, 0x4E7F, 0x4E9F, 0x4E9F, 0x4E9F,
 0x5EBC, 0xB549, 0x0000, 0x0000, 0x0000, 0x5374, 0x22FC, 0x4C3E, 0x7D7F, 0x235F, 0x027F, 0x64DF, 0x33BF, 0x02BF, 0x0ABF, 0x33BF,
 0x33DF, 0x1B5E, 0x3BFB, 0x5C98, 0x8D75, 0xADF2, 0xB5EF, 0xAD4A, 0x9447, 0x6B25, 0x4203, 0x20E1, 0x1167, 0x461F, 0x4E5F, 0x4E7F,
 0x4E7F, 0x4E9F, 0x4E9F, 0x4E9F, 0x7EB9, 0x8C27, 0x0000, 0x0000, 0x0000, 0x74FC, 0x22FC, 0x4C3E, 0x7D7F, 0x235F, 0x0A9E, 0x7D1C,
 0x74B9, 0x6C96, 0x9533, 0xBDF0, 0xCE2D, 0xB549, 0x9427, 0x6B05, 0x4203, 0x18E1, 0x0000, 0x0000, 0x0000, 0x0000, 0x0000, 0x0000,
 0x1A4C, 0x461F, 0x4E5F, 0x4E7F, 0x4E7F, 0x4E9F, 0x4E9F, 0x4E9F, 0x96B5, 0x6B05, 0x0000, 0x0000, 0x1904, 0x9DDA, 0x7C95, 0xA594,
 0xCE51, 0xD64E, 0xD64B, 0xB529, 0x8C27, 0x6305, 0x41E3, 0x18C1, 0x0000, 0x0000, 0x0000, 0x0000, 0x0000, 0x0000, 0x0000, 0x0000,
 0x0000, 0x0000, 0x0000, 0x0000, 0x2330, 0x461F, 0x4E5F, 0x4E7F, 0x4E7F, 0x4E9F, 0x4E9F, 0x4E9F, 0xB6B2, 0x41E3, 0x0000, 0x0000,
 0x5AA4, 0xB529, 0x8C07, 0x62E5, 0x39C3, 0x18A1, 0x0000, 0x0000, 0x0000, 0x0000, 0x0000, 0x0000, 0x0000, 0x0000, 0x0000, 0x0000,
 0x0000, 0x0000, 0x0000, 0x0000, 0x0000, 0x0000, 0x0000, 0x0000, 0x2C15, 0x461F, 0x4E5F, 0x4E7F, 0x4E7F, 0x569F, 0x5E9D, 0x769A,
 0xD6AE, 0x18C1, 0x0000, 0x0000, 0x0000, 0x0000, 0x0000, 0x0000, 0x0000, 0x0000, 0x0000, 0x0000, 0x0000, 0x0000, 0x0000, 0x0000,
 0x0000, 0x0000, 0x0000, 0x0000, 0x0000, 0x0000, 0x0000, 0x0000, 0x0000, 0x0000, 0x0000, 0x0000, 0x8D70, 0xAE92, 0xBE91, 0xCEAF,
 0xDEAD, 0xE6AC, 0xDE6B, 0xBD89, 0x9C67, 0x0000, 0x0000, 0x0000, 0x0000, 0x0000, 0x0000, 0x0000, 0x0000, 0x0000, 0x0000, 0x0000,
 0x0000, 0x0000, 0x0000, 0x0000, 0x0000, 0x0000, 0x0000, 0x0000, 0x0000, 0x0000, 0x0000, 0x0000, 0x0000, 0x0000, 0x0000, 0x0000,
 0xB529, 0x9C67, 0x7B66, 0x5284, 0x3182, 0x10A1, 0x0000, 0x0000, 0x0000, 0x0000, 0x0000, 0x0000, 0x0000, 0x0000, 0x0000, 0x0000,
 0x0000, 0x0000, 0x0000, 0x0000, 0x0000, 0x0000, 0x0000, 0x0000, 0x0000, 0x0000, 0x0000, 0x0000, 0x0000, 0x0000, 0x0000, 0x0000,
 0x0000, 0x0000, 0x0000, 0x0000, 0x0000, 0x0000, 0x0000, 0x0000, 0x0000, 0x0000, 0x0000, 0x0000, 0x0000, 0x0000, 0x0000, 0x0000,
 0x0000, 0x0000, 0x0000, 0x0000, 0x0000, 0x0000, 0x0000, 0x0000, 0x0000, 0x0000, 0x0000, 0x0000, 0x0000, 0x0000, 0x0000, 0x0000,
 0x0000, 0x0000, 0x0000, 0x0000, 0x0000, 0x0000, 0x0000, 0x0000, 0x0000, 0x0000, 0x0000, 0x0000, 0x0000, 0x0000, 0x0000, 0x0000,
 0x0000, 0x0000, 0x0000, 0x0000, 0x0000, 0x0000, 0x0000, 0x0000, 0x0000, 0x0000, 0x0000, 0x0000, 0x0000, 0x0000, 0x0000, 0x0000,
 0x0000, 0x0000, 0x0000, 0x0000, 0x0000, 0x0000, 0x0000, 0x0000, 0x0000, 0x0000, 0x0000, 0x0000, 0x0000, 0x0000, 0x0000, 0x0000,
 0x0000, 0x0000, 0x0000, 0x0000, 0x0000, 0x0000, 0x0000, 0x0000, 0x0000, 0x0000, 0x0000, 0x0000, 0x0000, 0x0000, 0x0000, 0x0000,
 0x0000, 0x0000, 0x0000, 0x0000, 0x0000, 0x0000, 0x0000, 0x0000, 0x0000, 0x0000, 0x0000, 0x0000, 0x0000, 0x0000, 0x0000, 0x0000,
 0x0000, 0x0000, 0x0000, 0x0000, 0x0000, 0x0000, 0x0000, 0x0000, 0x0000, 0x0000, 0x0000, 0x0000, 0x0000, 0x0000, 0x0000, 0x0000,
 0x0000, 0x0000, 0x0000, 0x0000, 0x0000, 0x0000, 0x0000, 0x0000, 0x0000, 0x0000, 0x0000, 0x0000, 0x0000, 0x0000, 0x0000, 0x0000,
 0x0000, 0x0000, 0x0000, 0x0000, 0x0000, 0x0000, 0x0000, 0x0000, 0x0000, 0x0000, 0x0000, 0x0000, 0x0000, 0x0000, 0x0000, 0x0000,

};

const unsigned short Letter2[] = {
 0x0000, 0x0000, 0x0000, 0x0000, 0x0000, 0x0000, 0x0000, 0x0000, 0x0000, 0x0000, 0x0000, 0x0000, 0x0000, 0x0000, 0x0000, 0x0000,
 0x0000, 0x0000, 0x0000, 0x0000, 0x0000, 0x0000, 0x0000, 0x0000, 0x0000, 0x0000, 0x0000, 0x0000, 0x0000, 0x0000, 0x0000, 0x0000,
 0x0000, 0x0000, 0x0000, 0x0000, 0x0000, 0x0000, 0x0000, 0x0000, 0x0000, 0x0000, 0x0000, 0x0000, 0x0000, 0x0000, 0x0000, 0x0000,
 0x0000, 0x0000, 0x0000, 0x0000, 0x0000, 0x0000, 0x0000, 0x0000, 0x0000, 0x0000, 0x0000, 0x0000, 0x0000, 0x0000, 0x0000, 0x0000,
 0x0000, 0x0000, 0x0000, 0x0000, 0x0000, 0x0000, 0x0000, 0x0000, 0x0000, 0x0000, 0x0000, 0x0000, 0x0000, 0x0000, 0x0000, 0x0000,
 0x0000, 0x0000, 0x0000, 0x0000, 0x0000, 0x0000, 0x0000, 0x0000, 0x0000, 0x0000, 0x0000, 0x0000, 0x0000, 0x0126, 0x0331, 0x0C98,
 0x15BD, 0x1DFE, 0x1D7B, 0x1434, 0x0A4B, 0x0041, 0x0000, 0x0000, 0x0000, 0x0000, 0x0000, 0x0000, 0x0000, 0x0000, 0x0000, 0x0000,
 0x0000, 0x0000, 0x0000, 0x0000, 0x0000, 0x0000, 0x0000, 0x0000, 0x0000, 0x0000, 0x0000, 0x0000, 0x0000, 0x0000, 0x0000, 0x0127,
 0x03F8, 0x057F, 0x05BF, 0x0DFF, 0x163F, 0x1E5F, 0x1E7F, 0x1E7F, 0x1E7F, 0x0DDC, 0x026B, 0x0000, 0x0000, 0x0000, 0x0000, 0x0000,
 0x0000, 0x0000, 0x0000, 0x0000, 0x0000, 0x0000, 0x0000, 0x0000, 0x0000, 0x0000, 0x0000, 0x0000, 0x0000, 0x0000, 0x0000, 0x0000,
 0x0000, 0x0021, 0x02B3, 0x04DF, 0x053F, 0x057F, 0x05BF, 0x0DFF, 0x163F, 0x1E5F, 0x1E7F, 0x1E7F, 0x1E7F, 0x069F, 0x069F, 0x0414,
 0x0020, 0x0000, 0x0000, 0x0000, 0x0000, 0x0000, 0x0000, 0x0000, 0x0000, 0x0042, 0x0046, 0x1109, 0x196B, 0x010F, 0x00A9, 0x0000,
 0x0000, 0x0000, 0x0000, 0x0000, 0x0063, 0x0359, 0x047F, 0x04DF, 0x053F, 0x057F, 0x05BF, 0x0DFF, 0x1E3F, 0x1E5F, 0x1E7F, 0x1E7F,
 0x1E7F, 0x069F, 0x069F, 0x067F, 0x344E, 0x0000, 0x0000, 0x0000, 0x0000, 0x0000, 0x29EC, 0x021C, 0x649E, 0x5C9F, 0x01DF, 0x337F,
 0x441F, 0x021F, 0x010F, 0x0000, 0x0000, 0x0000, 0x0000, 0x0042, 0x2BDB, 0x041F, 0x047F, 0x04DF, 0x053F, 0x057F, 0x05BF, 0x0DFF,
 0x163F, 0x1E5F, 0x1E7F, 0x1E7F, 0x1E7F, 0x069F, 0x069F, 0x067F, 0x1E9C, 0x5AA0, 0x0000, 0x0000, 0x0000, 0x0000, 0x3AB0, 0x025E,
 0x64DF, 0x5C9F, 0x01DF, 0x337F, 0x441F, 0x021F, 0x00CC, 0x0000, 0x0000, 0x0000, 0x0000, 0x02B8, 0x347F, 0x041F, 0x047F, 0x04DF,
 0x053F, 0x057F, 0x05DF, 0x0DFF, 0x163F, 0x1E5F, 0x1E7F, 0x1E7F, 0x167F, 0x069F, 0x069F, 0x067F, 0x067F, 0x9DE7, 0x0000, 0x0000,
 0x0000, 0x0000, 0x42F2, 0x025E, 0x64DF, 0x5C9F, 0x01DF, 0x337F, 0x43FF, 0x021F, 0x00AA, 0x0000, 0x0000, 0x0000, 0x01B0, 0x037F,
 0x347F, 0x041F, 0x047F, 0x04DF, 0x053F, 0x057F, 0x055D, 0x0C98, 0x14D8, 0x1E3F, 0x1E7F, 0x1E7F, 0x167F, 0x069F, 0x069F, 0x067F,
 0x067F, 0x86AE, 0x2100, 0x0000, 0x0000, 0x0000, 0x4B54, 0x025E, 0x64DF, 0x5C7F, 0x01DF, 0x337F, 0x43FF, 0x021F, 0x0087, 0x0000,
 0x0000, 0x0085, 0x031F, 0x037F, 0x349F, 0x041F, 0x047F, 0x04DF, 0x049C, 0x01A9, 0x0000, 0x0000, 0x0000, 0x0146, 0x1E5F, 0x1E7F,
 0x167F, 0x069F, 0x069F, 0x067F, 0x067F, 0x6E91, 0x39C0, 0x0000, 0x0000, 0x0000, 0x4B96, 0x025E, 0x64DF, 0x5C7F, 0x01DF, 0x337F,
 0x43FF, 0x021F, 0x0045, 0x0000, 0x0000, 0x0237, 0x033F, 0x037F, 0x349F, 0x041F, 0x049F, 0x041A, 0x0062, 0x0000, 0x0000, 0x0000,
 0x0000, 0x0000, 0x1DDC, 0x1E7F, 0x167F, 0x069F, 0x069F, 0x067F, 0x067F, 0x8EAD, 0x2940, 0x0000, 0x0000, 0x0000, 0x53F8, 0x025E,
 0x64DF, 0x5C7F, 0x01DF, 0x337F, 0x43FF, 0x021F, 0x0022, 0x0000, 0x00C9, 0x02DF, 0x033F, 0x037F, 0x349F, 0x043F, 0x043D, 0x00A4,
 0x0000, 0x0000, 0x0000, 0x0082, 0x0187, 0x1434, 0x1E7F, 0x1E7F, 0x167F, 0x069F, 0x069F, 0x067F, 0x067F, 0xC623, 0x0020, 0x0000,
 0x0000, 0x0000, 0x5C3A, 0x025E, 0x64DF, 0x5C7F, 0x01DF, 0x3B7F, 0x43FF, 0x021F, 0x0000, 0x0041, 0x0A9B, 0x02FF, 0x033F, 0x037F,
 0x349F, 0x043F, 0x09AA, 0x0000, 0x0000, 0x0000, 0x0000, 0x15BD, 0x1E3F, 0x1E5F, 0x1E7F, 0x1E7F, 0x167F, 0x069F, 0x069F, 0x067F,
 0x7EAF, 0x7340, 0x0000, 0x0000, 0x0000, 0x0000, 0x649C, 0x025E, 0x64DF, 0x5C7F, 0x01DF, 0x3B9F, 0x43FF, 0x01FD, 0x0000, 0x32D5,
 0x131F, 0x02FF, 0x033F, 0x037F, 0x349F, 0x43AE, 0x0000, 0x0000, 0x0000, 0x0000, 0x00E5, 0x161F, 0x1E5F, 0x1E5F, 0x1E7F, 0x1E7F,
 0x167F, 0x069F, 0x069F, 0x6EB2, 0xB540, 0x0020, 0x0000, 0x0000, 0x0000, 0x0000, 0x6CFE, 0x025E, 0x64DF, 0x5C7F, 0x01DF, 0x3B9F,
 0x43FF, 0x01FC, 0x0195, 0x33BF, 0x131F, 0x02FF, 0x033F, 0x039F, 0x8D50, 0x18A0, 0x0000, 0x0000, 0x0000, 0x0000, 0x022B, 0x161F,
 0x1E5F, 0x1E7F, 0x1E7F, 0x1E7F, 0x167F, 0x169E, 0x96AC, 0xB540, 0x1080, 0x0000, 0x0000, 0x0000, 0x0000, 0x0000, 0x751F, 0x025E,
 0x64DF, 0x5C7F, 0x01DF, 0x3B9F, 0x43FF, 0x023F, 0x025F, 0x33BF, 0x131F, 0x02FF, 0x033F, 0x64F2, 0x4A20, 0x0000, 0x0000, 0x0000,
 0x0000, 0x0000, 0x0B72, 0x161F, 0x1E5F, 0x1E7F, 0x1E7F, 0x267F, 0x6693, 0xCEA3, 0x83C0, 0x0020, 0x0000, 0x0000, 0x0000, 0x0000,
 0x0000, 0x0042, 0x753F, 0x025E, 0x64DF, 0x5C7F, 0x01DF, 0x3B9F, 0x43FF, 0x023F, 0x025F, 0x33BF, 0x131F, 0x02FF, 0x64D2, 0x7380,
 0x0000, 0x0000, 0x0000, 0x0000, 0x0000, 0x0000, 0x0CB9, 0x161F, 0x265E, 0x5698, 0x96AE, 0xD6A3, 0x9440, 0x2100, 0x0000, 0x0000,
 0x0000, 0x0000, 0x0000, 0x0000, 0x0000, 0x08A3, 0x753F, 0x025E, 0x64DF, 0x5C7F, 0x01DF, 0x3B9F, 0x43FF, 0x023F, 0x025F, 0x33BF,
 0x133F, 0x852D, 0x9440, 0x0000, 0x0000, 0x0000, 0x0000, 0x0000, 0x0000, 0x0840, 0xAE69, 0xCEA5, 0xDE80, 0xACE0, 0x62C0, 0x1080,
 0x0000, 0x0000, 0x0000, 0x0000, 0x0000, 0x0000, 0x0000, 0x0000, 0x0000, 0x10E5, 0x753F, 0x025E, 0x64DF, 0x5C7F, 0x01DF, 0x3B9F,
 0x43FF, 0x023F, 0x025F, 0x5C58, 0xC627, 0x9420, 0x0000, 0x0000, 0x0000, 0x0000, 0x0000, 0x0000, 0x0000, 0x18C0, 0x6B00, 0x3180,
 0x0820, 0x0000, 0x0000, 0x0000, 0x0000, 0x0000, 0x0000, 0x0000, 0x0000, 0x0000, 0x0000, 0x0000, 0x0000, 0x1947, 0x753F, 0x025E,
 0x64FF, 0x5C7F, 0x01DF, 0x3B9F, 0x43FF, 0x4BB6, 0xADA8, 0xE680, 0x6300, 0x0000, 0x0000, 0x0000, 0x0000, 0x0000, 0x0000, 0x0000,
 0x0000, 0x0000, 0x0000, 0x0000, 0x0000, 0x0000, 0x0000, 0x0000, 0x0000, 0x0000, 0x0000, 0x0000, 0x0000, 0x0000, 0x0000, 0x0000,
 0x0000, 0x29A7, 0x857C, 0x12BC, 0x751C, 0x7D19, 0x5BD3, 0xA58B, 0xE6A2, 0xE6A0, 0x9440, 0x20E0, 0x0000, 0x0000, 0x0000, 0x0000,
 0x0000, 0x0000, 0x0000, 0x0000, 0x0000, 0x0000, 0x0000, 0x0000, 0x0000, 0x0000, 0x0000, 0x0000, 0x0000, 0x0000, 0x0000, 0x0000,
 0x0000, 0x0000, 0x0000, 0x0000, 0x0000, 0x4A40, 0xE6A0, 0xE6A0, 0xE680, 0xD620, 0xBD80, 0x8C20, 0x5A80, 0x0860, 0x0000, 0x0000,
 0x0000, 0x0000, 0x0000, 0x0000, 0x0000, 0x0000, 0x0000, 0x0000, 0x0000, 0x0000, 0x0000, 0x0000, 0x0000, 0x0000, 0x0000, 0x0000,
 0x0000, 0x0000, 0x0000, 0x0000, 0x0000, 0x0000, 0x0000, 0x0000, 0x0000, 0x0000, 0x0000, 0x0000, 0x0000, 0x0000, 0x0000, 0x0000,
 0x0000, 0x0000, 0x0000, 0x0000, 0x0000, 0x0000, 0x0000, 0x0000, 0x0000, 0x0000, 0x0000, 0x0000, 0x0000, 0x0000, 0x0000, 0x0000,
 0x0000, 0x0000, 0x0000, 0x0000, 0x0000, 0x0000, 0x0000, 0x0000, 0x0000, 0x0000, 0x0000, 0x0000, 0x0000, 0x0000, 0x0000, 0x0000,
 0x0000, 0x0000, 0x0000, 0x0000, 0x0000, 0x0000, 0x0000, 0x0000, 0x0000, 0x0000, 0x0000, 0x0000, 0x0000, 0x0000, 0x0000, 0x0000,
 0x0000, 0x0000, 0x0000, 0x0000, 0x0000, 0x0000, 0x0000, 0x0000, 0x0000, 0x0000, 0x0000, 0x0000, 0x0000, 0x0000, 0x0000, 0x0000,

};

const unsigned short Letter3[] = {
 0x0000, 0x0000, 0x0000, 0x0000, 0x0000, 0x0000, 0x0000, 0x0000, 0x0000, 0x0000, 0x0000, 0x0000, 0x0000, 0x0000, 0x0000, 0x0000,
 0x0000, 0x0000, 0x0000, 0x0000, 0x0000, 0x0000, 0x0000, 0x0000, 0x0000, 0x0000, 0x0000, 0x0000, 0x0000, 0x0000, 0x0000, 0x0000,
 0x0000, 0x0082, 0x0987, 0x5284, 0x0000, 0x0000, 0x0000, 0x0000, 0x0000, 0x0000, 0x0000, 0x0000, 0x0000, 0x0000, 0x0043, 0x2A2E,
 0x0A76, 0x131B, 0x1B5C, 0x1B18, 0x2A4F, 0x0042, 0x0000, 0x0000, 0x0000, 0x0000, 0x0000, 0x0000, 0x0000, 0x0000, 0x08C3, 0x1166,
 0x1A2A, 0x230F, 0x2C13, 0x3518, 0x3E1D, 0x3E7F, 0x3E7F, 0xC5EA, 0x0000, 0x0000, 0x0000, 0x0000, 0x0000, 0x0000, 0x0000, 0x0000,
 0x0022, 0x01D3, 0x0AFF, 0x5CBF, 0x135F, 0x139F, 0x1BDF, 0x241F, 0x54DF, 0x243C, 0x08E6, 0x0000, 0x0000, 0x0000, 0x0000, 0x0000,
 0x0000, 0x457B, 0x4E7F, 0x4E9F, 0x4E9F, 0x4E9F, 0x4E9F, 0x469F, 0x469F, 0x3E7F, 0x4E7D, 0xBD69, 0x0000, 0x0000, 0x0000, 0x0000,
 0x0000, 0x0000, 0x0000, 0x1108, 0x0A9C, 0x0ADF, 0x0AFF, 0x5CBF, 0x135F, 0x139F, 0x1BDF, 0x241F, 0x54DF, 0x2CBF, 0x2C7C, 0x0062,
 0x0000, 0x0000, 0x0000, 0x0000, 0x120A, 0x4E7F, 0x4E7F, 0x4E9F, 0x4E9F, 0x4E9F, 0x4E9F, 0x469F, 0x469F, 0x3E7F, 0x567C, 0xAD09,
 0x0000, 0x0000, 0x0000, 0x0000, 0x0000, 0x0000, 0x19AC, 0x64DF, 0x0ADF, 0x0ADF, 0x0AFF, 0x5CBF, 0x135F, 0x139F, 0x1BDF, 0x241F,
 0x54DF, 0x2CBF, 0x34FF, 0x2353, 0x0000, 0x0000, 0x0000, 0x0000, 0x3D39, 0x4E7F, 0x4E7F, 0x4E9F, 0x4E9F, 0x4E9F, 0x4E9F, 0x469F,
 0x469F, 0x3E7F, 0x667A, 0x9CA8, 0x0000, 0x0000, 0x0000, 0x0000, 0x0000, 0x012D, 0x2B9F, 0x6CFF, 0x0ADF, 0x0ADF, 0x0B1F, 0x5CBF,
 0x135F, 0x1B9F, 0x1BDF, 0x241F, 0x54DF, 0x2CBF, 0x34FF, 0x353F, 0x00A3, 0x0000, 0x0000, 0x1A6C, 0x4E5F, 0x4E7F, 0x4E7F, 0x4E9F,
 0x4E9F, 0x4E9F, 0x4E9F, 0x469F, 0x467F, 0x3E7F, 0x7679, 0x9427, 0x0000, 0x0000, 0x0000, 0x0000, 0x114B, 0x029F, 0x2B9F, 0x6CFF,
 0x0ADF, 0x0AFF, 0x0B1F, 0x5CBF, 0x135F, 0x1B9F, 0x1BDF, 0x241F, 0x54FF, 0x2CBF, 0x351F, 0x355F, 0x1A8E, 0x0000, 0x0041, 0x459C,
 0x4E5F, 0x4E7F, 0x4E7F, 0x4E9F, 0x4E9F, 0x4E9F, 0x4E7F, 0x469F, 0x467F, 0x3E7F, 0x8697, 0x83C6, 0x0000, 0x0000, 0x0000, 0x1947,
 0x5C7E, 0x029F, 0x2B9F, 0x6CFF, 0x0ADF, 0x0AFF, 0x0B1F, 0x5CBF, 0x137F, 0x1B9F, 0x1BDF, 0x243F, 0x54FF, 0x2CBF, 0x351F, 0x3D5F,
 0x2C38, 0x0000, 0x2372, 0x4E3F, 0x4E5F, 0x4E7F, 0x4E7F, 0x4E9F, 0x4E9F, 0x4E9F, 0x4E7F, 0x469F, 0x467F, 0x3E7F, 0x8E96, 0x7366,
 0x0000, 0x0000, 0x0042, 0x74DC, 0x5C9F, 0x029F, 0x2B9F, 0x6CFF, 0x0ADF, 0x0AFF, 0x0B1F, 0x5CBF, 0x137F, 0x1BBF, 0x1BFF, 0x243F,
 0x54FF, 0x2CDF, 0x351F, 0x3D5F, 0x3D7E, 0x1167, 0x45FF, 0x4E3F, 0x4E5F, 0x4E7F, 0x4E7F, 0x4E9F, 0x4E9F, 0x4E9F, 0x4E9F, 0x467F,
 0x467F, 0x3E7F, 0x9E94, 0x6305, 0x0000, 0x0000, 0x19F3, 0x7D7F, 0x5C9F, 0x029F, 0x2B9F, 0x6CFF, 0x0ADF, 0x0AFF, 0x0B1F, 0x5CBF,
 0x137F, 0x1BBF, 0x1BFF, 0x243F, 0x4CFF, 0x2CDF, 0x351F, 0x3D5F, 0x3D9F, 0x3D5C, 0x461F, 0x4E3F, 0x4E5F, 0x4E7F, 0x4E7F, 0x4E9F,
 0x4E9F, 0x4E9F, 0x4E7F, 0x467F, 0x467F, 0x3E7F, 0xAE93, 0x5A84, 0x0000, 0x08C6, 0x22FD, 0x7D7F, 0x5C9F, 0x029F, 0x339F, 0x6CFF,
 0x0ADF, 0x0AFF, 0x0A37, 0x1948, 0x098E, 0x1BBF, 0x1BFF, 0x243F, 0x4CFF, 0x2CDF, 0x351F, 0x3D5F, 0x3D9F, 0x45DF, 0x461F, 0x4E3F,
 0x4E5F, 0x4E7F, 0x4E7F, 0x4E9F, 0x4E9F, 0x4E7F, 0x4E7F, 0x467F, 0x467F, 0x3E7F, 0xBEB1, 0x4A23, 0x0000, 0x4336, 0x22FD, 0x7D7F,
 0x5C9F, 0x029F, 0x339F, 0x6CFF, 0x0ADF, 0x0A16, 0x0000, 0x0000, 0x0000, 0x1274, 0x1BFF, 0x243F, 0x4CFF, 0x2CDF, 0x351F, 0x3D7F,
 0x3DBF, 0x45DF, 0x461F, 0x4E3F, 0x4E5F, 0x769A, 0x6E59, 0x4E9F, 0x4E9F, 0x4E9F, 0x4E7F, 0x467F, 0x467F, 0x3E5F, 0xC6AF, 0x39C3,
 0x10C4, 0x649E, 0x22FD, 0x7D7F, 0x5C9F, 0x029F, 0x33BF, 0x6CFF, 0x0ADE, 0x0043, 0x0000, 0x0000, 0x0000, 0x096B, 0x1BFF, 0x245F,
 0x54FF, 0x2CDF, 0x353F, 0x3D7F, 0x3DBF, 0x45DF, 0x461F, 0x4E3F, 0x7E78, 0xD66B, 0x3B6D, 0x4E9F, 0x4E9F, 0x4E9F, 0x4E7F, 0x467F,
 0x467F, 0x3E5F, 0xD6AE, 0x2962, 0x3A8E, 0x649E, 0x22FD, 0x7D7F, 0x5C9F, 0x029F, 0x33BF, 0x6CFF, 0x01F4, 0x0000, 0x0000, 0x0000,
 0x0000, 0x00E7, 0x23FF, 0x245F, 0x54FF, 0x34FF, 0x353F, 0x3D7F, 0x3DBF, 0x45FF, 0x461F, 0x665C, 0xE6AC, 0x4A44, 0x232F, 0x4E9F,
 0x4E9F, 0x4E9F, 0x4E7F, 0x467F, 0x467F, 0x465F, 0xE6AC, 0x20E1, 0x53B5, 0x649E, 0x231D, 0x7D7F, 0x5C9F, 0x029F, 0x33BF, 0x6CFF,
 0x01B2, 0x0000, 0x0020, 0x0000, 0x0000, 0x00C6, 0x241F, 0x245F, 0x54FF, 0x34FF, 0x353F, 0x3D7F, 0x3DBF, 0x45FF, 0x4E1E, 0xCEAF,
 0x9427, 0x0000, 0x2BD2, 0x4E9F, 0x4E9F, 0x4E9F, 0x4E7F, 0x467F, 0x467F, 0x4E5E, 0xE6AC, 0x1080, 0x6459, 0x649E, 0x231D, 0x7D7F,
 0x5C9F, 0x02BF, 0x33BF, 0x6CFF, 0x0AFF, 0xB5AF, 0x3182, 0x0000, 0x0000, 0x00C6, 0x241F, 0x245F, 0x551F, 0x34FF, 0x353F, 0x3D7F,
 0x3DBF, 0x45FF, 0xAE73, 0xCDEA, 0x0840, 0x0000, 0x3495, 0x4E9F, 0x4E9F, 0x4E7F, 0x4E7F, 0x467F, 0x467F, 0x565D, 0xE6AC, 0x0020,
 0x6C7A, 0x649E, 0x231D, 0x7D7F, 0x5C9F, 0x02BF, 0x33BF, 0x6CFF, 0x0AFF, 0xDE8C, 0x0860, 0x0000, 0x0000, 0x0908, 0x241F, 0x245F,
 0x551F, 0x34FF, 0x355F, 0x3D9F, 0x3DBF, 0x8637, 0xE68B, 0x3162, 0x0000, 0x0000, 0x3D59, 0x4E9F, 0x4E9F, 0x4E7F, 0x4E7F, 0x467F,
 0x467F, 0x667B, 0xDE6B, 0x0000, 0x5C17, 0x649E, 0x231D, 0x7D7F, 0x5C9F, 0x02BF, 0x33BF, 0x6CFF, 0x2B9C, 0xD62B, 0x0000, 0x0000,
 0x0000, 0x096B, 0x241F, 0x247F, 0x551F, 0x34FF, 0x355F, 0x3D9F, 0x5DFB, 0xE6AC, 0x7345, 0x0000, 0x0000, 0x0000, 0x4E1D, 0x569E,
 0x669C, 0x769A, 0x7E98, 0x8E97, 0x9695, 0xB692, 0xD60A, 0x0000, 0x530D, 0x649E, 0x231D, 0x7D7F, 0x5C9F, 0x02BF, 0x33BF, 0x6CFF,
 0x5438, 0xB529, 0x0000, 0x0000, 0x0000, 0x09CE, 0x243F, 0x2C7F, 0x551F, 0x453D, 0x6DB9, 0x9635, 0xD68E, 0xB549, 0x0000, 0x0000,
 0x0000, 0x0860, 0xDE8C, 0xDE4B, 0xD62B, 0xC5CA, 0xBD69, 0xAD08, 0x9C88, 0x9427, 0x7345, 0x0000, 0x18C1, 0x9534, 0x231D, 0x7D7F,
 0x5C9F, 0x02BF, 0x33DF, 0x6CFF, 0x84F5, 0x8C27, 0x0000, 0x0000, 0x0000, 0x3AEE, 0x8575, 0xAE11, 0xDE8E, 0xE6AC, 0xCDEA, 0x9C88,
 0x7345, 0x18A1, 0x0000, 0x0000, 0x0000, 0x0000, 0x0000, 0x0000, 0x0000, 0x0000, 0x0000, 0x0000, 0x0000, 0x0000, 0x0000, 0x0000,
 0x0000, 0x5AC4, 0xAD92, 0x859E, 0x5C9F, 0x02BF, 0x33DF, 0x6CFF, 0xADB1, 0x6B25, 0x0000, 0x0000, 0x0000, 0x9427, 0x9CA8, 0x7345,
 0x41E3, 0x1081, 0x0000, 0x0000, 0x0000, 0x0000, 0x0000, 0x0000, 0x0000, 0x0000, 0x0000, 0x0000, 0x0000, 0x0000, 0x0000, 0x0000,
 0x0000, 0x0000, 0x0000, 0x0000, 0x0000, 0x0000, 0x5264, 0xCE0B, 0xA5B4, 0x339B, 0x3BDF, 0x6CFF, 0xD66D, 0x4A23, 0x0000, 0x0000,
 0x0000, 0x0000, 0x0000, 0x0000, 0x0000, 0x0000, 0x0000, 0x0000, 0x0000, 0x0000, 0x0000, 0x0000, 0x0000, 0x0000, 0x0000, 0x0000,
 0x0000, 0x0000, 0x0000, 0x0000, 0x0000, 0x0000, 0x0000, 0x0000, 0x0000, 0x0000, 0x0000, 0x0020, 0x5244, 0x9C68, 0xC5CC, 0xCE50,
 0xE6AC, 0x2101, 0x0000, 0x0000, 0x0000, 0x0000, 0x0000, 0x0000, 0x0000, 0x0000, 0x0000, 0x0000, 0x0000, 0x0000, 0x0000, 0x0000,
 0x0000, 0x0000, 0x0000, 0x0000, 0x0000, 0x0000, 0x0000, 0x0000, 0x0000, 0x0000, 0x0000, 0x0000, 0x0000, 0x0000, 0x0000, 0x0000,
 0x0000, 0x0000, 0x0000, 0x0020, 0x18C1, 0x0000, 0x0000, 0x0000, 0x0000, 0x0000, 0x0000, 0x0000, 0x0000, 0x0000, 0x0000, 0x0000,
 0x0000, 0x0000, 0x0000, 0x0000, 0x0000, 0x0000, 0x0000, 0x0000, 0x0000, 0x0000, 0x0000, 0x0000, 0x0000, 0x0000, 0x0000, 0x0000,

};

const unsigned short LetterA[] = {
 0x0000, 0x0000, 0x0000, 0x0000, 0x0000, 0x0000, 0x0000, 0x0000, 0x0000, 0x0000, 0x0000, 0x0000, 0x0000, 0x0000, 0x0000, 0x0000,
 0x0000, 0x0000, 0x0000, 0x0000, 0x0000, 0x0000, 0x0000, 0x0000, 0x0000, 0x0000, 0x0000, 0x0000, 0x0000, 0x0000, 0x0000, 0x0000,
 0x0000, 0x0000, 0x0000, 0x0000, 0x0000, 0x0000, 0x0000, 0x0021, 0x0000, 0x0000, 0x0000, 0x0000, 0x0000, 0x0000, 0x0000, 0x0000,
 0x0000, 0x0000, 0x0000, 0x0000, 0x0000, 0x0000, 0x0000, 0x0000, 0x0000, 0x0000, 0x0000, 0x0000, 0x0000, 0x0000, 0x0000, 0x0000,
 0x0000, 0x0000, 0x0000, 0x0000, 0x0000, 0x0000, 0x0000, 0x0000, 0x0000, 0x0000, 0x0000, 0x2AD7, 0x6CFE, 0x64BD, 0x0A39, 0x22D7,
 0x3B15, 0x01B3, 0x0191, 0x11CE, 0x11AD, 0x012B, 0x012A, 0x0108, 0x1107, 0x08E7, 0x00C5, 0x08C5, 0x00A4, 0x00A4, 0x00A3, 0x00A3,
 0x08C4, 0x08C3, 0x08E4, 0x0925, 0x0946, 0x11A7, 0x11E8, 0x126A, 0x12AC, 0x1B4E, 0x63A9, 0x39A2, 0x0000, 0x0000, 0x0063, 0x2B1A,
 0x751F, 0x6CFF, 0x0ABE, 0x33BF, 0x549F, 0x0ADF, 0x0ADF, 0x33DF, 0x2BDF, 0x135F, 0x137F, 0x1BBF, 0x4C9F, 0x245F, 0x2C9F, 0x34FF,
 0x353F, 0x3D9F, 0x45DF, 0x461F, 0x463F, 0x4E5F, 0x4E7F, 0x4E9F, 0x4EBF, 0x46BF, 0x46DF, 0x3EFF, 0x3F1F, 0x371F, 0xCECE, 0x39C3,
 0x0000, 0x0000, 0x1129, 0x2AFA, 0x751F, 0x6CFF, 0x0ABF, 0x33BF, 0x549F, 0x0ADF, 0x0ADF, 0x33DF, 0x2BDF, 0x135F, 0x137F, 0x1BBF,
 0x4C9F, 0x245F, 0x2C9F, 0x34FF, 0x353F, 0x3D9F, 0x45DF, 0x45FF, 0x463F, 0x4E5F, 0x4E7F, 0x4E9F, 0x4EBF, 0x46BF, 0x46DF, 0x3EFF,
 0x3F1F, 0x471E, 0xE6CC, 0x10A1, 0x0000, 0x0000, 0x32B2, 0x2AFB, 0x751F, 0x6CFF, 0x0ABF, 0x33BF, 0x549F, 0x0ADF, 0x0ADF, 0x33DF,
 0x2BBF, 0x135F, 0x137F, 0x1BBF, 0x4C9F, 0x243F, 0x2C9F, 0x34FF, 0x353F, 0x3D9F, 0x45DF, 0x45FF, 0x463F, 0x4E5F, 0x4E7F, 0x4E9F,
 0x4EBF, 0x46BF, 0x46DF, 0x3EFF, 0x3EFF, 0x6EFA, 0xCE0A, 0x0000, 0x0000, 0x0000, 0x53FA, 0x22FB, 0x751F, 0x6CFF, 0x0ABF, 0x33BF,
 0x549F, 0x0ADF, 0x0ADF, 0x33DF, 0x2BBF, 0x135F, 0x137F, 0x1BBF, 0x4C9F, 0x243F, 0x2C9F, 0x34DF, 0x353F, 0x3D7F, 0x3DBF, 0x45FF,
 0x463F, 0x4E5F, 0x4E7F, 0x4E9F, 0x4EBF, 0x46BF, 0x46DF, 0x3EFF, 0x3EFF, 0x8EF6, 0xA4C8, 0x0000, 0x0000, 0x10A4, 0x5C7D, 0x22FB,
 0x751F, 0x6CFF, 0x0ABF, 0x33DF, 0x547F, 0x0ADF, 0x0ADF, 0x33DF, 0x2BBF, 0x135F, 0x137F, 0x1BBF, 0x4C9F, 0x243F, 0x2C9F, 0x2CDF,
 0x353F, 0x3D7F, 0x3DBF, 0x45FF, 0x461F, 0x4E5F, 0x4E7F, 0x4E9F, 0x4E9F, 0x46BF, 0x46DF, 0x3EFF, 0x3EFF, 0xB6D2, 0x83C6, 0x0000,
 0x0000, 0x29EB, 0x5C7D, 0x22FB, 0x751F, 0x6CFF, 0x0ABF, 0x3BDF, 0x547F, 0x0ABF, 0x0ADF, 0x33DF, 0x2BBF, 0x133F, 0x137F, 0x1BBF,
 0x4C9F, 0x243F, 0x2C7F, 0x2CDF, 0x351F, 0x3D7F, 0x3DBF, 0x45FF, 0x461F, 0x4E5F, 0x4E7F, 0x4E7F, 0x4E9F, 0x4EBF, 0x46DF, 0x46FF,
 0x3EFF, 0xD6CE, 0x5AA4, 0x0000, 0x0000, 0x4B32, 0x5C7D, 0x22DC, 0x751F, 0x64DF, 0x0ABF, 0x3BDF, 0x547F, 0x0ABF, 0x0ADF, 0x3BFF,
 0x2BBF, 0x133F, 0x137F, 0x1BBF, 0x4C9F, 0x243F, 0x2C7F, 0x2CDF, 0x351F, 0x3D7F, 0x3DBF, 0x45FF, 0x461F, 0x4E5F, 0x4E7F, 0x4E7F,
 0x4E9F, 0x469E, 0x46DF, 0x46DF, 0x56FD, 0xE6CC, 0x3182, 0x0000, 0x0000, 0x6C9A, 0x5C7D, 0x1ADC, 0x751F, 0x64BE, 0x029E, 0x3BDF,
 0x547F, 0x0ABF, 0x0ADF, 0x3BFF, 0x233A, 0x09D2, 0x09D0, 0x09CF, 0x220E, 0x09AC, 0x11CC, 0x098A, 0x0989, 0x0968, 0x0947, 0x1188,
 0x1A6C, 0x232F, 0x2BD2, 0x3475, 0x3D79, 0x467E, 0x46DF, 0x46DF, 0x76D9, 0xE6AC, 0x0860, 0x0000, 0x0000, 0x0883, 0x0862, 0x0001,
 0x0000, 0x0000, 0x012E, 0x3BDF, 0x547F, 0x0ABF, 0x0ADF, 0x3BFF, 0x220F, 0x0000, 0x0000, 0x0000, 0x0000, 0x0063, 0x0907, 0x120D,
 0x1AF2, 0x2C17, 0x3D3C, 0x45FF, 0x461F, 0x4E5F, 0x4E7F, 0x4E7F, 0x4E9F, 0x4EBF, 0x46BF, 0x46DF, 0x9ED5, 0xCE0A, 0x0000, 0x0000,
 0x0000, 0x0000, 0x0000, 0x0000, 0x0000, 0x0000, 0x01B4, 0x3BDF, 0x545F, 0x0ABF, 0x0ADF, 0x3BFF, 0x2231, 0x016E, 0x0A13, 0x12D8,
 0x445D, 0x241F, 0x247F, 0x2CBF, 0x351F, 0x3D5F, 0x3DBF, 0x45FF, 0x461F, 0x4E5F, 0x4E7F, 0x4E7F, 0x4E9F, 0x4EBF, 0x46BF, 0x46DF,
 0xBED0, 0xA4A8, 0x0000, 0x0000, 0x0000, 0x0000, 0x0000, 0x0000, 0x0020, 0x10E6, 0x025B, 0x3BFF, 0x4C5F, 0x0ABF, 0x0ADF, 0x3BFF,
 0x239F, 0x133F, 0x135F, 0x1B9F, 0x449F, 0x241F, 0x247F, 0x2CBF, 0x351F, 0x3D5F, 0x3D9F, 0x45DF, 0x461F, 0x4E5F, 0x4E7F, 0x4E7F,
 0x4E9F, 0x4EBF, 0x46BF, 0x46DF, 0xDECD, 0x7366, 0x0000, 0x0000, 0x0000, 0x0000, 0x3AF3, 0x1A78, 0x751F, 0x64DF, 0x029F, 0x3BFF,
 0x4C5F, 0x0ABF, 0x0ADF, 0x3BFF, 0x239F, 0x133F, 0x135F, 0x1B9F, 0x4C9F, 0x241F, 0x245F, 0x2CBF, 0x351F, 0x3D5F, 0x3D9F, 0x45DF,
 0x461F, 0x4E5F, 0x5E7D, 0x6E9B, 0x8698, 0x9EB5, 0xAEB3, 0xC6D0, 0xE6CC, 0x4A44, 0x0000, 0x0000, 0x0000, 0x0883, 0x5C7E, 0x1ADC,
 0x753F, 0x64DF, 0x029F, 0x3BFF, 0x4C5F, 0x0ABF, 0x0ADF, 0x3BFF, 0x239F, 0x133F, 0x135F, 0x1B9F, 0x4C9F, 0x241F, 0x245F, 0x2CBF,
 0x3D1E, 0x65BA, 0x8E36, 0xB672, 0xD6AE, 0xE6AC, 0xE6AC, 0xEECC, 0xEECC, 0xEECC, 0xE6AC, 0xCDEA, 0xA4C8, 0x18C1, 0x0000, 0x0000,
 0x0000, 0x1947, 0x5C7E, 0x1ADC, 0x753F, 0x64DF, 0x029F, 0x3BFF, 0x4C5F, 0x02BF, 0x0ABF, 0x3BFF, 0x239F, 0x131F, 0x135F, 0x139F,
 0x4C9E, 0x54DA, 0x95B4, 0xC64F, 0xE6AC, 0xEECC, 0xEECC, 0xEECC, 0xEECC, 0xE68B, 0xB549, 0x9447, 0x6B05, 0x39A2, 0x1081, 0x0000,
 0x0000, 0x0000, 0x0000, 0x0000, 0x0000, 0x320C, 0x5C7E, 0x1ADC, 0x753F, 0x64BF, 0x029F, 0x3BFF, 0x4C5F, 0x02BF, 0x0ABF, 0x3BFF,
 0x237F, 0x2B9C, 0x74F6, 0xB5F0, 0xE6AC, 0xEECC, 0xEECC, 0xEECC, 0xE6AB, 0xC5CA, 0x9427, 0x62E5, 0x2942, 0x0020, 0x0000, 0x0000,
 0x0000, 0x0000, 0x0000, 0x0000, 0x0000, 0x0000, 0x0000, 0x0000, 0x0000, 0x42F1, 0x5C7E, 0x1ADC, 0x753F, 0x64BF, 0x029F, 0x3BDF,
 0x4C5F, 0x02BF, 0x2B7C, 0x8D55, 0xC62F, 0xE6AC, 0xEECC, 0xEECC, 0xE6AB, 0xB529, 0x83C6, 0x4203, 0x10A1, 0x0000, 0x0000, 0x0000,
 0x0000, 0x0000, 0x0000, 0x0000, 0x0000, 0x0000, 0x0000, 0x0000, 0x0000, 0x0000, 0x0000, 0x0000, 0x0000, 0x53B5, 0x5C7E, 0x1ABC,
 0x753F, 0x64BF, 0x029F, 0x5C5B, 0x9D96, 0xBDF0, 0xE6AC, 0xEECC, 0xE6AB, 0xB549, 0x7B86, 0x39C3, 0x0840, 0x0000, 0x0000, 0x0000,
 0x0000, 0x0000, 0x0000, 0x0000, 0x0000, 0x0000, 0x0000, 0x0000, 0x0000, 0x0000, 0x0000, 0x0000, 0x0000, 0x0000, 0x0000, 0x0000,
 0x0000, 0x74DC, 0x5C7E, 0x22DC, 0x959A, 0xB5F4, 0xD64E, 0xEECC, 0xE6AC, 0xC5CA, 0x83C6, 0x4A23, 0x0840, 0x0000, 0x0000, 0x0000,
 0x0000, 0x0000, 0x0000, 0x0000, 0x0000, 0x0000, 0x0000, 0x0000, 0x0000, 0x0000, 0x0000, 0x0000, 0x0000, 0x0000, 0x0000, 0x0000,
 0x0000, 0x0000, 0x0000, 0x0000, 0x0041, 0x95BB, 0xB5F3, 0xD66D, 0xEECC, 0xDE4B, 0xA4A8, 0x5AA4, 0x18C1, 0x0000, 0x0000, 0x0000,
 0x0000, 0x0000, 0x0000, 0x0000, 0x0000, 0x0000, 0x0000, 0x0000, 0x0000, 0x0000, 0x0000, 0x0000, 0x0000, 0x0000, 0x0000, 0x0000,
 0x0000, 0x0000, 0x0000, 0x0000, 0x0000, 0x0000, 0x0000, 0x0000, 0x2942, 0xE6AC, 0xCDCA, 0x83A6, 0x39C3, 0x0000, 0x0000, 0x0000,
 0x0000, 0x0000, 0x0000, 0x0000, 0x0000, 0x0000, 0x0000, 0x0000, 0x0000, 0x0000, 0x0000, 0x0000, 0x0000, 0x0000, 0x0000, 0x0000,
 0x0000, 0x0000, 0x0000, 0x0000, 0x0000, 0x0000, 0x0000, 0x0000, 0x0000, 0x0000, 0x0000, 0x0000, 0x18A1, 0x2102, 0x0000, 0x0000,
 0x0000, 0x0000, 0x0000, 0x0000, 0x0000, 0x0000, 0x0000, 0x0000, 0x0000, 0x0000, 0x0000, 0x0000, 0x0000, 0x0000, 0x0000, 0x0000,
 0x0000, 0x0000, 0x0000, 0x0000, 0x0000, 0x0000, 0x0000, 0x0000, 0x0000, 0x0000, 0x0000, 0x0000, 0x0000, 0x0000, 0x0000, 0x0000,

};

const unsigned short LetterC[] = {
 0x0000, 0x0000, 0x0000, 0x0000, 0x0000, 0x0000, 0x0000, 0x0000, 0x0000, 0x0000, 0x0000, 0x0000, 0x0000, 0x0000, 0x0000, 0x0000,
 0x0000, 0x0000, 0x0000, 0x0000, 0x0000, 0x0000, 0x0000, 0x0000, 0x0000, 0x0000, 0x0000, 0x0000, 0x0000, 0x0000, 0x0000, 0x0000,
 0x0000, 0x0000, 0x0000, 0x0000, 0x0000, 0x0000, 0x0000, 0x0000, 0x0000, 0x0000, 0x0000, 0x0000, 0x0000, 0x0000, 0x0000, 0x0000,
 0x0000, 0x0000, 0x0000, 0x0000, 0x0000, 0x0000, 0x0000, 0x0000, 0x0000, 0x0000, 0x0000, 0x0000, 0x0000, 0x0000, 0x0000, 0x0000,
 0x0946, 0x2C54, 0x0946, 0x0000, 0x0000, 0x0000, 0x0000, 0x0000, 0x0000, 0x0000, 0x0000, 0x0000, 0x0000, 0x0000, 0x0000, 0x0000,
 0x0000, 0x0000, 0x0000, 0x0000, 0x0000, 0x0000, 0x0000, 0x0000, 0x0000, 0x0000, 0x0000, 0x0000, 0x0000, 0x0000, 0x0000, 0x0000,
 0x0000, 0x0000, 0x0000, 0x11C8, 0x465D, 0x4EDF, 0x46DF, 0x2390, 0x0000, 0x0000, 0x0000, 0x0000, 0x0000, 0x0000, 0x0000, 0x0000,
 0x0000, 0x0000, 0x0000, 0x0000, 0x0000, 0x0000, 0x0000, 0x0000, 0x0000, 0x0000, 0x0000, 0x0000, 0x0000, 0x0000, 0x0000, 0x0000,
 0x0000, 0x0000, 0x0000, 0x0000, 0x0000, 0x0000, 0x1A8C, 0x4E9F, 0x4EBF, 0x4EDF, 0x46DF, 0x46FF, 0x23D1, 0x0000, 0x0000, 0x0000,
 0x0000, 0x0000, 0x0000, 0x0000, 0x0000, 0x0000, 0x0000, 0x0000, 0x0000, 0x0000, 0x0000, 0x0000, 0x0000, 0x0000, 0x0000, 0x0000,
 0x0000, 0x0000, 0x0000, 0x0000, 0x0000, 0x0000, 0x0000, 0x0000, 0x0000, 0x230F, 0x4E7F, 0x4E9F, 0x4EBF, 0x4EDF, 0x46DF, 0x46FF,
 0x3EFF, 0x1209, 0x0000, 0x0000, 0x0000, 0x0000, 0x0000, 0x0000, 0x0000, 0x0000, 0x0000, 0x0000, 0x0000, 0x0000, 0x0000, 0x0000,
 0x0000, 0x0000, 0x0000, 0x0000, 0x0000, 0x0000, 0x0000, 0x0000, 0x0000, 0x0000, 0x0000, 0x0000, 0x2BD3, 0x465F, 0x4E9F, 0x4E9F,
 0x4EBF, 0x4EDF, 0x46DF, 0x46FF, 0x3EFF, 0x2D37, 0x0000, 0x0000, 0x0000, 0x0000, 0x0000, 0x0000, 0x0000, 0x0000, 0x09B0, 0x2272,
 0x21AB, 0x0042, 0x0000, 0x0000, 0x0000, 0x0000, 0x0000, 0x0000, 0x0000, 0x0000, 0x0000, 0x0000, 0x0000, 0x0000, 0x0000, 0x0000,
 0x2371, 0x465F, 0x4E9F, 0x4E9F, 0x4EBF, 0x4EDF, 0x46DF, 0x46FF, 0x3F1F, 0x3EDE, 0x0000, 0x0000, 0x0000, 0x0000, 0x0000, 0x0000,
 0x0000, 0x2A92, 0x1AFD, 0x441E, 0x549F, 0x0ADF, 0x0A7A, 0x00E9, 0x0000, 0x0000, 0x0000, 0x0000, 0x0000, 0x0000, 0x0000, 0x0000,
 0x0000, 0x0000, 0x0000, 0x0000, 0x0082, 0x465F, 0x4E9F, 0x4E9F, 0x4EBF, 0x4EDF, 0x46DF, 0x46FF, 0x3F1F, 0x3F1F, 0x0041, 0x0000,
 0x0000, 0x0000, 0x0000, 0x0000, 0x42F0, 0x5C9E, 0x1AFD, 0x441E, 0x549F, 0x0AFF, 0x0191, 0x0000, 0x0000, 0x0000, 0x0000, 0x0000,
 0x0000, 0x0000, 0x0000, 0x0000, 0x0000, 0x0000, 0x0000, 0x0000, 0x0041, 0x465F, 0x4E9F, 0x4E9F, 0x4EBF, 0x4EDF, 0x46DF, 0x46FF,
 0x3F1F, 0x3EFF, 0x0000, 0x0000, 0x0000, 0x0000, 0x0000, 0x1948, 0x7D7F, 0x5C9E, 0x1AFD, 0x441E, 0x549F, 0x01B1, 0x0000, 0x0000,
 0x0000, 0x0000, 0x0000, 0x0000, 0x0000, 0x0000, 0x0000, 0x0000, 0x0000, 0x0000, 0x0000, 0x0000, 0x1A6C, 0x465F, 0x4E9F, 0x4E9F,
 0x4EBF, 0x4EDF, 0x46DF, 0x46FF, 0x3F1F, 0x3DD9, 0x0000, 0x0000, 0x0000, 0x0000, 0x0000, 0x4B56, 0x7D7F, 0x5C7E, 0x1AFD, 0x441E,
 0x543C, 0x0000, 0x0000, 0x0000, 0x0000, 0x0000, 0x0000, 0x0000, 0x0000, 0x0000, 0x0000, 0x0000, 0x0000, 0x0000, 0x0000, 0x0905,
 0x45DD, 0x465F, 0x4E9F, 0x4E9F, 0x4EBF, 0x4EDF, 0x46DF, 0x46FF, 0x471F, 0x53AA, 0x0000, 0x0000, 0x0000, 0x0000, 0x1907, 0x53F9,
 0x7D7F, 0x5C7E, 0x1AFD, 0x441E, 0x4B12, 0x0000, 0x0000, 0x0000, 0x0000, 0x0000, 0x0000, 0x0000, 0x0000, 0x0000, 0x0000, 0x0000,
 0x0000, 0x0000, 0x0947, 0x3D7C, 0x463F, 0x465F, 0x4E7F, 0x4E9F, 0x4EBF, 0x4EDF, 0x46DF, 0x46FF, 0x8E95, 0x18C1, 0x0000, 0x0000,
 0x0000, 0x0000, 0x324E, 0x53F9, 0x7D7F, 0x5C7E, 0x1AFD, 0x441E, 0x4312, 0x0000, 0x0000, 0x0000, 0x0000, 0x0000, 0x0000, 0x0000,
 0x0000, 0x0000, 0x0000, 0x0000, 0x0021, 0x1AF0, 0x3D9E, 0x45FF, 0x463F, 0x465F, 0x4E7F, 0x4E9F, 0x4EBF, 0x4EDF, 0x46DF, 0x7ED8,
 0x6B25, 0x0000, 0x0000, 0x0000, 0x0000, 0x0000, 0x42F3, 0x53F9, 0x7D7F, 0x5C7E, 0x1AFD, 0x441F, 0x543B, 0x0000, 0x0000, 0x0000,
 0x0000, 0x0000, 0x0000, 0x0000, 0x0000, 0x0000, 0x0000, 0x11EC, 0x2C9C, 0x3D5F, 0x3DBF, 0x45FF, 0x463F, 0x4E5F, 0x4E7F, 0x4E9F,
 0x4EBF, 0x4EDF, 0x76D9, 0xAD29, 0x0000, 0x0000, 0x0000, 0x0000, 0x0000, 0x0000, 0x4B34, 0x53F9, 0x7D7F, 0x5C7E, 0x1AFD, 0x441F,
 0x549F, 0x01D3, 0x0001, 0x0000, 0x0000, 0x0000, 0x0000, 0x0000, 0x0084, 0x2A70, 0x241C, 0x2CDF, 0x351F, 0x3D5F, 0x3DBF, 0x45FF,
 0x463F, 0x465F, 0x4E7F, 0x4E9F, 0x4EBF, 0x86B8, 0xBDAA, 0x1080, 0x0000, 0x0000, 0x0000, 0x0000, 0x0000, 0x0000, 0x4313, 0x53FA,
 0x7D7F, 0x5C7E, 0x1ADD, 0x441F, 0x547F, 0x0ADF, 0x0ABC, 0x1213, 0x2A50, 0x09D1, 0x0A55, 0x1B5B, 0x23FF, 0x4CDF, 0x2C9F, 0x2CDF,
 0x351F, 0x3D5F, 0x3DBF, 0x45FF, 0x461F, 0x4E5F, 0x4E7F, 0x4E9F, 0xA6B4, 0xB529, 0x1081, 0x0000, 0x0000, 0x0000, 0x0000, 0x0000,
 0x0000, 0x0000, 0x4ACD, 0x53FA, 0x7D7F, 0x5C7E, 0x1ADD, 0x441F, 0x547F, 0x0ADF, 0x0AFF, 0x1B5F, 0x4C7F, 0x135F, 0x139F, 0x1BDF,
 0x23FF, 0x4CDF, 0x2C9F, 0x2CDF, 0x351F, 0x3D5F, 0x3DBF, 0x45FF, 0x461F, 0x4E5F, 0x6E9B, 0xCEAF, 0x8C27, 0x0020, 0x0000, 0x0000,
 0x0000, 0x0000, 0x0000, 0x0000, 0x0000, 0x0000, 0x39C3, 0x9D74, 0x7D7F, 0x5C7E, 0x1ADD, 0x441F, 0x547F, 0x0ADF, 0x0AFF, 0x1B5F,
 0x4C7F, 0x135F, 0x139F, 0x1BBF, 0x23FF, 0x4CDF, 0x2C9F, 0x2CDF, 0x351F, 0x3D5F, 0x3DBF, 0x45FF, 0x563D, 0xA694, 0xCE0B, 0x4A23,
 0x0000, 0x0000, 0x0000, 0x0000, 0x0000, 0x0000, 0x0000, 0x0000, 0x0000, 0x0000, 0x0000, 0x9447, 0xCE51, 0x649B, 0x12DD, 0x441F,
 0x547F, 0x0ADF, 0x0AFF, 0x1B5F, 0x4C7F, 0x135F, 0x139F, 0x1BBF, 0x23FF, 0x4CDF, 0x2C9F, 0x2CDF, 0x351F, 0x3D5F, 0x5DDC, 0xA654,
 0xDE8C, 0x83C6, 0x0860, 0x0000, 0x0000, 0x0000, 0x0000, 0x0000, 0x0000, 0x0000, 0x0000, 0x0000, 0x0000, 0x0000, 0x0000, 0x0020,
 0x8C07, 0xE6AC, 0x9D52, 0x74FA, 0x547F, 0x0ADF, 0x0AFF, 0x1B5F, 0x4C7F, 0x135F, 0x139F, 0x1BBF, 0x23FF, 0x4CBF, 0x2C9F, 0x4D1C,
 0x85D6, 0xC670, 0xDE6B, 0x83E7, 0x18C1, 0x0000, 0x0000, 0x0000, 0x0000, 0x0000, 0x0000, 0x0000, 0x0000, 0x0000, 0x0000, 0x0000,
 0x0000, 0x0000, 0x0000, 0x0000, 0x0000, 0x39C3, 0xB549, 0xE6AC, 0xDE6D, 0xA591, 0x84F5, 0x74B7, 0x8538, 0x5479, 0x64B8, 0x7517,
 0x8D74, 0xBE31, 0xD68D, 0xE6AB, 0xAD09, 0x5AA4, 0x0860, 0x0000, 0x0000, 0x0000, 0x0000, 0x0000, 0x0000, 0x0000, 0x0000, 0x0000,
 0x0000, 0x0000, 0x0000, 0x0000, 0x0000, 0x0000, 0x0000, 0x0000, 0x0000, 0x0000, 0x0000, 0x2922, 0x7345, 0xACE8, 0xCDEA, 0xE68B,
 0xE6AB, 0xE68B, 0xDE4B, 0xC5AA, 0xA4C8, 0x7BA6, 0x4A23, 0x1081, 0x0000, 0x0000, 0x0000, 0x0000, 0x0000, 0x0000, 0x0000, 0x0000,
 0x0000, 0x0000, 0x0000, 0x0000, 0x0000, 0x0000, 0x0000, 0x0000, 0x0000, 0x0000, 0x0000, 0x0000, 0x0000, 0x0000, 0x0000, 0x0000,
 0x0000, 0x0000, 0x0000, 0x0000, 0x0020, 0x0000, 0x0000, 0x0000, 0x0000, 0x0000, 0x0000, 0x0000, 0x0000, 0x0000, 0x0000, 0x0000,
 0x0000, 0x0000, 0x0000, 0x0000, 0x0000, 0x0000, 0x0000, 0x0000, 0x0000, 0x0000, 0x0000, 0x0000, 0x0000, 0x0000, 0x0000, 0x0000,
 0x0000, 0x0000, 0x0000, 0x0000, 0x0000, 0x0000, 0x0000, 0x0000, 0x0000, 0x0000, 0x0000, 0x0000, 0x0000, 0x0000, 0x0000, 0x0000,
 0x0000, 0x0000, 0x0000, 0x0000, 0x0000, 0x0000, 0x0000, 0x0000, 0x0000, 0x0000, 0x0000, 0x0000, 0x0000, 0x0000, 0x0000, 0x0000,

};

const unsigned short LetterD[] = {
 0x0000, 0x0000, 0x0000, 0x0000, 0x0000, 0x0000, 0x0000, 0x0000, 0x0000, 0x0000, 0x0000, 0x0000, 0x0000, 0x0000, 0x0000, 0x0000,
 0x0000, 0x0000, 0x0000, 0x0000, 0x0000, 0x0000, 0x0000, 0x0000, 0x0000, 0x0000, 0x0000, 0x0000, 0x0000, 0x0000, 0x0000, 0x0000,
 0x0000, 0x0000, 0x0000, 0x0000, 0x0000, 0x0000, 0x0000, 0x0000, 0x0000, 0x0000, 0x0000, 0x0000, 0x0000, 0x0000, 0x0000, 0x0000,
 0x0000, 0x0000, 0x0000, 0x0000, 0x0000, 0x0000, 0x0000, 0x0000, 0x0000, 0x08E5, 0x1A2C, 0x2351, 0x2BD3, 0x2BF3, 0x2B70, 0x1A2A,
 0x0062, 0x0000, 0x0000, 0x0000, 0x0000, 0x0000, 0x0000, 0x0000, 0x0000, 0x0000, 0x0000, 0x0000, 0x0000, 0x0000, 0x0000, 0x0000,
 0x0000, 0x0000, 0x0000, 0x0000, 0x0000, 0x0000, 0x0000, 0x0000, 0x0000, 0x0000, 0x0968, 0x1B13, 0x34DC, 0x3D9F, 0x45DF, 0x461F,
 0x4E3F, 0x4E7F, 0x4E9F, 0x4E9F, 0x4E7E, 0x2C13, 0x00A2, 0x0000, 0x0000, 0x0000, 0x0000, 0x0000, 0x0000, 0x0000, 0x0000, 0x0000,
 0x0000, 0x0000, 0x0000, 0x0000, 0x0000, 0x0000, 0x0000, 0x0000, 0x0000, 0x0000, 0x0000, 0x0021, 0x11CD, 0x3C3B, 0x3CFF, 0x351F,
 0x355F, 0x3D9F, 0x45DF, 0x461F, 0x4E3F, 0x4E7F, 0x4E9F, 0x4E9F, 0x4E9F, 0x4EBF, 0x465D, 0x11E9, 0x0000, 0x0000, 0x0000, 0x0000,
 0x0000, 0x0000, 0x0000, 0x0000, 0x0000, 0x0000, 0x0000, 0x0000, 0x0000, 0x0000, 0x0000, 0x0000, 0x0000, 0x0000, 0x094A, 0x1B9C,
 0x245F, 0x44DF, 0x3CFF, 0x34FF, 0x355F, 0x3D9F, 0x45DF, 0x461F, 0x4E3F, 0x4E7F, 0x4E9F, 0x4E9F, 0x4E9F, 0x4EBF, 0x4EBF, 0x46BE,
 0x11E8, 0x0000, 0x0000, 0x0000, 0x0000, 0x0000, 0x0000, 0x0000, 0x0000, 0x0000, 0x0000, 0x0000, 0x0000, 0x0000, 0x0000, 0x0000,
 0x0063, 0x1296, 0x1BDF, 0x241F, 0x245F, 0x44DF, 0x3CFF, 0x34FF, 0x355F, 0x3D9F, 0x45DF, 0x461F, 0x4E3F, 0x4E7F, 0x4E9F, 0x4E9F,
 0x4E9F, 0x4EBF, 0x4EBF, 0x46DF, 0x3E3C, 0x0041, 0x0000, 0x0000, 0x0000, 0x0000, 0x0000, 0x0000, 0x0000, 0x0000, 0x0000, 0x0000,
 0x0000, 0x0000, 0x0000, 0x00C7, 0x5C7C, 0x1B9F, 0x1BDF, 0x241F, 0x245F, 0x44DF, 0x3CDF, 0x34FF, 0x353F, 0x3D9F, 0x45DF, 0x45FF,
 0x4E3F, 0x4E5F, 0x4E9F, 0x4E9F, 0x4EBF, 0x4EBF, 0x4EBF, 0x46DF, 0x46DF, 0x2ACB, 0x0000, 0x0000, 0x0000, 0x0000, 0x0000, 0x0000,
 0x0000, 0x0000, 0x0000, 0x0000, 0x0000, 0x0000, 0x012B, 0x133E, 0x5CDF, 0x1B9F, 0x1BDF, 0x241F, 0x243F, 0x44DF, 0x3CDF, 0x34FF,
 0x353F, 0x3D7F, 0x3DBF, 0x45FF, 0x4E3F, 0x4E7F, 0x4E9F, 0x4E9F, 0x4EBF, 0x4EBF, 0x4EBF, 0x46DF, 0x46DF, 0x6CCF, 0x0000, 0x0000,
 0x0000, 0x0000, 0x0000, 0x0000, 0x0000, 0x0000, 0x0000, 0x0000, 0x0000, 0x014D, 0x133F, 0x135F, 0x5CDF, 0x1B9F, 0x1BDF, 0x23FF,
 0x243F, 0x449E, 0x2334, 0x118A, 0x0083, 0x0000, 0x0021, 0x11C9, 0x459B, 0x4E7F, 0x4E9F, 0x4E9F, 0x4EBF, 0x4EBF, 0x4EBF, 0x46DF,
 0x46DF, 0x9DD0, 0x0000, 0x0000, 0x0000, 0x0000, 0x0000, 0x0000, 0x0000, 0x0000, 0x0000, 0x0000, 0x21CB, 0x131F, 0x133F, 0x135F,
 0x5CDF, 0x1B9F, 0x1BDF, 0x1BFE, 0x1272, 0x0063, 0x0000, 0x0000, 0x0000, 0x0000, 0x0000, 0x0000, 0x0926, 0x4E5F, 0x4E9F, 0x4E9F,
 0x4EBF, 0x4EBF, 0x4EDF, 0x46DF, 0x46DF, 0xB64F, 0x0000, 0x0000, 0x0000, 0x0000, 0x0000, 0x0000, 0x0000, 0x0000, 0x0000, 0x1128,
 0x751F, 0x131F, 0x133F, 0x135F, 0x5CDF, 0x1B9F, 0x12D7, 0x0084, 0x0000, 0x0000, 0x0000, 0x0000, 0x0000, 0x0000, 0x0000, 0x0000,
 0x0000, 0x3D39, 0x4E9F, 0x4E9F, 0x4EBF, 0x4EBF, 0x4EDF, 0x46DF, 0x46FF, 0xBE2D, 0x0000, 0x0000, 0x0000, 0x0000, 0x0000, 0x0000,
 0x0000, 0x0000, 0x0063, 0x2B5C, 0x753F, 0x131F, 0x133F, 0x135F, 0x5CBE, 0x098D, 0x0000, 0x0000, 0x0000, 0x0000, 0x0000, 0x0000,
 0x0000, 0x0000, 0x0000, 0x0000, 0x0000, 0x34B7, 0x4E9F, 0x4E9F, 0x4EBF, 0x4EBF, 0x4EDF, 0x46DF, 0x46FF, 0xBD8A, 0x0000, 0x0000,
 0x0000, 0x0000, 0x0000, 0x0000, 0x0000, 0x0000, 0x1A76, 0x2B9E, 0x753F, 0x0B1F, 0x133F, 0x12DB, 0x10E6, 0x0000, 0x0000, 0x0000,
 0x0000, 0x0000, 0x0000, 0x0000, 0x0041, 0x0947, 0x1A8E, 0x2C15, 0x3D9C, 0x4E5F, 0x4E9F, 0x4E9F, 0x4EBF, 0x4EBF, 0x4EDF, 0x46DF,
 0x5EDC, 0xA4A8, 0x0000, 0x0000, 0x0000, 0x0000, 0x0000, 0x0000, 0x0000, 0x2A0D, 0x231C, 0x2B9E, 0x753F, 0x0B1F, 0x0A78, 0x0042,
 0x0000, 0x0000, 0x0000, 0x0063, 0x0928, 0x222E, 0x2314, 0x2C1A, 0x351F, 0x3D7F, 0x3DBF, 0x45FF, 0x463F, 0x4E5F, 0x4E9F, 0x4E9F,
 0x4EBF, 0x4EBF, 0x4EDF, 0x46DF, 0x86D7, 0x7B86, 0x0000, 0x0000, 0x0000, 0x0000, 0x0000, 0x0000, 0x08A3, 0x6CDD, 0x231C, 0x2B9E,
 0x753F, 0x0ABB, 0x012B, 0x096E, 0x3AF3, 0x12B8, 0x1B7D, 0x1BFF, 0x243F, 0x44BF, 0x34BF, 0x34FF, 0x353F, 0x3D7F, 0x3DBF, 0x45FF,
 0x463F, 0x4E5F, 0x4E9F, 0x4E9F, 0x4EBF, 0x4EBF, 0x4EDF, 0x46DF, 0xBED1, 0x39A3, 0x0000, 0x0000, 0x0000, 0x0000, 0x0000, 0x0000,
 0x4B53, 0x751F, 0x231C, 0x339E, 0x753F, 0x0B1F, 0x0B1F, 0x133F, 0x5CDF, 0x139F, 0x1BBF, 0x1BFF, 0x243F, 0x44BF, 0x34BF, 0x34FF,
 0x353F, 0x3D7F, 0x3DBF, 0x45FF, 0x463F, 0x4E5F, 0x4E9F, 0x4E9F, 0x4EBF, 0x4EBF, 0x4EDF, 0x5EDD, 0xDE6B, 0x0020, 0x0000, 0x0000,
 0x0000, 0x0000, 0x0000, 0x0042, 0x7D5F, 0x751F, 0x231C, 0x339E, 0x753F, 0x0B1F, 0x0B1F, 0x133F, 0x5CDF, 0x139F, 0x1BBF, 0x1BFF,
 0x243F, 0x44BF, 0x34BF, 0x34FF, 0x353F, 0x3D7F, 0x3DBF, 0x45FF, 0x463F, 0x4E7F, 0x4E9F, 0x4E9F, 0x4E9F, 0x4EBE, 0x66DC, 0xAED2,
 0xA4A8, 0x0000, 0x0000, 0x0000, 0x0000, 0x0000, 0x0000, 0x21AB, 0x7D7F, 0x751F, 0x231C, 0x339E, 0x753F, 0x0AFF, 0x0B1F, 0x133F,
 0x5CDF, 0x139F, 0x1BBF, 0x1BFF, 0x243F, 0x44BF, 0x34BF, 0x34FF, 0x353F, 0x3D7F, 0x3DBF, 0x45FE, 0x665C, 0x7E78, 0x9E95, 0xB6B2,
 0xCEAF, 0xE6AC, 0xE6AC, 0xD62B, 0x4A44, 0x0000, 0x0000, 0x0000, 0x0000, 0x0000, 0x0000, 0x3AF4, 0x7D7F, 0x751F, 0x1B1C, 0x339E,
 0x753F, 0x0AFF, 0x0B1F, 0x133F, 0x5CDF, 0x137F, 0x1BBF, 0x1BFF, 0x243F, 0x4CDE, 0x551B, 0x7598, 0x95F5, 0xAE52, 0xCE8F, 0xE6AC,
 0xE6AC, 0xD60A, 0xACE8, 0x83C6, 0x5AA4, 0x3182, 0x1081, 0x0000, 0x0000, 0x0000, 0x0000, 0x0000, 0x0000, 0x0000, 0x0883, 0x4B77,
 0x7D7F, 0x751F, 0x1B1C, 0x339E, 0x751F, 0x0AFF, 0x0B1F, 0x1B5E, 0x7D3B, 0x64B8, 0x8555, 0xADD2, 0xCE4E, 0xE6AC, 0xE6AC, 0xD62B,
 0xAD09, 0x83C6, 0x5AC5, 0x3182, 0x1060, 0x0000, 0x0000, 0x0000, 0x0000, 0x0000, 0x0000, 0x0000, 0x0000, 0x0000, 0x0000, 0x0000,
 0x0000, 0x0000, 0x2169, 0x4B77, 0x7D7F, 0x7D3E, 0x43D9, 0x74B7, 0xB5F5, 0xA591, 0xCE2E, 0xE6AC, 0xE6AC, 0xDE4B, 0xB529, 0x8C07,
 0x62E5, 0x39A3, 0x1081, 0x0000, 0x0000, 0x0000, 0x0000, 0x0000, 0x0000, 0x0000, 0x0000, 0x0000, 0x0000, 0x0000, 0x0000, 0x0000,
 0x0000, 0x0000, 0x0000, 0x0000, 0x0000, 0x0000, 0x6B69, 0xBDCF, 0xDE8E, 0xE6AC, 0xE6AC, 0xDE6B, 0xB549, 0x8C27, 0x6305, 0x41E3,
 0x18A1, 0x0000, 0x0000, 0x0000, 0x0000, 0x0000, 0x0000, 0x0000, 0x0000, 0x0000, 0x0000, 0x0000, 0x0000, 0x0000, 0x0000, 0x0000,
 0x0000, 0x0000, 0x0000, 0x0000, 0x0000, 0x0000, 0x0000, 0x0000, 0x0000, 0x0000, 0x83C6, 0x8BE7, 0x62E5, 0x41E3, 0x18C1, 0x0000,
 0x0000, 0x0000, 0x0000, 0x0000, 0x0000, 0x0000, 0x0000, 0x0000, 0x0000, 0x0000, 0x0000, 0x0000, 0x0000, 0x0000, 0x0000, 0x0000,
 0x0000, 0x0000, 0x0000, 0x0000, 0x0000, 0x0000, 0x0000, 0x0000, 0x0000, 0x0000, 0x0000, 0x0000, 0x0000, 0x0000, 0x0000, 0x0000,
 0x0000, 0x0000, 0x0000, 0x0000, 0x0000, 0x0000, 0x0000, 0x0000, 0x0000, 0x0000, 0x0000, 0x0000, 0x0000, 0x0000, 0x0000, 0x0000,
 0x0000, 0x0000, 0x0000, 0x0000, 0x0000, 0x0000, 0x0000, 0x0000, 0x0000, 0x0000, 0x0000, 0x0000, 0x0000, 0x0000, 0x0000, 0x0000,

};

const unsigned short LetterE[] = {
 0x0000, 0x0000, 0x0000, 0x0000, 0x0000, 0x0000, 0x0000, 0x0000, 0x0000, 0x0000, 0x0000, 0x0000, 0x0000, 0x0000, 0x0000, 0x0000,
 0x0000, 0x0000, 0x0000, 0x0000, 0x0000, 0x0000, 0x0000, 0x0000, 0x0000, 0x0000, 0x0000, 0x0000, 0x0000, 0x0000, 0x0000, 0x0000,
 0x0000, 0x0000, 0x0000, 0x0000, 0x0000, 0x0000, 0x0000, 0x0000, 0x0000, 0x0000, 0x0000, 0x0000, 0x0000, 0x0000, 0x0000, 0x0000,
 0x0000, 0x0000, 0x0000, 0x0000, 0x0000, 0x0000, 0x0000, 0x0000, 0x0000, 0x0000, 0x0000, 0x0000, 0x0000, 0x0000, 0x0000, 0x0000,
 0x0000, 0x0000, 0x0000, 0x0000, 0x0000, 0x0000, 0x0000, 0x0000, 0x0000, 0x0000, 0x0000, 0x0000, 0x0000, 0x0000, 0x0000, 0x0000,
 0x0000, 0x0000, 0x0000, 0x0000, 0x0000, 0x0000, 0x0000, 0x0000, 0x0000, 0x0000, 0x0000, 0x0000, 0x0000, 0x0000, 0x0000, 0x0000,
 0x0000, 0x0000, 0x0000, 0x0ACD, 0x0B50, 0x0BD2, 0x0454, 0x04B6, 0x0538, 0x0DB9, 0xD640, 0x41C0, 0x0000, 0x0000, 0x0000, 0x0000,
 0x0000, 0x0000, 0x0000, 0x0000, 0x0000, 0x0000, 0x0000, 0x0000, 0x0000, 0x0000, 0x0000, 0x0000, 0x0000, 0x0000, 0x0000, 0x0000,
 0x0000, 0x0000, 0x0000, 0x0000, 0x0000, 0x0000, 0x0041, 0x1E5F, 0x1E7F, 0x167F, 0x0E9F, 0x069F, 0x06BF, 0x36B9, 0xEEC0, 0x20E0,
 0x0000, 0x0000, 0x0000, 0x0000, 0x0000, 0x0000, 0x0000, 0x0000, 0x0000, 0x0000, 0x0000, 0x0000, 0x0000, 0x0000, 0x0000, 0x0000,
 0x0043, 0x00C6, 0x0108, 0x016A, 0x01EC, 0x026F, 0x0168, 0x0000, 0x0000, 0x0000, 0x00E4, 0x1E5F, 0x1E7F, 0x167F, 0x0E9F, 0x069F,
 0x06BF, 0x5EB4, 0xE6A0, 0x0000, 0x0000, 0x0000, 0x0000, 0x0000, 0x1927, 0x00CB, 0x00AD, 0x326F, 0x0131, 0x0133, 0x0175, 0x3337,
 0x00CB, 0x0000, 0x0000, 0x0000, 0x1B17, 0x03BF, 0x041F, 0x047F, 0x04DF, 0x051F, 0x01CA, 0x0000, 0x0000, 0x0000, 0x0188, 0x1E5F,
 0x1E7F, 0x167F, 0x0E9F, 0x069F, 0x06BF, 0x86AE, 0xC5A0, 0x0000, 0x0000, 0x0000, 0x0000, 0x0000, 0x649B, 0x0A3F, 0x01DF, 0x753F,
 0x0A3F, 0x021F, 0x021F, 0x4C3F, 0x00AA, 0x0000, 0x0000, 0x0000, 0x33FC, 0x03BF, 0x041F, 0x047F, 0x04DF, 0x051F, 0x00A4, 0x0000,
 0x0000, 0x0000, 0x0A4B, 0x1E5F, 0x1E7F, 0x167F, 0x0E9F, 0x069F, 0x06BF, 0xAEC9, 0xA4A0, 0x0000, 0x0000, 0x0000, 0x0000, 0x0000,
 0x751F, 0x0A3F, 0x01DF, 0x753F, 0x0A3F, 0x021F, 0x021F, 0x4C3F, 0x0065, 0x0000, 0x0000, 0x0042, 0x3C5F, 0x03BF, 0x041F, 0x047F,
 0x04DF, 0x049C, 0x0000, 0x0000, 0x0000, 0x0000, 0x0B30, 0x1E5F, 0x1E7F, 0x167F, 0x0E9F, 0x069F, 0x069F, 0xD6C3, 0x7BA0, 0x0000,
 0x0000, 0x0000, 0x0000, 0x0883, 0x753F, 0x0A3F, 0x01DF, 0x753F, 0x0A3F, 0x021F, 0x021F, 0x4C3F, 0x0000, 0x0000, 0x0000, 0x00E8,
 0x3C7F, 0x03BF, 0x041F, 0x047F, 0x04DF, 0x0396, 0x0000, 0x0000, 0x0000, 0x0000, 0x1414, 0x1E5F, 0x1E7F, 0x167F, 0x0E9F, 0x069F,
 0x16BD, 0xEEC0, 0x5A80, 0x0000, 0x0000, 0x0000, 0x0000, 0x1968, 0x755F, 0x0A3F, 0x01DF, 0x753F, 0x0A3F, 0x021F, 0x021F, 0x4BFB,
 0x0000, 0x0000, 0x0000, 0x016F, 0x3C5F, 0x03BF, 0x041F, 0x047F, 0x04DF, 0x026F, 0x0000, 0x0000, 0x0000, 0x0000, 0x1519, 0x1E5F,
 0x1E7F, 0x167F, 0x0E9F, 0x069F, 0x3EB8, 0xEEC0, 0x3180, 0x0000, 0x0000, 0x0000, 0x0000, 0x324D, 0x755F, 0x0A3F, 0x01DF, 0x753F,
 0x0A3F, 0x021F, 0x021F, 0x3B36, 0x0000, 0x0000, 0x0000, 0x0235, 0x3C5F, 0x03BF, 0x041F, 0x047F, 0x04DF, 0x0148, 0x0000, 0x0041,
 0x0188, 0x0B10, 0x1E1E, 0x1E5F, 0x1E7F, 0x167F, 0x0E9F, 0x069F, 0x66B3, 0xEEC0, 0x1080, 0x0000, 0x0000, 0x0000, 0x0000, 0x4333,
 0x755F, 0x0A3F, 0x01DF, 0x753F, 0x0A3F, 0x021F, 0x021F, 0x2A71, 0x0000, 0x0000, 0x0000, 0x02DC, 0x3C5F, 0x03BF, 0x041F, 0x047F,
 0x04DF, 0x03B6, 0x04BB, 0x05BF, 0x0DFF, 0x1E3F, 0x1E5F, 0x1E5F, 0x1E7F, 0x167F, 0x0E9F, 0x069F, 0x8EAD, 0xDE40, 0x0000, 0x0000,
 0x0000, 0x0000, 0x0000, 0x4BB9, 0x755F, 0x0A1F, 0x01DF, 0x753F, 0x0A3F, 0x021F, 0x021F, 0x19AD, 0x0000, 0x0043, 0x00EB, 0x031F,
 0x3C5F, 0x03BF, 0x041F, 0x047F, 0x04DF, 0x053F, 0x057F, 0x05BF, 0x0DFF, 0x1E3F, 0x1E5F, 0x1E5F, 0x1E7F, 0x167F, 0x0E9F, 0x069F,
 0xB6C8, 0xB540, 0x0000, 0x0000, 0x0000, 0x0000, 0x0000, 0x4C1E, 0x755F, 0x0A1F, 0x01DF, 0x753F, 0x0A3F, 0x021F, 0x021F, 0x3B9A,
 0x023D, 0x029F, 0x02DF, 0x031F, 0x3C5F, 0x03BF, 0x041F, 0x047F, 0x04DF, 0x053F, 0x057F, 0x05BF, 0x0DFF, 0x1E3F, 0x1E5F, 0x1E5F,
 0x1E7F, 0x167F, 0x0E9F, 0x069F, 0xDEC2, 0x9440, 0x0000, 0x0000, 0x0000, 0x0000, 0x0066, 0x4C3F, 0x755F, 0x0A1F, 0x01FF, 0x753F,
 0x023F, 0x021F, 0x021F, 0x4C3F, 0x027F, 0x029F, 0x02DF, 0x031F, 0x345F, 0x03BF, 0x041F, 0x047F, 0x04DF, 0x053F, 0x057F, 0x05BF,
 0x0DFF, 0x1E3F, 0x1E5F, 0x1E5F, 0x1E7F, 0x167F, 0x0E9F, 0x1E9C, 0xEEC0, 0x6B40, 0x0000, 0x0000, 0x0000, 0x0000, 0x00EC, 0x4C3F,
 0x755F, 0x0A1F, 0x01FF, 0x753F, 0x023F, 0x021F, 0x023F, 0x4C3F, 0x027F, 0x029F, 0x02DF, 0x031F, 0x345F, 0x03BF, 0x041F, 0x047F,
 0x04DF, 0x053F, 0x057F, 0x05BF, 0x0DFF, 0x1E3F, 0x1E5F, 0x267F, 0x3E7B, 0x5E96, 0x7EB0, 0xAEC9, 0xEEC0, 0x4A20, 0x0000, 0x0000,
 0x0000, 0x0000, 0x0193, 0x4C3F, 0x755F, 0x0A1F, 0x01FF, 0x753F, 0x023F, 0x021F, 0x023F, 0x4C3F, 0x027F, 0x029F, 0x02DF, 0x033F,
 0x345F, 0x03BF, 0x041F, 0x047F, 0x04DF, 0x0D3E, 0x35B9, 0x5E34, 0x866F, 0xAEAA, 0xCEC5, 0xE6C0, 0xEEC0, 0xE6A0, 0xC5C0, 0xA4A0,
 0x7B80, 0x10A0, 0x0000, 0x0000, 0x0000, 0x0000, 0x021A, 0x4C3F, 0x755F, 0x0A1F, 0x01FF, 0x753F, 0x021F, 0x021F, 0x023F, 0x4C3F,
 0x027F, 0x029F, 0x02DF, 0x137D, 0x64F8, 0x5CF3, 0x85AE, 0xAE29, 0xD684, 0xEEC0, 0xEEC0, 0xE680, 0xBD80, 0x9C60, 0x7340, 0x4A20,
 0x2120, 0x0020, 0x0000, 0x0000, 0x0000, 0x0000, 0x0000, 0x0000, 0x0000, 0x08A3, 0x027D, 0x4C3F, 0x755F, 0x0A1F, 0x01FF, 0x753F,
 0x0A3F, 0x1ABC, 0x4377, 0x9572, 0x8D0D, 0xB5C8, 0xD682, 0xEEC0, 0xEEC0, 0xDE60, 0xB540, 0x9420, 0x6B00, 0x4200, 0x18E0, 0x0000,
 0x0000, 0x0000, 0x0000, 0x0000, 0x0000, 0x0000, 0x0000, 0x0000, 0x0000, 0x0000, 0x0000, 0x0000, 0x0000, 0x29EB, 0x0A9D, 0x649A,
 0x9DD5, 0x7470, 0x9D2B, 0xD686, 0xE6A1, 0xEEC0, 0xEEC0, 0xD620, 0xAD00, 0x8C00, 0x62E0, 0x39C0, 0x10A0, 0x0000, 0x0000, 0x0000,
 0x0000, 0x0000, 0x0000, 0x0000, 0x0000, 0x0000, 0x0000, 0x0000, 0x0000, 0x0000, 0x0000, 0x0000, 0x0000, 0x0000, 0x0000, 0x0000,
 0x0000, 0x8C22, 0xE6C0, 0xEEC0, 0xEEC0, 0xCDE0, 0xA4E0, 0x83C0, 0x5AA0, 0x3180, 0x1060, 0x0000, 0x0000, 0x0000, 0x0000, 0x0000,
 0x0000, 0x0000, 0x0000, 0x0000, 0x0000, 0x0000, 0x0000, 0x0000, 0x0000, 0x0000, 0x0000, 0x0000, 0x0000, 0x0000, 0x0000, 0x0000,
 0x0000, 0x0000, 0x0000, 0x0000, 0x0000, 0x62E0, 0x5260, 0x2940, 0x0840, 0x0000, 0x0000, 0x0000, 0x0000, 0x0000, 0x0000, 0x0000,
 0x0000, 0x0000, 0x0000, 0x0000, 0x0000, 0x0000, 0x0000, 0x0000, 0x0000, 0x0000, 0x0000, 0x0000, 0x0000, 0x0000, 0x0000, 0x0000,
 0x0000, 0x0000, 0x0000, 0x0000, 0x0000, 0x0000, 0x0000, 0x0000, 0x0000, 0x0000, 0x0000, 0x0000, 0x0000, 0x0000, 0x0000, 0x0000,
 0x0000, 0x0000, 0x0000, 0x0000, 0x0000, 0x0000, 0x0000, 0x0000, 0x0000, 0x0000, 0x0000, 0x0000, 0x0000, 0x0000, 0x0000, 0x0000,
 0x0000, 0x0000, 0x0000, 0x0000, 0x0000, 0x0000, 0x0000, 0x0000, 0x0000, 0x0000, 0x0000, 0x0000, 0x0000, 0x0000, 0x0000, 0x0000,
 0x0000, 0x0000, 0x0000, 0x0000, 0x0000, 0x0000, 0x0000, 0x0000, 0x0000, 0x0000, 0x0000, 0x0000, 0x0000, 0x0000, 0x0000, 0x0000,
 0x0000, 0x0000, 0x0000, 0x0000, 0x0000, 0x0000, 0x0000, 0x0000, 0x0000, 0x0000, 0x0000, 0x0000, 0x0000, 0x0000, 0x0000, 0x0000,

};

const unsigned short LetterExc[] = {
 0x0000, 0x0000, 0x0000, 0x0000, 0x0000, 0x0000, 0x0000, 0x0000, 0x0000, 0x0000, 0x0000, 0x0000, 0x0000, 0x0000, 0x0000, 0x0000,
 0x0000, 0x0000, 0x0000, 0x0000, 0x0000, 0x0000, 0x0000, 0x0000, 0x0000, 0x0000, 0x0000, 0x0000, 0x0000, 0x0000, 0x0000, 0x0000,
 0x0000, 0x0000, 0x0000, 0x0000, 0x0000, 0x0000, 0x0000, 0x0000, 0x0000, 0x0000, 0x0000, 0x0000, 0x0000, 0x0000, 0x0000, 0x0000,
 0x0000, 0x0000, 0x0000, 0x0000, 0x0000, 0x0000, 0x0000, 0x0000, 0x0000, 0x0000, 0x0000, 0x0000, 0x0000, 0x0000, 0x0000, 0x0000,
 0x0000, 0x0000, 0x0000, 0x0000, 0x0000, 0x0000, 0x0000, 0x0000, 0x0000, 0x0000, 0x0000, 0x0000, 0x0000, 0x0000, 0x0000, 0x0000,
 0x0000, 0x0000, 0x0000, 0x0000, 0x0000, 0x0000, 0x0000, 0x0000, 0x0000, 0x0000, 0x0000, 0x0000, 0x0000, 0x0000, 0x0000, 0x0000,
 0x0000, 0x0000, 0x0000, 0x0000, 0x0000, 0x0000, 0x0000, 0x0000, 0x0861, 0x39C3, 0x0000, 0x0000, 0x0000, 0x0000, 0x0000, 0x0000,
 0x0000, 0x0000, 0x0000, 0x0000, 0x0000, 0x0000, 0x0000, 0x0000, 0x0000, 0x0000, 0x0000, 0x0000, 0x0000, 0x0000, 0x0000, 0x0000,
 0x0000, 0x0000, 0x0000, 0x0000, 0x0000, 0x0000, 0x0000, 0x0000, 0x0000, 0x0000, 0x0020, 0x12AD, 0x45BB, 0xB529, 0x0000, 0x0000,
 0x0000, 0x0000, 0x0000, 0x0000, 0x0000, 0x0000, 0x0000, 0x0000, 0x0000, 0x0000, 0x0000, 0x0000, 0x0000, 0x0000, 0x0000, 0x0000,
 0x0000, 0x0000, 0x0000, 0x0000, 0x0000, 0x0000, 0x0000, 0x0000, 0x0000, 0x0000, 0x0000, 0x0000, 0x0000, 0x122A, 0x359B, 0x3E7F,
 0x365F, 0xCE4C, 0x0000, 0x0000, 0x0000, 0x0000, 0x0000, 0x0000, 0x0000, 0x0000, 0x0000, 0x0000, 0x0000, 0x0000, 0x0000, 0x0000,
 0x0000, 0x0000, 0x0000, 0x0000, 0x0000, 0x0000, 0x0000, 0x0000, 0x0000, 0x0000, 0x0000, 0x0000, 0x0000, 0x0000, 0x0000, 0x11C8,
 0x3D59, 0x469F, 0x3E9F, 0x3E9F, 0x367F, 0xBEB0, 0x18C1, 0x0000, 0x0000, 0x0000, 0x0000, 0x0000, 0x0000, 0x0000, 0x0000, 0x0000,
 0x0000, 0x0000, 0x0000, 0x0000, 0x0000, 0x0000, 0x0000, 0x0000, 0x0000, 0x0000, 0x0000, 0x0000, 0x0000, 0x0000, 0x0000, 0x0000,
 0x0000, 0x11A8, 0x3D17, 0x4EBF, 0x4EBF, 0x46BF, 0x46BF, 0x3E9F, 0x369F, 0xA6B3, 0x41E3, 0x0000, 0x0000, 0x0000, 0x0000, 0x0000,
 0x0000, 0x0000, 0x0000, 0x0000, 0x0000, 0x0000, 0x0000, 0x0000, 0x0000, 0x0000, 0x0000, 0x0000, 0x0000, 0x0000, 0x0000, 0x0000,
 0x0000, 0x0000, 0x0000, 0x11E9, 0x3D18, 0x569F, 0x4E9F, 0x4EBF, 0x4EBF, 0x46BF, 0x46BF, 0x3EBF, 0x36BF, 0x86B6, 0x6B05, 0x0000,
 0x0000, 0x0000, 0x0000, 0x0000, 0x0000, 0x0000, 0x0000, 0x0000, 0x0000, 0x0000, 0x0000, 0x0000, 0x0000, 0x0000, 0x0000, 0x0000,
 0x0000, 0x0000, 0x0000, 0x0000, 0x0041, 0x1AAD, 0x457B, 0x4E9F, 0x4E9F, 0x569F, 0x4E9F, 0x4EBF, 0x4EBF, 0x46BF, 0x46DF, 0x3EBF,
 0x36BF, 0x66B9, 0x9447, 0x0000, 0x0000, 0x0000, 0x0000, 0x0000, 0x0000, 0x0000, 0x0000, 0x0000, 0x0000, 0x0000, 0x0000, 0x0000,
 0x0000, 0x0000, 0x0000, 0x0000, 0x0000, 0x0000, 0x0947, 0x2393, 0x45BE, 0x463F, 0x4E5F, 0x4E7F, 0x4E9F, 0x56BF, 0x4EBF, 0x4EBF,
 0x4EBF, 0x46DF, 0x46DF, 0x3EDF, 0x36DF, 0x4EBC, 0xBD69, 0x0000, 0x0000, 0x0000, 0x0000, 0x0000, 0x0000, 0x0000, 0x0000, 0x0000,
 0x0000, 0x0000, 0x0000, 0x0000, 0x0000, 0x0000, 0x0000, 0x00C5, 0x2AB0, 0x2C7B, 0x3D7F, 0x3DBF, 0x45FF, 0x461F, 0x4E5F, 0x4E7F,
 0x4E9F, 0x56BF, 0x4EBF, 0x4EBF, 0x4EBF, 0x46DF, 0x46DF, 0x3EDF, 0x3EDF, 0x66DA, 0xDE6B, 0x0000, 0x0000, 0x0000, 0x0000, 0x0000,
 0x0000, 0x0000, 0x0000, 0x0000, 0x0000, 0x0000, 0x0000, 0x0000, 0x0000, 0x11EE, 0x23BA, 0x2C9F, 0x551F, 0x351F, 0x3D5F, 0x3D9F,
 0x45DF, 0x461F, 0x4E5F, 0x4E7F, 0x4E9F, 0x56BF, 0x4EBF, 0x4EBF, 0x4EBF, 0x5EDD, 0x86D7, 0xB6D2, 0xDE8C, 0xAD09, 0x6B05, 0x0020,
 0x0000, 0x0000, 0x0000, 0x0020, 0x3A8F, 0x43B9, 0x12DA, 0x19CD, 0x0000, 0x0000, 0x0000, 0x0000, 0x0000, 0x1B7A, 0x245F, 0x2C9F,
 0x551F, 0x351F, 0x3D5F, 0x3D9F, 0x45DF, 0x461F, 0x4E5F, 0x4E7F, 0x4E9F, 0x569F, 0x76BA, 0xA6B5, 0xCEAF, 0xCDEA, 0x8C07, 0x4A23,
 0x0840, 0x0000, 0x0000, 0x0000, 0x0000, 0x0000, 0x0021, 0x2AD5, 0x7D7F, 0x5C9E, 0x1B3E, 0x547F, 0x1947, 0x0000, 0x0000, 0x0000,
 0x0000, 0x1B38, 0x243F, 0x2C7F, 0x551F, 0x34FF, 0x355F, 0x3D9F, 0x45DF, 0x461F, 0x5E5D, 0x8E98, 0xB6B2, 0xDE8D, 0xAD09, 0x6B25,
 0x2922, 0x0000, 0x0000, 0x0000, 0x0000, 0x0000, 0x0000, 0x0000, 0x0000, 0x0000, 0x2A50, 0x3B9A, 0x7D7F, 0x5C9E, 0x1B3D, 0x549F,
 0x3AF3, 0x0000, 0x0000, 0x0000, 0x0000, 0x12F7, 0x243F, 0x2C7F, 0x54FF, 0x34FF, 0x3D3F, 0x65DA, 0x9E55, 0xCE8F, 0xCE0A, 0x8C07,
 0x4A23, 0x0860, 0x0000, 0x0000, 0x0000, 0x0000, 0x0000, 0x0000, 0x0000, 0x0000, 0x0000, 0x0000, 0x0000, 0x2168, 0x4BB9, 0x3B9A,
 0x7D7F, 0x5C9E, 0x1B3D, 0x549F, 0x4B95, 0x0000, 0x0000, 0x0000, 0x0000, 0x12B5, 0x243F, 0x3C9D, 0x8DB8, 0xAE32, 0xDE8D, 0xAD09,
 0x6B25, 0x2922, 0x0000, 0x0000, 0x0000, 0x0000, 0x0000, 0x0000, 0x0000, 0x0000, 0x0000, 0x0000, 0x0000, 0x0000, 0x0000, 0x0000,
 0x0000, 0x5395, 0x4BB8, 0x4399, 0x7D7F, 0x5C9E, 0x1B3D, 0x549F, 0x7BEB, 0x0000, 0x0000, 0x0000, 0x0000, 0x5B8D, 0xC62F, 0xCE0B,
 0x8C27, 0x4A23, 0x0860, 0x0000, 0x0000, 0x0000, 0x0000, 0x0000, 0x0000, 0x0000, 0x0000, 0x0000, 0x0000, 0x0000, 0x0000, 0x0000,
 0x0000, 0x0000, 0x0000, 0x0000, 0x0000, 0x74FC, 0x4BB8, 0x43B9, 0x7D7F, 0x5C7E, 0x1B3D, 0x8536, 0x5264, 0x0000, 0x0000, 0x0000,
 0x0000, 0x39A3, 0x2942, 0x0000, 0x0000, 0x0000, 0x0000, 0x0000, 0x0000, 0x0000, 0x0000, 0x0000, 0x0000, 0x0000, 0x0000, 0x0000,
 0x0000, 0x0000, 0x0000, 0x0000, 0x0000, 0x0000, 0x0000, 0x0000, 0x0000, 0x7D5F, 0x53B7, 0x4BB9, 0x7D7F, 0x5C7E, 0x5418, 0xC5CB,
 0x0020, 0x0000, 0x0000, 0x0000, 0x0000, 0x0000, 0x0000, 0x0000, 0x0000, 0x0000, 0x0000, 0x0000, 0x0000, 0x0000, 0x0000, 0x0000,
 0x0000, 0x0000, 0x0000, 0x0000, 0x0000, 0x0000, 0x0000, 0x0000, 0x0000, 0x0000, 0x0000, 0x0000, 0x0000, 0x74FC, 0x53B7, 0x4BB8,
 0x7D7F, 0x9597, 0xDE6C, 0x39C3, 0x0000, 0x0000, 0x0000, 0x0000, 0x0000, 0x0000, 0x0000, 0x0000, 0x0000, 0x0000, 0x0000, 0x0000,
 0x0000, 0x0000, 0x0000, 0x0000, 0x0000, 0x0000, 0x0000, 0x0000, 0x0000, 0x0000, 0x0000, 0x0000, 0x0000, 0x0000, 0x0000, 0x0000,
 0x0000, 0x6329, 0xA551, 0x9D51, 0xD68F, 0xDE4B, 0x4203, 0x0000, 0x0000, 0x0000, 0x0000, 0x0000, 0x0000, 0x0000, 0x0000, 0x0000,
 0x0000, 0x0000, 0x0000, 0x0000, 0x0000, 0x0000, 0x0000, 0x0000, 0x0000, 0x0000, 0x0000, 0x0000, 0x0000, 0x0000, 0x0000, 0x0000,
 0x0000, 0x0000, 0x0000, 0x0000, 0x0000, 0x0000, 0x5264, 0x7B86, 0x62C5, 0x1081, 0x0000, 0x0000, 0x0000, 0x0000, 0x0000, 0x0000,
 0x0000, 0x0000, 0x0000, 0x0000, 0x0000, 0x0000, 0x0000, 0x0000, 0x0000, 0x0000, 0x0000, 0x0000, 0x0000, 0x0000, 0x0000, 0x0000,
 0x0000, 0x0000, 0x0000, 0x0000, 0x0000, 0x0000, 0x0000, 0x0000, 0x0000, 0x0000, 0x0000, 0x0000, 0x0000, 0x0000, 0x0000, 0x0000,
 0x0000, 0x0000, 0x0000, 0x0000, 0x0000, 0x0000, 0x0000, 0x0000, 0x0000, 0x0000, 0x0000, 0x0000, 0x0000, 0x0000, 0x0000, 0x0000,
 0x0000, 0x0000, 0x0000, 0x0000, 0x0000, 0x0000, 0x0000, 0x0000, 0x0000, 0x0000, 0x0000, 0x0000, 0x0000, 0x0000, 0x0000, 0x0000,
 0x0000, 0x0000, 0x0000, 0x0000, 0x0000, 0x0000, 0x0000, 0x0000, 0x0000, 0x0000, 0x0000, 0x0000, 0x0000, 0x0000, 0x0000, 0x0000,
 0x0000, 0x0000, 0x0000, 0x0000, 0x0000, 0x0000, 0x0000, 0x0000, 0x0000, 0x0000, 0x0000, 0x0000, 0x0000, 0x0000, 0x0000, 0x0000,

};

const unsigned short LetterG[] = {
 0x0000, 0x0000, 0x0000, 0x0000, 0x0000, 0x0000, 0x0000, 0x0000, 0x0000, 0x0000, 0x0000, 0x0000, 0x0000, 0x0000, 0x0000, 0x0000,
 0x0000, 0x0000, 0x00A5, 0x0169, 0x01EC, 0x0000, 0x0000, 0x0000, 0x0000, 0x0000, 0x0000, 0x0000, 0x0000, 0x0000, 0x0000, 0x0000,
 0x0000, 0x0000, 0x0000, 0x0000, 0x0000, 0x0000, 0x0000, 0x0000, 0x0000, 0x0000, 0x0000, 0x0000, 0x0000, 0x0000, 0x0000, 0x0000,
 0x0000, 0x0000, 0x0042, 0x016D, 0x2336, 0x03DE, 0x047F, 0x04DF, 0x049C, 0x0000, 0x0000, 0x0000, 0x0000, 0x0000, 0x0000, 0x0000,
 0x0062, 0x032F, 0x00E4, 0x0000, 0x0000, 0x0000, 0x0000, 0x0000, 0x0000, 0x0000, 0x0000, 0x0000, 0x0000, 0x0000, 0x0000, 0x0000,
 0x0000, 0x0000, 0x0000, 0x0000, 0x0086, 0x01D4, 0x031E, 0x037F, 0x347F, 0x041F, 0x047F, 0x04DF, 0x0395, 0x0000, 0x0000, 0x0000,
 0x0000, 0x0000, 0x0000, 0x00A3, 0x155A, 0x069F, 0x067F, 0x0371, 0x0020, 0x0000, 0x0000, 0x0000, 0x0000, 0x0000, 0x0000, 0x0000,
 0x0000, 0x0000, 0x0000, 0x0000, 0x0000, 0x0000, 0x0065, 0x2AD6, 0x131F, 0x02DF, 0x033F, 0x037F, 0x347F, 0x043F, 0x049F, 0x04FF,
 0x026F, 0x0000, 0x0000, 0x0000, 0x0000, 0x0000, 0x00E4, 0x159B, 0x167F, 0x069F, 0x069F, 0x067F, 0x0496, 0x0000, 0x0000, 0x0000,
 0x0000, 0x0000, 0x0000, 0x0000, 0x0000, 0x0000, 0x0000, 0x0000, 0x0001, 0x0132, 0x023F, 0x33BF, 0x131F, 0x02FF, 0x033F, 0x037F,
 0x349F, 0x043F, 0x049F, 0x04FF, 0x0148, 0x0000, 0x0000, 0x0000, 0x0000, 0x0125, 0x1DDC, 0x1E7F, 0x167F, 0x067F, 0x069F, 0x067F,
 0x067F, 0x02EE, 0x0000, 0x0000, 0x0000, 0x0000, 0x0000, 0x0000, 0x0000, 0x0000, 0x0000, 0x1107, 0x333B, 0x023F, 0x025F, 0x33BF,
 0x0B1F, 0x02FF, 0x033F, 0x039F, 0x349F, 0x043F, 0x049F, 0x04FF, 0x0042, 0x0000, 0x0000, 0x0000, 0x0167, 0x1DFD, 0x1E7F, 0x1E7F,
 0x167F, 0x067F, 0x069F, 0x067F, 0x067F, 0x15DB, 0x0000, 0x0000, 0x0000, 0x0000, 0x0000, 0x0000, 0x0000, 0x0000, 0x00AC, 0x3B7F,
 0x3BDF, 0x023F, 0x025F, 0x33DF, 0x0B1F, 0x02FF, 0x035F, 0x039F, 0x349F, 0x045F, 0x04BF, 0x043A, 0x0000, 0x0000, 0x0000, 0x0000,
 0x0125, 0x1E1E, 0x1E7F, 0x1E7F, 0x0E7F, 0x067F, 0x067F, 0x067F, 0x067F, 0x5E94, 0x2920, 0x0000, 0x0000, 0x0000, 0x0000, 0x0000,
 0x0000, 0x19AF, 0x01DF, 0x3B9F, 0x3BDF, 0x023F, 0x025F, 0x33DF, 0x0AFD, 0x0215, 0x035F, 0x03BF, 0x349F, 0x045F, 0x04BF, 0x0334,
 0x0000, 0x0000, 0x0000, 0x0000, 0x0000, 0x1413, 0x1E7F, 0x1E7F, 0x0E7F, 0x067F, 0x067F, 0x067F, 0x067F, 0xAEA9, 0x39C0, 0x0000,
 0x0000, 0x0000, 0x0000, 0x0000, 0x2A0C, 0x545F, 0x01FF, 0x3B9F, 0x3BBF, 0x023F, 0x025F, 0x11D1, 0x0021, 0x014D, 0x035F, 0x03BF,
 0x34BF, 0x047F, 0x04DF, 0x020D, 0x0000, 0x0000, 0x0000, 0x0000, 0x0000, 0x1391, 0x1E7F, 0x167F, 0x0E7F, 0x067F, 0x067F, 0x067F,
 0x267B, 0xEEC0, 0x3180, 0x0000, 0x0000, 0x0000, 0x0000, 0x0066, 0x6D1F, 0x545F, 0x01FF, 0x3B9F, 0x3BBF, 0x023E, 0x00A9, 0x0000,
 0x0000, 0x01F3, 0x037F, 0x03BF, 0x34BF, 0x047F, 0x04DF, 0x0106, 0x0000, 0x0000, 0x0000, 0x0000, 0x0000, 0x1CD8, 0x1E7F, 0x167F,
 0x167F, 0x067F, 0x067F, 0x067F, 0x8EAD, 0xEEC0, 0x1080, 0x0000, 0x0000, 0x0000, 0x0000, 0x01D9, 0x753F, 0x545F, 0x01FF, 0x3BBF,
 0x3BBF, 0x00CC, 0x0000, 0x0000, 0x0000, 0x02BA, 0x037F, 0x03DF, 0x34BF, 0x049F, 0x04DF, 0x0020, 0x0000, 0x0000, 0x0000, 0x0000,
 0x0167, 0x1E5F, 0x1E7F, 0x167F, 0x167F, 0x067F, 0x067F, 0x267B, 0xE6C0, 0xBD80, 0x0000, 0x0000, 0x0000, 0x0000, 0x21CB, 0x025E,
 0x753F, 0x543F, 0x01FF, 0x3BBF, 0x3B59, 0x0000, 0x0000, 0x0000, 0x0022, 0x033F, 0x039F, 0x03DF, 0x34BF, 0x049F, 0x0376, 0x0000,
 0x0000, 0x0000, 0x0000, 0x0082, 0x1D7B, 0x1E7F, 0x1E7F, 0x167F, 0x167F, 0x067F, 0x067F, 0xAEA9, 0xEEC0, 0x62E0, 0x0000, 0x0000,
 0x0000, 0x0000, 0x5C18, 0x025F, 0x753F, 0x4C3F, 0x01FF, 0x3BBF, 0x3A8F, 0x0000, 0x0000, 0x0000, 0x00EA, 0x02FC, 0x0275, 0x01CE,
 0x0928, 0x0021, 0x0000, 0x0000, 0x0000, 0x0000, 0x00C4, 0x153A, 0x1E5F, 0x1E7F, 0x1E7F, 0x167F, 0x167F, 0x067F, 0x6693, 0xEEC0,
 0xCDE0, 0x0820, 0x0000, 0x0000, 0x0000, 0x0883, 0x753F, 0x025F, 0x753F, 0x4C3F, 0x01FF, 0x3BBF, 0x324E, 0x0000, 0x0000, 0x0000,
 0x0000, 0x0000, 0x0000, 0x0000, 0x0000, 0x0000, 0x0000, 0x0000, 0x0000, 0x022B, 0x15BD, 0x1E5F, 0x1E5F, 0x1E7F, 0x1E7F, 0x1E7F,
 0x167F, 0x3E99, 0xE6C1, 0xEEC0, 0x41E0, 0x0000, 0x0000, 0x0000, 0x0000, 0x2189, 0x753F, 0x025F, 0x753F, 0x4C3F, 0x021F, 0x3BDF,
 0x3AF4, 0x0000, 0x0000, 0x0000, 0x0000, 0x0000, 0x0000, 0x0000, 0x0000, 0x0000, 0x0000, 0x0168, 0x0478, 0x0DFF, 0x163F, 0x1E5F,
 0x1E5F, 0x1E7F, 0x1E7F, 0x1E7F, 0x367B, 0xD6C3, 0xEEC0, 0x7340, 0x0000, 0x0000, 0x0000, 0x0000, 0x0000, 0x2A2D, 0x753F, 0x025F,
 0x753F, 0x4C3F, 0x021F, 0x3BDF, 0x3BBF, 0x0087, 0x0000, 0x0000, 0x0000, 0x0000, 0x0000, 0x0000, 0x0042, 0x01EC, 0x0439, 0x057F,
 0x05BF, 0x0DFF, 0x163F, 0x1E5F, 0x1E7F, 0x1E7F, 0x1E7F, 0x367B, 0xD6C4, 0xEEC0, 0x83E0, 0x0000, 0x0000, 0x0000, 0x0000, 0x0000,
 0x0000, 0x324D, 0x753F, 0x025F, 0x753F, 0x4C3F, 0x021F, 0x3BFF, 0x3BDF, 0x027E, 0x0192, 0x0929, 0x00C7, 0x012A, 0x01EF, 0x0337,
 0x34DF, 0x04FF, 0x055F, 0x059F, 0x05DF, 0x15FF, 0x1E3F, 0x1E5F, 0x267F, 0x267F, 0x4E99, 0xD6C3, 0xEEC0, 0x7360, 0x0000, 0x0000,
 0x0000, 0x0000, 0x0000, 0x0000, 0x0000, 0x21CA, 0x753F, 0x025F, 0x753F, 0x4C3F, 0x023F, 0x43FF, 0x3BDF, 0x029F, 0x02DF, 0x3C3F,
 0x0B9F, 0x03BF, 0x03FF, 0x045F, 0x34FF, 0x051F, 0x055F, 0x059F, 0x05DF, 0x161F, 0x1E3F, 0x1E5F, 0x267F, 0x7693, 0xE6C1, 0xDE60,
 0x4A40, 0x0000, 0x0000, 0x0000, 0x0000, 0x0000, 0x0000, 0x0000, 0x0000, 0x0883, 0x6D1F, 0x027F, 0x753F, 0x4C3F, 0x023F, 0x441F,
 0x33DF, 0x02BF, 0x02FF, 0x3C3F, 0x0B9F, 0x03BF, 0x041F, 0x047F, 0x351F, 0x053F, 0x057F, 0x05BF, 0x0DFF, 0x161F, 0x1E3F, 0x3E7B,
 0xB6A9, 0xEEC0, 0xB540, 0x20E0, 0x0000, 0x0000, 0x0000, 0x0000, 0x0000, 0x0000, 0x0000, 0x0000, 0x0000, 0x0000, 0x5B6E, 0x12DD,
 0x753F, 0x4C3F, 0x025F, 0x441F, 0x33DF, 0x02DF, 0x02FF, 0x3C5F, 0x0BBF, 0x03DF, 0x043F, 0x049F, 0x351F, 0x053F, 0x059F, 0x05DF,
 0x0DFF, 0x363C, 0x968D, 0xE6C0, 0xDE60, 0x62E0, 0x0000, 0x0000, 0x0000, 0x0000, 0x0000, 0x0000, 0x0000, 0x0000, 0x0000, 0x0000,
 0x0000, 0x0000, 0x0860, 0xB561, 0xBE2D, 0x6CB8, 0x027F, 0x443F, 0x33DF, 0x02DF, 0x031F, 0x3C5F, 0x0BDF, 0x03FF, 0x045F, 0x049F,
 0x353F, 0x055F, 0x0DBE, 0x4E36, 0xA68A, 0xE6C0, 0xDE60, 0x7BA0, 0x1060, 0x0000, 0x0000, 0x0000, 0x0000, 0x0000, 0x0000, 0x0000,
 0x0000, 0x0000, 0x0000, 0x0000, 0x0000, 0x0000, 0x0000, 0x0860, 0x9460, 0xEEC0, 0xD663, 0xBE0A, 0x8531, 0x4C36, 0x33F9, 0x54DB,
 0x245C, 0x249B, 0x3CF8, 0x5D74, 0x9E0F, 0xB668, 0xE6C1, 0xEEC0, 0xBD80, 0x62E0, 0x0860, 0x0000, 0x0000, 0x0000, 0x0000, 0x0000,
 0x0000, 0x0000, 0x0000, 0x0000, 0x0000, 0x0000, 0x0000, 0x0000, 0x0000, 0x0000, 0x0000, 0x0000, 0x0000, 0x3160, 0x9440, 0xDE40,
 0xEEC0, 0xEEC0, 0xEEC0, 0xEEC0, 0xEEC0, 0xEEC0, 0xEEC0, 0xEEC0, 0xDE60, 0xACE0, 0x6B00, 0x2100, 0x0000, 0x0000, 0x0000, 0x0000,
 0x0000, 0x0000, 0x0000, 0x0000, 0x0000, 0x0000, 0x0000, 0x0000, 0x0000, 0x0000, 0x0000, 0x0000, 0x0000, 0x0000, 0x0000, 0x0000,
 0x0000, 0x0000, 0x0000, 0x0000, 0x2920, 0x5260, 0x6B20, 0x7BA0, 0x7B80, 0x62E0, 0x4A20, 0x2100, 0x0000, 0x0000, 0x0000, 0x0000,
 0x0000, 0x0000, 0x0000, 0x0000, 0x0000, 0x0000, 0x0000, 0x0000, 0x0000, 0x0000, 0x0000, 0x0000, 0x0000, 0x0000, 0x0000, 0x0000,

};

const unsigned short LetterH[] = {
 0x0000, 0x0000, 0x0000, 0x0000, 0x0000, 0x0000, 0x0000, 0x0000, 0x0000, 0x0000, 0x0000, 0x0000, 0x0000, 0x0000, 0x0000, 0x0000,
 0x0000, 0x0000, 0x0000, 0x0000, 0x0000, 0x0000, 0x0000, 0x0000, 0x0000, 0x0000, 0x0000, 0x0000, 0x0000, 0x0000, 0x0000, 0x0000,
 0x0000, 0x0000, 0x0860, 0x1060, 0x0000, 0x0000, 0x0000, 0x0000, 0x0000, 0x0000, 0x0000, 0x0000, 0x0000, 0x0000, 0x0000, 0x0000,
 0x0000, 0x0000, 0x0000, 0x0000, 0x0000, 0x0000, 0x0000, 0x0000, 0x0000, 0x0000, 0x0000, 0x0000, 0x0000, 0x0000, 0x0000, 0x0000,
 0x0000, 0x0000, 0x08E4, 0x1A8C, 0x23F2, 0x3579, 0xC6AF, 0x4A24, 0x0000, 0x0000, 0x0000, 0x0000, 0x0000, 0x0000, 0x0000, 0x0000,
 0x0000, 0x0000, 0x0000, 0x0000, 0x0000, 0x0000, 0x0000, 0x0000, 0x0000, 0x0000, 0x0000, 0x0000, 0x0000, 0x0000, 0x0000, 0x0000,
 0x0000, 0x08E4, 0x1A6B, 0x2B70, 0x3CF7, 0x4E5E, 0x4EBF, 0x46BF, 0x46BF, 0x3EBF, 0xE6AC, 0x2102, 0x0000, 0x0000, 0x0000, 0x0000,
 0x0000, 0x0000, 0x0000, 0x0000, 0x0000, 0x0000, 0x0000, 0x0000, 0x0000, 0x0000, 0x0000, 0x0000, 0x0000, 0x0000, 0x0000, 0x0021,
 0x0946, 0x1A4C, 0x2B71, 0x3CF8, 0x4E1D, 0x4E9F, 0x56BF, 0x569F, 0x4E9F, 0x4EBF, 0x4EBF, 0x46BF, 0x3EBF, 0x5EBB, 0xDE6B, 0x0000,
 0x0000, 0x0000, 0x0000, 0x0000, 0x0000, 0x0000, 0x0000, 0x0000, 0x0000, 0x0000, 0x0000, 0x0000, 0x0000, 0x0021, 0x0907, 0x11AB,
 0x1A90, 0x43B6, 0x349B, 0x3D7F, 0x45DF, 0x45FF, 0x463F, 0x4E5F, 0x4E7F, 0x4E9F, 0x56BF, 0x569F, 0x4E9F, 0x4EBF, 0x4EBF, 0x46BF,
 0x3EBF, 0x86B7, 0xB529, 0x0000, 0x0000, 0x0000, 0x0000, 0x0000, 0x0000, 0x0000, 0x0064, 0x1106, 0x116A, 0x09CF, 0x1274, 0x2B78,
 0x3C1C, 0x245F, 0x2C7F, 0x2CBF, 0x2CDF, 0x5D3F, 0x355F, 0x3D9F, 0x45BF, 0x45FF, 0x463F, 0x4E5F, 0x4E7F, 0x4E9F, 0x56BF, 0x56BF,
 0x4EBF, 0x4EBF, 0x4EBF, 0x46BF, 0x3EDF, 0xA6B3, 0x83E6, 0x0000, 0x0000, 0x0000, 0x0909, 0x3B78, 0x74DC, 0x443F, 0x135F, 0x5CBF,
 0x447F, 0x1BBF, 0x1BDF, 0x3C5F, 0x449F, 0x243F, 0x2C7F, 0x2CBF, 0x2CDF, 0x5D3F, 0x355F, 0x3D7F, 0x3DBF, 0x45FF, 0x463F, 0x4E5F,
 0x4E7F, 0x4E9F, 0x56BF, 0x56BF, 0x4EBF, 0x4EBF, 0x4EBF, 0x46BF, 0x46DF, 0xCECF, 0x5284, 0x0000, 0x0000, 0x0000, 0x1A54, 0x4C5E,
 0x7D7F, 0x443F, 0x135F, 0x5CBF, 0x445F, 0x1B9F, 0x1BBF, 0x3C5F, 0x449F, 0x243F, 0x247F, 0x2C9F, 0x2CDF, 0x5D3F, 0x355F, 0x3D7F,
 0x3DBF, 0x45FF, 0x461F, 0x4E5F, 0x4E7F, 0x4E9F, 0x56BF, 0x56BF, 0x56BF, 0x5EBD, 0x76BA, 0x8ED7, 0xA6D3, 0xE6AC, 0x2922, 0x0000,
 0x0000, 0x0021, 0x233B, 0x4C5E, 0x7D7F, 0x443F, 0x135F, 0x5CBF, 0x445F, 0x1B9F, 0x1BBF, 0x3C5F, 0x449F, 0x243F, 0x245F, 0x2C9F,
 0x2CDF, 0x5D3F, 0x353F, 0x3D7F, 0x3DBF, 0x45FF, 0x4E1F, 0x665C, 0x7E99, 0x9EB6, 0xB6B3, 0xCEAF, 0xE6AD, 0xE6AC, 0xCDCA, 0xA4A8,
 0x7BA6, 0x62E5, 0x0000, 0x0000, 0x0000, 0x0908, 0x235C, 0x4C5E, 0x7D7F, 0x443F, 0x135E, 0x5CBF, 0x445F, 0x139F, 0x1BBF, 0x3C5F,
 0x449F, 0x243F, 0x245F, 0x2C9F, 0x2CDF, 0x5D3F, 0x353F, 0x3D7F, 0xB672, 0xCE8F, 0xE6AC, 0xCDEA, 0xA4C8, 0x8BE7, 0x6B05, 0x41E3,
 0x18C1, 0x0020, 0x0000, 0x0000, 0x0000, 0x0000, 0x0000, 0x0000, 0x0000, 0x2251, 0x235C, 0x4C5E, 0x7D7F, 0x443F, 0x135E, 0x5CBF,
 0x445F, 0x139F, 0x1B9F, 0x3C5F, 0x447F, 0x241F, 0x245F, 0x2C9F, 0x2CBF, 0x5D3F, 0x353F, 0x3CDA, 0x4203, 0x2101, 0x0840, 0x0000,
 0x0000, 0x0000, 0x0000, 0x0000, 0x0000, 0x0000, 0x0000, 0x0000, 0x0000, 0x0061, 0x31E5, 0x2942, 0x0000, 0x4BFA, 0x2B5C, 0x4C5E,
 0x7D7F, 0x443F, 0x133E, 0x5CBF, 0x445F, 0x135E, 0x12D9, 0x22F5, 0x2271, 0x1B59, 0x245F, 0x2C7F, 0x2CBF, 0x5D3F, 0x353F, 0x2333,
 0x0000, 0x0000, 0x0000, 0x0000, 0x0000, 0x0000, 0x0000, 0x0000, 0x0000, 0x0946, 0x1A8B, 0x2C33, 0x359A, 0x3EDF, 0xC6CF, 0x4203,
 0x1906, 0x5C7D, 0x2B3A, 0x4399, 0x5BD6, 0x2250, 0x092B, 0x1148, 0x0883, 0x0000, 0x0000, 0x0000, 0x0000, 0x1B7A, 0x245F, 0x2C7F,
 0x2CBF, 0x5D3F, 0x353F, 0x11EB, 0x0000, 0x0000, 0x0000, 0x0020, 0x0905, 0x1A4B, 0x2BD2, 0x3CF7, 0x4E5E, 0x4EBF, 0x4EBF, 0x46DF,
 0x46DF, 0x4EDE, 0xE6AC, 0x18C1, 0x0862, 0x0883, 0x0000, 0x0000, 0x0000, 0x0000, 0x0000, 0x0000, 0x0000, 0x0000, 0x0000, 0x0000,
 0x0042, 0x241F, 0x243F, 0x2C7F, 0x2CBF, 0x5D3F, 0x351F, 0x120C, 0x1A6E, 0x2393, 0x34B8, 0x461E, 0x4E7F, 0x4E9F, 0x569F, 0x56BF,
 0x4EBF, 0x4EBF, 0x4EBF, 0x46DF, 0x46DF, 0x76D9, 0xD62B, 0x0000, 0x0000, 0x0000, 0x0000, 0x0000, 0x0000, 0x0000, 0x0000, 0x0000,
 0x0000, 0x0000, 0x0000, 0x0000, 0x096B, 0x241F, 0x243F, 0x247F, 0x2CBF, 0x5D3F, 0x351F, 0x3D5F, 0x3D9F, 0x45DF, 0x461F, 0x4E5F,
 0x4E7F, 0x4E9F, 0x569F, 0x56BF, 0x4EBF, 0x4EBF, 0x4EBF, 0x46DF, 0x46DF, 0xA6D4, 0xA4C8, 0x0000, 0x0000, 0x0000, 0x0000, 0x0862,
 0x10E5, 0x1128, 0x092B, 0x2A2E, 0x2272, 0x0A76, 0x131A, 0x3C1E, 0x447F, 0x241F, 0x243F, 0x247F, 0x2C9F, 0x5D3F, 0x351F, 0x3D5F,
 0x3D9F, 0x45DF, 0x461F, 0x4E3F, 0x4E7F, 0x4E9F, 0x569F, 0x569F, 0x4EBF, 0x4EBF, 0x4EDF, 0x46DF, 0x46DF, 0xCECE, 0x7B86, 0x0000,
 0x0000, 0x0000, 0x19AD, 0x545D, 0x7D7F, 0x441E, 0x1B3E, 0x5CBF, 0x443F, 0x135F, 0x137F, 0x3C3F, 0x3C7F, 0x1BFF, 0x243F, 0x245F,
 0x2C9F, 0x5D1F, 0x351F, 0x3D5F, 0x3D9F, 0x45DF, 0x461F, 0x4E3F, 0x4E7F, 0x4E9F, 0x569F, 0x569F, 0x4EBF, 0x4EBF, 0x4EDF, 0x46DF,
 0x56DD, 0xE6CC, 0x4A23, 0x0000, 0x0000, 0x0000, 0x2AB5, 0x545D, 0x7D7F, 0x441E, 0x1B3E, 0x5CBF, 0x443F, 0x135F, 0x137F, 0x3C3F,
 0x3C5F, 0x1BFF, 0x243F, 0x245F, 0x2C9F, 0x551F, 0x351F, 0x355F, 0x3D9F, 0x45DF, 0x461F, 0x4E3F, 0x4E7F, 0x4E9F, 0x569F, 0x5E9D,
 0x76BB, 0x86B8, 0x96D6, 0xAED3, 0xCECF, 0xEECC, 0x18C1, 0x0000, 0x0000, 0x0042, 0x3379, 0x545D, 0x7D7F, 0x441E, 0x1B3E, 0x5CBF,
 0x443F, 0x135F, 0x137F, 0x3C3F, 0x3C5F, 0x1BFF, 0x241F, 0x245F, 0x2C9F, 0x551F, 0x351F, 0x3D5F, 0x55BD, 0x6E1A, 0x8657, 0x9E75,
 0xB6B2, 0xCEAF, 0xDEAD, 0xE68B, 0xC5CA, 0xA4C8, 0x83A6, 0x5AA4, 0x41E3, 0x18C1, 0x0000, 0x0000, 0x0000, 0x1969, 0x3B79, 0x545D,
 0x7D7F, 0x441E, 0x1B3E, 0x5CBF, 0x443F, 0x135F, 0x137F, 0x3C3F, 0x447F, 0x3C5C, 0x5CD9, 0x7D57, 0x95D4, 0xBE51, 0xCE6F, 0xE6AC,
 0xE6AB, 0xD60A, 0xAD08, 0x83E6, 0x62E5, 0x4A03, 0x2101, 0x0000, 0x0000, 0x0000, 0x0000, 0x0000, 0x0000, 0x0000, 0x0000, 0x0000,
 0x0000, 0x3AF2, 0x3B79, 0x5C5D, 0x7D7F, 0x545D, 0x43DA, 0x8D59, 0x9576, 0x9573, 0xB5F1, 0xD66E, 0xE6AC, 0xEECC, 0xD64B, 0xB529,
 0x8C07, 0x6B25, 0x4A44, 0x2122, 0x0020, 0x0000, 0x0000, 0x0000, 0x0000, 0x0000, 0x0000, 0x0000, 0x0000, 0x0000, 0x0000, 0x0000,
 0x0000, 0x0000, 0x0000, 0x0000, 0x0820, 0xA573, 0xAD90, 0xC62F, 0xDEAD, 0xE6AC, 0xEECC, 0xDE6B, 0xB549, 0x9447, 0x7B86, 0x5264,
 0x2942, 0x0820, 0x0000, 0x0000, 0x0000, 0x0000, 0x0000, 0x0000, 0x0000, 0x0000, 0x0000, 0x0000, 0x0000, 0x0000, 0x0000, 0x0000,
 0x0000, 0x0000, 0x0000, 0x0000, 0x0000, 0x0000, 0x0000, 0x0000, 0x39C3, 0xBD69, 0x9C88, 0x7BA6, 0x5284, 0x3162, 0x10A1, 0x0000,
 0x0000, 0x0000, 0x0000, 0x0000, 0x0000, 0x0000, 0x0000, 0x0000, 0x0000, 0x0000, 0x0000, 0x0000, 0x0000, 0x0000, 0x0000, 0x0000,
 0x0000, 0x0000, 0x0000, 0x0000, 0x0000, 0x0000, 0x0000, 0x0000, 0x0000, 0x0000, 0x0000, 0x0000, 0x0000, 0x0000, 0x0000, 0x0000,
 0x0000, 0x0000, 0x0000, 0x0000, 0x0000, 0x0000, 0x0000, 0x0000, 0x0000, 0x0000, 0x0000, 0x0000, 0x0000, 0x0000, 0x0000, 0x0000,
 0x0000, 0x0000, 0x0000, 0x0000, 0x0000, 0x0000, 0x0000, 0x0000, 0x0000, 0x0000, 0x0000, 0x0000, 0x0000, 0x0000, 0x0000, 0x0000,

};

const unsigned short LetterI[] = {
 0x0000, 0x0000, 0x0000, 0x0000, 0x0000, 0x0000, 0x0000, 0x0000, 0x0000, 0x0000, 0x0000, 0x0000, 0x0000, 0x0000, 0x0000, 0x0000,
 0x0000, 0x0000, 0x0000, 0x0000, 0x0000, 0x0000, 0x0000, 0x0000, 0x0000, 0x0000, 0x0000, 0x0000, 0x0000, 0x0000, 0x0000, 0x0000,
 0x0000, 0x0000, 0x0000, 0x0000, 0x0000, 0x0000, 0x0000, 0x0000, 0x0000, 0x0000, 0x0000, 0x0000, 0x0000, 0x0000, 0x0000, 0x0000,
 0x0000, 0x0000, 0x0000, 0x0000, 0x0000, 0x0000, 0x0000, 0x0000, 0x0000, 0x0000, 0x0000, 0x0000, 0x0000, 0x0000, 0x0000, 0x0000,
 0x0000, 0x0000, 0x0000, 0x0000, 0x0000, 0x0000, 0x0000, 0x0000, 0x0000, 0x0000, 0x0000, 0x0000, 0x0000, 0x0000, 0x0000, 0x0000,
 0x0000, 0x0000, 0x0000, 0x0000, 0x0000, 0x0000, 0x0000, 0x0000, 0x0000, 0x0000, 0x0000, 0x0000, 0x0000, 0x0000, 0x0000, 0x0000,
 0x0000, 0x0000, 0x0000, 0x0000, 0x0000, 0x0000, 0x0000, 0x0000, 0x0000, 0x00A3, 0x5AC5, 0x4A03, 0x0000, 0x0000, 0x0000, 0x0000,
 0x0000, 0x0000, 0x0000, 0x0000, 0x0000, 0x0000, 0x0000, 0x0000, 0x0000, 0x0000, 0x0000, 0x0000, 0x0000, 0x0000, 0x0000, 0x0000,
 0x0000, 0x0000, 0x0000, 0x0000, 0x0000, 0x0000, 0x0000, 0x0000, 0x0000, 0x0000, 0x0082, 0x1ACD, 0x2D17, 0x46DE, 0xE6CC, 0x5244,
 0x0000, 0x0000, 0x0000, 0x0000, 0x0000, 0x0000, 0x0000, 0x0000, 0x0000, 0x0000, 0x0000, 0x0000, 0x0000, 0x0000, 0x0000, 0x0000,
 0x0000, 0x0000, 0x0000, 0x0000, 0x0000, 0x0000, 0x0000, 0x0000, 0x0000, 0x0000, 0x0000, 0x08C3, 0x22CD, 0x3D17, 0x4EBF, 0x46DF,
 0x46FF, 0x5EFB, 0xEECC, 0x3162, 0x0000, 0x0000, 0x0000, 0x0000, 0x0000, 0x0000, 0x0000, 0x0000, 0x0000, 0x0000, 0x0000, 0x0000,
 0x0000, 0x0000, 0x0000, 0x0000, 0x0000, 0x0000, 0x0000, 0x0000, 0x0000, 0x0000, 0x0000, 0x0000, 0x0946, 0x232F, 0x4579, 0x4E9F,
 0x4EBF, 0x4EBF, 0x4EDF, 0x46DF, 0x46FF, 0x7ED8, 0xE6AC, 0x1060, 0x0000, 0x0000, 0x0000, 0x0000, 0x0000, 0x0000, 0x0000, 0x0000,
 0x0000, 0x0000, 0x0000, 0x0000, 0x0000, 0x0000, 0x0000, 0x0000, 0x0000, 0x0000, 0x0000, 0x0000, 0x0062, 0x11EA, 0x2BB3, 0x459C,
 0x4E5F, 0x4E7F, 0x4E9F, 0x4EBF, 0x4EBF, 0x4EBF, 0x4EDF, 0x46DF, 0x46FF, 0x9ED5, 0xDE4B, 0x0000, 0x0000, 0x0000, 0x0000, 0x0000,
 0x0000, 0x0000, 0x0000, 0x0000, 0x0000, 0x0000, 0x0000, 0x0000, 0x0000, 0x0000, 0x0000, 0x0000, 0x0021, 0x1127, 0x1A70, 0x2BF8,
 0x3D5E, 0x3DBF, 0x45FF, 0x461F, 0x4E5F, 0x4E7F, 0x4E9F, 0x4EBF, 0x4EBF, 0x4EBF, 0x4EDF, 0x46DF, 0x46FF, 0xB6D1, 0xBD69, 0x0000,
 0x0000, 0x0000, 0x0000, 0x0000, 0x0000, 0x0000, 0x0000, 0x0000, 0x0000, 0x0000, 0x0000, 0x0000, 0x0021, 0x00E7, 0x09CE, 0x1B17,
 0x243D, 0x551F, 0x2CFF, 0x351F, 0x3D7F, 0x3DBF, 0x45FF, 0x461F, 0x4E5F, 0x4E7F, 0x4E9F, 0x4EBF, 0x4EBF, 0x4EBF, 0x4EDF, 0x46DF,
 0x46FF, 0xD6CE, 0x9C68, 0x0000, 0x0000, 0x0000, 0x0000, 0x0000, 0x0000, 0x0000, 0x0000, 0x0020, 0x0085, 0x012B, 0x09D1, 0x3B99,
 0x2BDE, 0x1BBF, 0x1BFF, 0x243F, 0x247F, 0x551F, 0x2CFF, 0x351F, 0x3D7F, 0x3DBF, 0x45FF, 0x461F, 0x4E5F, 0x4E7F, 0x4E9F, 0x4EBF,
 0x4EBF, 0x4EBF, 0x4EDF, 0x46DF, 0x4EFE, 0xE6CC, 0x7B86, 0x0000, 0x0000, 0x0000, 0x0021, 0x1948, 0x324D, 0x2231, 0x1256, 0x6CDD,
 0x2BBF, 0x131F, 0x133F, 0x4C7F, 0x2BFF, 0x1BBF, 0x1BFF, 0x241F, 0x245F, 0x54FF, 0x2CDF, 0x351F, 0x3D7F, 0x3DBF, 0x45FF, 0x461F,
 0x4E5F, 0x4E7F, 0x4E9F, 0x4EBF, 0x4EBF, 0x4EBF, 0x4EDF, 0x46DF, 0x66FB, 0xEECC, 0x5A84, 0x0000, 0x0000, 0x0000, 0x218A, 0x6CBD,
 0x7D7F, 0x3BBD, 0x1B1D, 0x6D1F, 0x2BBF, 0x131F, 0x133F, 0x4C7F, 0x2BDF, 0x1BBF, 0x1BFF, 0x241F, 0x245F, 0x54FF, 0x2CDF, 0x351F,
 0x3D5F, 0x3DBF, 0x45FF, 0x461F, 0x4E5F, 0x4E7F, 0x4E9F, 0x4EBF, 0x4EBF, 0x4EBF, 0x4EDF, 0x46DF, 0x86D8, 0xEECC, 0x39A3, 0x0000,
 0x0000, 0x0000, 0x324F, 0x6CBD, 0x7D7F, 0x3BBD, 0x1B1D, 0x751F, 0x2BBF, 0x0B1F, 0x133F, 0x4C5F, 0x2BDF, 0x1BBF, 0x1BFF, 0x241F,
 0x245F, 0x54FF, 0x2CDF, 0x351F, 0x3D5F, 0x3DBF, 0x45FF, 0x461F, 0x4E5F, 0x4E7F, 0x4E9F, 0x4EBF, 0x4EBF, 0x56BE, 0x76D9, 0x9ED5,
 0xCECF, 0xEECC, 0x18C1, 0x0000, 0x0000, 0x0000, 0x4314, 0x6CBD, 0x7D7F, 0x3BBD, 0x1B1D, 0x751F, 0x2BBF, 0x0B1F, 0x133F, 0x4C5F,
 0x2BDF, 0x1BBF, 0x1BFF, 0x241F, 0x245F, 0x54FF, 0x2CDF, 0x351F, 0x3D5F, 0x3DBF, 0x45FF, 0x461F, 0x4E5F, 0x669C, 0x8EB7, 0xAEB3,
 0xD6AE, 0xE6AC, 0xD62B, 0xA4A8, 0x6B25, 0x3182, 0x0000, 0x0000, 0x0000, 0x0042, 0x4B76, 0x6CBD, 0x7D7F, 0x3BBD, 0x1B1D, 0x751F,
 0x2BBF, 0x0B1F, 0x133F, 0x4C5F, 0x2BDF, 0x1BBF, 0x1BDF, 0x241F, 0x2C5F, 0x54FF, 0x2CDF, 0x351F, 0x3D7E, 0x65FA, 0x9656, 0xBE91,
 0xDEAD, 0xE6AC, 0xC5CA, 0x8C07, 0x5A84, 0x2102, 0x0000, 0x0000, 0x0000, 0x0000, 0x0000, 0x0000, 0x0000, 0x1906, 0x4B77, 0x6CBD,
 0x7D7F, 0x3B9D, 0x1B1D, 0x751F, 0x2B9F, 0x0B1F, 0x133F, 0x4C5F, 0x2BDF, 0x1BBF, 0x1BDF, 0x241F, 0x44BC, 0x8DB8, 0x95F4, 0xC670,
 0xE6AC, 0xE68B, 0xB529, 0x7B86, 0x4203, 0x1080, 0x0000, 0x0000, 0x0000, 0x0000, 0x0000, 0x0000, 0x0000, 0x0000, 0x0000, 0x0000,
 0x0000, 0x29CB, 0x4B76, 0x6CBD, 0x7D7F, 0x339D, 0x1B1D, 0x751F, 0x2B9F, 0x0B1F, 0x133F, 0x4C7F, 0x547B, 0x7516, 0xA5D2, 0xD66E,
 0xE6AC, 0xD62B, 0xA4A8, 0x6B05, 0x3182, 0x0020, 0x0000, 0x0000, 0x0000, 0x0000, 0x0000, 0x0000, 0x0000, 0x0000, 0x0000, 0x0000,
 0x0000, 0x0000, 0x0000, 0x0000, 0x0000, 0x42F1, 0x4B76, 0x6CBD, 0x7D7F, 0x339D, 0x1B1D, 0x7D3E, 0x6499, 0x84F5, 0xB5D0, 0xDE8D,
 0xE6AC, 0xC58A, 0x8C07, 0x5AA4, 0x20E1, 0x0000, 0x0000, 0x0000, 0x0000, 0x0000, 0x0000, 0x0000, 0x0000, 0x0000, 0x0000, 0x0000,
 0x0000, 0x0000, 0x0000, 0x0000, 0x0000, 0x0000, 0x0000, 0x0000, 0x0000, 0x5BF7, 0x4B96, 0x7D1A, 0xADF7, 0xADB2, 0xCE2E, 0xE6AC,
 0xE68B, 0xB529, 0x7B86, 0x4203, 0x1081, 0x0000, 0x0000, 0x0000, 0x0000, 0x0000, 0x0000, 0x0000, 0x0000, 0x0000, 0x0000, 0x0000,
 0x0000, 0x0000, 0x0000, 0x0000, 0x0000, 0x0000, 0x0000, 0x0000, 0x0000, 0x0000, 0x0000, 0x0000, 0x18E2, 0xC630, 0xDE8C, 0xE6AC,
 0xD62B, 0x9C88, 0x6305, 0x3162, 0x0020, 0x0000, 0x0000, 0x0000, 0x0000, 0x0000, 0x0000, 0x0000, 0x0000, 0x0000, 0x0000, 0x0000,
 0x0000, 0x0000, 0x0000, 0x0000, 0x0000, 0x0000, 0x0000, 0x0000, 0x0000, 0x0000, 0x0000, 0x0000, 0x0000, 0x0000, 0x0000, 0x0000,
 0x39A2, 0x8C27, 0x5264, 0x20E1, 0x0000, 0x0000, 0x0000, 0x0000, 0x0000, 0x0000, 0x0000, 0x0000, 0x0000, 0x0000, 0x0000, 0x0000,
 0x0000, 0x0000, 0x0000, 0x0000, 0x0000, 0x0000, 0x0000, 0x0000, 0x0000, 0x0000, 0x0000, 0x0000, 0x0000, 0x0000, 0x0000, 0x0000,
 0x0000, 0x0000, 0x0000, 0x0000, 0x0000, 0x0000, 0x0000, 0x0000, 0x0000, 0x0000, 0x0000, 0x0000, 0x0000, 0x0000, 0x0000, 0x0000,
 0x0000, 0x0000, 0x0000, 0x0000, 0x0000, 0x0000, 0x0000, 0x0000, 0x0000, 0x0000, 0x0000, 0x0000, 0x0000, 0x0000, 0x0000, 0x0000,
 0x0000, 0x0000, 0x0000, 0x0000, 0x0000, 0x0000, 0x0000, 0x0000, 0x0000, 0x0000, 0x0000, 0x0000, 0x0000, 0x0000, 0x0000, 0x0000,
 0x0000, 0x0000, 0x0000, 0x0000, 0x0000, 0x0000, 0x0000, 0x0000, 0x0000, 0x0000, 0x0000, 0x0000, 0x0000, 0x0000, 0x0000, 0x0000,
 0x0000, 0x0000, 0x0000, 0x0000, 0x0000, 0x0000, 0x0000, 0x0000, 0x0000, 0x0000, 0x0000, 0x0000, 0x0000, 0x0000, 0x0000, 0x0000,
 0x0000, 0x0000, 0x0000, 0x0000, 0x0000, 0x0000, 0x0000, 0x0000, 0x0000, 0x0000, 0x0000, 0x0000, 0x0000, 0x0000, 0x0000, 0x0000,
 0x0000, 0x0000, 0x0000, 0x0000, 0x0000, 0x0000, 0x0000, 0x0000, 0x0000, 0x0000, 0x0000, 0x0000, 0x0000, 0x0000, 0x0000, 0x0000,

};

const unsigned short LetterL[] = {
 0x0000, 0x0000, 0x0000, 0x0000, 0x0000, 0x0000, 0x0000, 0x0000, 0x0000, 0x0000, 0x0000, 0x0000, 0x0000, 0x0000, 0x0000, 0x0000,
 0x0000, 0x0000, 0x0000, 0x0000, 0x0000, 0x0000, 0x0000, 0x0000, 0x0000, 0x0000, 0x0000, 0x0000, 0x0000, 0x0000, 0x0000, 0x0000,
 0x0000, 0x0000, 0x0000, 0x0000, 0x0000, 0x0000, 0x0000, 0x0000, 0x0000, 0x0000, 0x0000, 0x0000, 0x0000, 0x0021, 0x0043, 0x08A5,
 0x0884, 0x0000, 0x0000, 0x0000, 0x0000, 0x0000, 0x0000, 0x0000, 0x0000, 0x0000, 0x0000, 0x0000, 0x0000, 0x0000, 0x0000, 0x0000,
 0x0000, 0x0000, 0x0000, 0x0000, 0x0000, 0x0000, 0x0000, 0x0000, 0x0000, 0x0000, 0x0000, 0x0041, 0x322D, 0x3AB0, 0x1213, 0x3318,
 0x543C, 0x0ADE, 0x0B1F, 0x33DF, 0x2A2E, 0x0000, 0x0000, 0x0000, 0x0000, 0x0000, 0x0000, 0x0000, 0x0000, 0x0000, 0x0000, 0x0000,
 0x0000, 0x0000, 0x0000, 0x0000, 0x0000, 0x0000, 0x0000, 0x0000, 0x0000, 0x0000, 0x0000, 0x0000, 0x0000, 0x0000, 0x0000, 0x10E6,
 0x751E, 0x751F, 0x1AFC, 0x3BDE, 0x5CBF, 0x0AFF, 0x0B1F, 0x33DF, 0x21CB, 0x0000, 0x0000, 0x0000, 0x0000, 0x0000, 0x0000, 0x0000,
 0x0000, 0x0000, 0x0000, 0x0000, 0x0000, 0x0000, 0x0000, 0x0000, 0x0000, 0x0000, 0x0000, 0x0000, 0x0000, 0x0000, 0x0000, 0x0000,
 0x0000, 0x0000, 0x0000, 0x1128, 0x751E, 0x751F, 0x1AFC, 0x3BDE, 0x5CBF, 0x0AFF, 0x0B1F, 0x33DF, 0x1106, 0x0000, 0x0000, 0x0000,
 0x0000, 0x0000, 0x0000, 0x0000, 0x0000, 0x0000, 0x0000, 0x0000, 0x0000, 0x0000, 0x0000, 0x0000, 0x0000, 0x0000, 0x0000, 0x0000,
 0x0000, 0x0000, 0x0000, 0x0000, 0x0000, 0x0000, 0x0000, 0x196A, 0x751E, 0x751F, 0x1AFC, 0x3BDE, 0x5CBF, 0x0AFF, 0x0AFF, 0x33DF,
 0x0041, 0x0000, 0x0000, 0x0000, 0x0000, 0x0000, 0x0000, 0x0000, 0x0000, 0x0000, 0x0000, 0x0000, 0x0000, 0x0000, 0x0000, 0x0000,
 0x0000, 0x0000, 0x0000, 0x0000, 0x0000, 0x0000, 0x39C3, 0x18E1, 0x0000, 0x0000, 0x0000, 0x21CD, 0x751E, 0x751F, 0x1AFC, 0x3BDE,
 0x5CBF, 0x0ADF, 0x0AFF, 0x2B9D, 0x0000, 0x0000, 0x0000, 0x0000, 0x0000, 0x0000, 0x0000, 0x0000, 0x0000, 0x0000, 0x0000, 0x0000,
 0x0000, 0x0000, 0x0000, 0x0000, 0x0000, 0x0000, 0x0082, 0x126A, 0x24B4, 0x36BD, 0xDECD, 0x2122, 0x0000, 0x0000, 0x0000, 0x3271,
 0x751E, 0x751F, 0x1AFC, 0x3BDE, 0x5C9F, 0x0ADF, 0x0AFF, 0x22FA, 0x0000, 0x0000, 0x0000, 0x0000, 0x0000, 0x0000, 0x0000, 0x0000,
 0x0000, 0x0000, 0x0000, 0x0000, 0x0000, 0x0000, 0x0000, 0x0946, 0x234F, 0x3517, 0x3EFF, 0x3F1F, 0x371F, 0x4F1D, 0xE6AC, 0x0840,
 0x0000, 0x0000, 0x0000, 0x3AD3, 0x751E, 0x6D1F, 0x1AFD, 0x3BDE, 0x5C9F, 0x0ADF, 0x0AFF, 0x1256, 0x0000, 0x0000, 0x0000, 0x0000,
 0x0000, 0x0000, 0x0000, 0x0000, 0x0000, 0x0000, 0x0000, 0x0082, 0x1A2A, 0x2BF3, 0x45FC, 0x4EBF, 0x46DF, 0x46FF, 0x3F1F, 0x3F1F,
 0x371F, 0x6F19, 0xD60A, 0x0000, 0x0000, 0x0000, 0x0000, 0x4356, 0x751E, 0x6D1F, 0x1AFD, 0x3BDE, 0x5C9F, 0x0ADF, 0x0AFF, 0x09B1,
 0x0000, 0x0000, 0x0000, 0x0000, 0x0000, 0x0000, 0x0000, 0x0000, 0x1189, 0x2310, 0x3498, 0x463F, 0x4E5F, 0x4E7F, 0x4E9F, 0x4EBF,
 0x46DF, 0x46FF, 0x3EFF, 0x3F1F, 0x371F, 0x8EF6, 0xAD08, 0x0000, 0x0000, 0x0000, 0x0862, 0x4357, 0x751E, 0x6D1F, 0x1ADD, 0x3BDE,
 0x549F, 0x0ADF, 0x0AFF, 0x014D, 0x0000, 0x0000, 0x0000, 0x0042, 0x1148, 0x1250, 0x23D8, 0x34FE, 0x3D5F, 0x3DBF, 0x45FF, 0x463F,
 0x4E5F, 0x4E7F, 0x4E9F, 0x4EBF, 0x46DF, 0x46FF, 0x3EFF, 0x3F1F, 0x371F, 0xAEF2, 0x83C6, 0x0000, 0x0000, 0x0000, 0x1906, 0x4357,
 0x751E, 0x6D1F, 0x1ADD, 0x3BDE, 0x549F, 0x0ADF, 0x0AFF, 0x118E, 0x096C, 0x0A12, 0x12F9, 0x1BDE, 0x449F, 0x2C7F, 0x2CBF, 0x351F,
 0x3D5F, 0x3DBF, 0x45FF, 0x463F, 0x4E5F, 0x4E7F, 0x4E9F, 0x4EBF, 0x46DF, 0x46DF, 0x3EFF, 0x3F1F, 0x371F, 0xCECF, 0x62C5, 0x0000,
 0x0000, 0x0000, 0x29AA, 0x4357, 0x751E, 0x6CFF, 0x12DD, 0x3BDF, 0x547F, 0x0ADF, 0x0AFF, 0x33FF, 0x2BDF, 0x135F, 0x1B9F, 0x1BDF,
 0x449F, 0x2C7F, 0x2CBF, 0x351F, 0x3D5F, 0x3DBF, 0x45FF, 0x463F, 0x4E5F, 0x4E7F, 0x4E9F, 0x4EBF, 0x46BF, 0x46DF, 0x3EFF, 0x3F1F,
 0x3F1E, 0xE6CC, 0x41E3, 0x0000, 0x0000, 0x0000, 0x3A6F, 0x4357, 0x751E, 0x6CFF, 0x12DD, 0x3BDF, 0x547F, 0x0ADF, 0x0AFF, 0x33FF,
 0x2BDF, 0x135F, 0x1B9F, 0x1BDF, 0x4CBF, 0x2C7F, 0x2CBF, 0x351F, 0x3D5F, 0x3DBF, 0x45FF, 0x461F, 0x4E5F, 0x4E7F, 0x4E9F, 0x4EBF,
 0x46BF, 0x46DF, 0x3EFF, 0x3F1F, 0x5F1B, 0xE6AC, 0x2101, 0x0000, 0x0000, 0x0000, 0x4B54, 0x4357, 0x753F, 0x6CFF, 0x12DD, 0x3BDF,
 0x547F, 0x0ADF, 0x0AFF, 0x3BFF, 0x2BBF, 0x135F, 0x1B9F, 0x1BDF, 0x4CBF, 0x2C7F, 0x2CBF, 0x351F, 0x3D5F, 0x3DBF, 0x45FF, 0x461F,
 0x4E5F, 0x4E7F, 0x4E9F, 0x4E9F, 0x46BF, 0x4EDE, 0x66FB, 0x86F7, 0xB6D2, 0xDE6B, 0x0000, 0x0000, 0x0000, 0x0041, 0x645A, 0x4357,
 0x753F, 0x6CFF, 0x12DD, 0x3BDF, 0x547F, 0x0ADF, 0x0AFF, 0x3BFF, 0x2BBF, 0x135F, 0x1B9F, 0x1BDF, 0x4CBF, 0x2C7F, 0x2CBF, 0x351F,
 0x3D5F, 0x3DBF, 0x45FF, 0x461F, 0x4E5E, 0x6E7B, 0x8E97, 0xAEB3, 0xCEAF, 0xE6CC, 0xEECC, 0xCDEA, 0x9467, 0x62C5, 0x0000, 0x0000,
 0x0000, 0x1926, 0x647A, 0x4357, 0x753F, 0x6CFF, 0x12DD, 0x3BDF, 0x547F, 0x0ADF, 0x0AFF, 0x3BFF, 0x2BBF, 0x135F, 0x1B9F, 0x1BDF,
 0x4C9F, 0x2C7F, 0x2CBF, 0x351F, 0x559C, 0x7E18, 0xA673, 0xCEAF, 0xE6AC, 0xEECC, 0xD64B, 0xAD09, 0x7345, 0x4203, 0x1081, 0x0000,
 0x0000, 0x0000, 0x0000, 0x0000, 0x0000, 0x322C, 0x647B, 0x4357, 0x753F, 0x6CFF, 0x12DE, 0x3BDF, 0x547F, 0x0ADF, 0x0AFF, 0x3BFF,
 0x2BBF, 0x135F, 0x1BBE, 0x445B, 0x8578, 0x9DD4, 0xBE50, 0xE6AC, 0xEECC, 0xE68B, 0xB529, 0x83C6, 0x5264, 0x18C1, 0x0000, 0x0000,
 0x0000, 0x0000, 0x0000, 0x0000, 0x0000, 0x0000, 0x0000, 0x0000, 0x0000, 0x4B53, 0x647B, 0x4358, 0x753F, 0x6CDF, 0x12BE, 0x3BDF,
 0x547F, 0x0ADF, 0x3BBB, 0x7D17, 0x9D93, 0xBE10, 0xE6AC, 0xEECC, 0xE6AC, 0xC58A, 0x9447, 0x5A84, 0x3162, 0x0020, 0x0000, 0x0000,
 0x0000, 0x0000, 0x0000, 0x0000, 0x0000, 0x0000, 0x0000, 0x0000, 0x0000, 0x0000, 0x0000, 0x0000, 0x0000, 0x6C9A, 0x647B, 0x3B38,
 0x753E, 0x7D3C, 0x5C37, 0x9D74, 0xC631, 0xDE8D, 0xE6CC, 0xE6AC, 0xCDCA, 0x9C88, 0x7345, 0x39A2, 0x0840, 0x0000, 0x0000, 0x0000,
 0x0000, 0x0000, 0x0000, 0x0000, 0x0000, 0x0000, 0x0000, 0x0000, 0x0000, 0x0000, 0x0000, 0x0000, 0x0000, 0x0000, 0x0000, 0x0000,
 0x0840, 0xA5D7, 0xB5D2, 0xC5EE, 0xE6AC, 0xEECC, 0xEECC, 0xDE6B, 0xAD08, 0x7366, 0x4203, 0x18C1, 0x0000, 0x0000, 0x0000, 0x0000,
 0x0000, 0x0000, 0x0000, 0x0000, 0x0000, 0x0000, 0x0000, 0x0000, 0x0000, 0x0000, 0x0000, 0x0000, 0x0000, 0x0000, 0x0000, 0x0000,
 0x0000, 0x0000, 0x0000, 0x0000, 0x3182, 0xEECC, 0xDE4B, 0xB549, 0x83E7, 0x5A84, 0x18C1, 0x0000, 0x0000, 0x0000, 0x0000, 0x0000,
 0x0000, 0x0000, 0x0000, 0x0000, 0x0000, 0x0000, 0x0000, 0x0000, 0x0000, 0x0000, 0x0000, 0x0000, 0x0000, 0x0000, 0x0000, 0x0000,
 0x0000, 0x0000, 0x0000, 0x0000, 0x0000, 0x0000, 0x0000, 0x0000, 0x20E1, 0x3182, 0x0840, 0x0000, 0x0000, 0x0000, 0x0000, 0x0000,
 0x0000, 0x0000, 0x0000, 0x0000, 0x0000, 0x0000, 0x0000, 0x0000, 0x0000, 0x0000, 0x0000, 0x0000, 0x0000, 0x0000, 0x0000, 0x0000,
 0x0000, 0x0000, 0x0000, 0x0000, 0x0000, 0x0000, 0x0000, 0x0000, 0x0000, 0x0000, 0x0000, 0x0000, 0x0000, 0x0000, 0x0000, 0x0000,
 0x0000, 0x0000, 0x0000, 0x0000, 0x0000, 0x0000, 0x0000, 0x0000, 0x0000, 0x0000, 0x0000, 0x0000, 0x0000, 0x0000, 0x0000, 0x0000,
 0x0000, 0x0000, 0x0000, 0x0000, 0x0000, 0x0000, 0x0000, 0x0000, 0x0000, 0x0000, 0x0000, 0x0000, 0x0000, 0x0000, 0x0000, 0x0000,

};

const unsigned short LetterM[] = {
 0x0000, 0x0000, 0x0000, 0x0000, 0x0000, 0x0000, 0x0000, 0x0000, 0x0000, 0x0000, 0x0000, 0x0000, 0x0000, 0x0000, 0x0000, 0x0000,
 0x0000, 0x0000, 0x0000, 0x0000, 0x0000, 0x0000, 0x0000, 0x0000, 0x0000, 0x0000, 0x0000, 0x0000, 0x0000, 0x0000, 0x0000, 0x0000,
 0x0020, 0x00C3, 0x2962, 0x0020, 0x0000, 0x0000, 0x0000, 0x0000, 0x0000, 0x0000, 0x0000, 0x0000, 0x0000, 0x0000, 0x0000, 0x0000,
 0x0000, 0x0000, 0x0021, 0x0042, 0x08A4, 0x00C5, 0x08E6, 0x0927, 0x0989, 0x11EA, 0x120B, 0x1A8E, 0x22EF, 0x2371, 0x2BF3, 0x3454,
 0x3CD7, 0x3D39, 0x45BB, 0x463D, 0x469F, 0x4E9E, 0xDE6B, 0x0020, 0x0000, 0x0000, 0x0000, 0x0000, 0x0022, 0x027F, 0x3BDF, 0x5CBF,
 0x02BF, 0x0ABF, 0x0ADF, 0x5CBF, 0x131F, 0x135F, 0x137F, 0x1BBF, 0x54BF, 0x243F, 0x2C9F, 0x2CDF, 0x353F, 0x3D7F, 0x3DBF, 0x45FF,
 0x461F, 0x4E5F, 0x4E7F, 0x4E7F, 0x4E7F, 0x4E7F, 0x4E9F, 0x469F, 0x469F, 0x6E9A, 0xA4C8, 0x0000, 0x0000, 0x0000, 0x0000, 0x0000,
 0x00CA, 0x027F, 0x3BDF, 0x5CBF, 0x02BF, 0x0ABF, 0x0ADF, 0x5CBF, 0x131F, 0x135F, 0x137F, 0x1BBF, 0x54BF, 0x243F, 0x2C9F, 0x2CDF,
 0x353F, 0x3D7F, 0x3DBF, 0x45FF, 0x461F, 0x4E5F, 0x4E7F, 0x4E7F, 0x4E7F, 0x4E7F, 0x4E9F, 0x469F, 0x469F, 0x96B5, 0x7345, 0x0000,
 0x0000, 0x0000, 0x0000, 0x0000, 0x19F2, 0x027F, 0x3BDF, 0x5CBF, 0x02BF, 0x0ABF, 0x0AFF, 0x5CBF, 0x131F, 0x135F, 0x137F, 0x1BBF,
 0x54DF, 0x245F, 0x2C9F, 0x34DF, 0x353F, 0x3D7F, 0x3DBF, 0x45FF, 0x461F, 0x4E5F, 0x4E7F, 0x4E7F, 0x4E7F, 0x4E7F, 0x4E9F, 0x469F,
 0x469F, 0xBEB1, 0x41E3, 0x0000, 0x0000, 0x0000, 0x0000, 0x0000, 0x3318, 0x027F, 0x3BDF, 0x5CBF, 0x02BF, 0x0ADF, 0x0AFF, 0x5C9F,
 0x131F, 0x135F, 0x139F, 0x1BBF, 0x54DF, 0x245F, 0x2C9F, 0x34FF, 0x353F, 0x3D7F, 0x3DBF, 0x45FF, 0x461F, 0x4E5F, 0x4E7F, 0x4E7F,
 0x4E7F, 0x4E7F, 0x4E9F, 0x469F, 0x469F, 0xD68D, 0x0840, 0x0000, 0x0000, 0x0000, 0x0000, 0x0041, 0x4C1F, 0x027F, 0x3BFF, 0x5CBF,
 0x02BF, 0x0ADF, 0x0AFF, 0x5CBF, 0x133F, 0x135F, 0x139F, 0x1BDF, 0x54DF, 0x245F, 0x2C9F, 0x34FF, 0x353F, 0x3D7F, 0x3DBF, 0x45FF,
 0x463F, 0x4E5F, 0x4E7F, 0x4E7F, 0x4E7F, 0x4E7F, 0x4E9F, 0x469F, 0x5E9C, 0xB529, 0x0000, 0x0000, 0x0000, 0x0000, 0x0000, 0x2189,
 0x4C3F, 0x027F, 0x3BDF, 0x5C9E, 0x027C, 0x025A, 0x0A59, 0x4356, 0x0A14, 0x0A13, 0x09F0, 0x09EF, 0x220D, 0x09AC, 0x120E, 0x1AF2,
 0x2BF7, 0x34BA, 0x3D9E, 0x45FF, 0x463F, 0x4E5F, 0x4E7F, 0x567F, 0x669C, 0x8698, 0x9EB5, 0xB6B1, 0xC62D, 0x62E5, 0x0000, 0x0000,
 0x0000, 0x0000, 0x0000, 0x0862, 0x0883, 0x0022, 0x0000, 0x0000, 0x0000, 0x0000, 0x0000, 0x0000, 0x0000, 0x0085, 0x094B, 0x1231,
 0x3B97, 0x241D, 0x2CBF, 0x34FF, 0x353F, 0x3D9F, 0x55DD, 0x763A, 0x8E76, 0xAE93, 0xCE8F, 0xC5EB, 0x9CA8, 0x6B25, 0x4203, 0x18A1,
 0x0000, 0x0000, 0x0000, 0x0000, 0x0000, 0x0000, 0x0000, 0x0000, 0x0000, 0x0000, 0x0000, 0x0022, 0x00A7, 0x012D, 0x09D3, 0x43B9,
 0x131E, 0x135F, 0x139F, 0x1BDF, 0x54DF, 0x245F, 0x2CBF, 0x3D1E, 0x85D7, 0xCE6E, 0xC58A, 0x9447, 0x62E5, 0x39A3, 0x0860, 0x0000,
 0x0041, 0x08E4, 0x0925, 0x11A8, 0x11E9, 0x2A89, 0x41E3, 0x0000, 0x0000, 0x0000, 0x0063, 0x2189, 0x2210, 0x01B5, 0x3B7B, 0x5C9F,
 0x02BF, 0x0ADF, 0x0AFF, 0x5CBF, 0x133F, 0x135F, 0x1B9F, 0x1BDF, 0x54DF, 0x245F, 0x34BE, 0x6CF5, 0x4C54, 0x2BB4, 0x2BF5, 0x3477,
 0x3D19, 0x459B, 0x45FD, 0x4E7F, 0x4E9F, 0x4E9F, 0x4E9F, 0x469F, 0x469F, 0x96B5, 0x62C5, 0x0000, 0x0000, 0x19F0, 0x2B5D, 0x7D7F,
 0x4C3F, 0x029F, 0x3BFF, 0x5C9F, 0x02BF, 0x0ADF, 0x0AFF, 0x5CBF, 0x133F, 0x135F, 0x1B9F, 0x1BDF, 0x54DF, 0x245F, 0x2CBF, 0x34FF,
 0x355F, 0x3D9F, 0x45DF, 0x45FF, 0x463F, 0x4E5F, 0x4E7F, 0x4E7F, 0x4E9F, 0x4E9F, 0x4E9F, 0x469F, 0x469F, 0xC6B0, 0x2942, 0x0000,
 0x0000, 0x32D6, 0x2B5D, 0x7D7F, 0x4C3F, 0x029F, 0x43FF, 0x5C9F, 0x02BF, 0x0ADF, 0x0AFF, 0x5C9F, 0x133F, 0x137F, 0x1B9F, 0x1BDF,
 0x54DF, 0x247F, 0x2CBF, 0x34FF, 0x351E, 0x34DB, 0x34B9, 0x3456, 0x3435, 0x3CF8, 0x459B, 0x4E5E, 0x4E9F, 0x4E9F, 0x4E9F, 0x469F,
 0x4E9E, 0xDE8C, 0x0840, 0x0000, 0x0000, 0x4BDC, 0x2B5D, 0x7D7F, 0x4C3F, 0x029F, 0x3BFF, 0x547E, 0x025B, 0x0259, 0x0A36, 0x3B14,
 0x09D2, 0x09AF, 0x096C, 0x094A, 0x1127, 0x00C5, 0x0083, 0x00A4, 0x1189, 0x1AAF, 0x2BF5, 0x3D1A, 0x463F, 0x4E5F, 0x4E7F, 0x4E7F,
 0x4E9F, 0x4E9F, 0x4E9F, 0x469F, 0x7E98, 0xB529, 0x0000, 0x0000, 0x0041, 0x21AB, 0x090A, 0x2168, 0x08C5, 0x0043, 0x0001, 0x0000,
 0x0000, 0x0000, 0x0000, 0x0000, 0x0000, 0x0000, 0x00A6, 0x096B, 0x2AB1, 0x1B57, 0x2C7D, 0x351F, 0x355F, 0x3D9F, 0x45DF, 0x461F,
 0x4E3F, 0x4E5F, 0x4E7F, 0x4E7F, 0x4E9F, 0x4E9F, 0x4E9F, 0x469F, 0xAEB3, 0x7B86, 0x0000, 0x0000, 0x0000, 0x0000, 0x0000, 0x0000,
 0x0000, 0x0000, 0x0000, 0x0000, 0x0022, 0x00C8, 0x016E, 0x32F4, 0x0ABA, 0x135F, 0x1BBF, 0x1BFF, 0x54DF, 0x2C7F, 0x2CBF, 0x351F,
 0x3D5F, 0x3D9F, 0x45DF, 0x461F, 0x4E3F, 0x4E5F, 0x4E7F, 0x4E7F, 0x4E9F, 0x4E9F, 0x4E9F, 0x469F, 0xD6AE, 0x4203, 0x0000, 0x0000,
 0x0000, 0x0000, 0x0000, 0x0021, 0x116B, 0x0171, 0x32F7, 0x4C1D, 0x0ABF, 0x0ADF, 0x0AFF, 0x5C9F, 0x133F, 0x137F, 0x1BBF, 0x1BFF,
 0x4CDF, 0x2C7F, 0x2CDF, 0x351F, 0x3D5F, 0x3D9F, 0x45DF, 0x461F, 0x4E3E, 0x6E7B, 0x8E97, 0xA694, 0xB6B2, 0xBEB1, 0xC6B0, 0xCEAE,
 0xCDEA, 0x1060, 0x0000, 0x0000, 0x0000, 0x0000, 0x0000, 0x1948, 0x4C3F, 0x029F, 0x43FF, 0x549F, 0x0ABF, 0x0ADF, 0x12FF, 0x5C9F,
 0x133F, 0x137F, 0x1BBF, 0x1BFF, 0x4CDF, 0x2C7F, 0x34DF, 0x4D5C, 0x6DD9, 0x8E16, 0xAE73, 0xCE8F, 0xE6AC, 0xDE6B, 0xBD69, 0x9447,
 0x7345, 0x4A23, 0x2922, 0x0840, 0x0000, 0x0000, 0x0000, 0x0000, 0x0000, 0x0000, 0x0000, 0x3A6E, 0x4C3F, 0x029F, 0x43FF, 0x549F,
 0x0ABF, 0x0ADF, 0x131F, 0x5CBF, 0x133F, 0x23BE, 0x549A, 0x8555, 0xB632, 0xCE4F, 0xE6AC, 0xE6AC, 0xCDCA, 0x9C88, 0x7366, 0x4A03,
 0x18E1, 0x0000, 0x0000, 0x0000, 0x0000, 0x0000, 0x0000, 0x0000, 0x0000, 0x0000, 0x0000, 0x0000, 0x0000, 0x0000, 0x0000, 0x5394,
 0x4C3F, 0x029F, 0x43FF, 0x549F, 0x0ABF, 0x2B7C, 0x6478, 0xB5F3, 0xC62F, 0xE6AC, 0xE6AC, 0xCDEA, 0x9C88, 0x6B25, 0x39A3, 0x0860,
 0x0000, 0x0000, 0x0000, 0x0000, 0x0000, 0x0000, 0x0000, 0x0000, 0x0000, 0x0000, 0x0000, 0x0000, 0x0000, 0x0000, 0x0000, 0x0000,
 0x0000, 0x0000, 0x0000, 0x6CBB, 0x4C3F, 0x231D, 0x7CF7, 0xBE12, 0xD64E, 0xE6AC, 0xE68B, 0xB549, 0x7BA6, 0x4A23, 0x10A1, 0x0000,
 0x0000, 0x0000, 0x0000, 0x0000, 0x0000, 0x0000, 0x0000, 0x0000, 0x0000, 0x0000, 0x0000, 0x0000, 0x0000, 0x0000, 0x0000, 0x0000,
 0x0000, 0x0000, 0x0000, 0x0000, 0x0000, 0x0000, 0x0861, 0xB615, 0xD66F, 0xE6AC, 0xDE6B, 0xACE9, 0x7366, 0x39A2, 0x0020, 0x0000,
 0x0000, 0x0000, 0x0000, 0x0000, 0x0000, 0x0000, 0x0000, 0x0000, 0x0000, 0x0000, 0x0000, 0x0000, 0x0000, 0x0000, 0x0000, 0x0000,
 0x0000, 0x0000, 0x0000, 0x0000, 0x0000, 0x0000, 0x0000, 0x0000, 0x0000, 0x0000, 0x39A3, 0xB529, 0x7366, 0x39A3, 0x0020, 0x0000,
 0x0000, 0x0000, 0x0000, 0x0000, 0x0000, 0x0000, 0x0000, 0x0000, 0x0000, 0x0000, 0x0000, 0x0000, 0x0000, 0x0000, 0x0000, 0x0000,
 0x0000, 0x0000, 0x0000, 0x0000, 0x0000, 0x0000, 0x0000, 0x0000, 0x0000, 0x0000, 0x0000, 0x0000, 0x0000, 0x0000, 0x0000, 0x0000,
 0x0000, 0x0000, 0x0000, 0x0000, 0x0000, 0x0000, 0x0000, 0x0000, 0x0000, 0x0000, 0x0000, 0x0000, 0x0000, 0x0000, 0x0000, 0x0000,
 0x0000, 0x0000, 0x0000, 0x0000, 0x0000, 0x0000, 0x0000, 0x0000, 0x0000, 0x0000, 0x0000, 0x0000, 0x0000, 0x0000, 0x0000, 0x0000,

};

const unsigned short LetterN[] = {
 0x0000, 0x0000, 0x0000, 0x0000, 0x0000, 0x0000, 0x0000, 0x0000, 0x0000, 0x0000, 0x0000, 0x0000, 0x0000, 0x0000, 0x0000, 0x0000,
 0x0000, 0x0000, 0x0000, 0x0000, 0x0000, 0x0000, 0x0000, 0x0000, 0x0000, 0x0000, 0x0000, 0x0000, 0x0000, 0x0000, 0x0000, 0x0000,
 0x0000, 0x0000, 0x0000, 0x0000, 0x0000, 0x0000, 0x0000, 0x0000, 0x0000, 0x0000, 0x0000, 0x0000, 0x0000, 0x0000, 0x0000, 0x0000,
 0x0000, 0x0000, 0x0000, 0x0000, 0x0000, 0x0000, 0x0000, 0x0000, 0x0000, 0x0000, 0x0000, 0x0000, 0x0000, 0x0000, 0x0000, 0x0000,
 0x0000, 0x0000, 0x0000, 0x0000, 0x0000, 0x1080, 0x18C0, 0x0000, 0x0000, 0x0000, 0x0000, 0x0000, 0x0000, 0x0000, 0x0000, 0x0000,
 0x0000, 0x0000, 0x0000, 0x0000, 0x0000, 0x0000, 0x0000, 0x0000, 0x0000, 0x0000, 0x0000, 0x0000, 0x0000, 0x0000, 0x0000, 0x0000,
 0x0000, 0x0000, 0x0000, 0x0000, 0x0041, 0x0187, 0x032E, 0x0494, 0x0E39, 0xEEC0, 0x4200, 0x0000, 0x0000, 0x0000, 0x0000, 0x0000,
 0x0000, 0x0000, 0x0000, 0x0000, 0x0000, 0x0000, 0x0000, 0x0000, 0x0000, 0x0000, 0x0000, 0x0000, 0x0000, 0x0000, 0x0000, 0x0000,
 0x0000, 0x0000, 0x0000, 0x0062, 0x01A8, 0x0ACE, 0x0C54, 0x059A, 0x06DF, 0x06FF, 0x071F, 0x071F, 0x3F18, 0xEEC0, 0x1080, 0x0000,
 0x0000, 0x0000, 0x0000, 0x0000, 0x0000, 0x0000, 0x0000, 0x0000, 0x0000, 0x0000, 0x0000, 0x0000, 0x0000, 0x0000, 0x0000, 0x0000,
 0x0000, 0x0041, 0x00E6, 0x01EB, 0x02F0, 0x0416, 0x157C, 0x163F, 0x167F, 0x1E7F, 0x0E9F, 0x06BF, 0x06DF, 0x06FF, 0x071F, 0x071F,
 0x66F2, 0xCDE0, 0x0000, 0x0000, 0x0000, 0x0000, 0x0000, 0x0000, 0x0000, 0x0000, 0x0000, 0x0000, 0x0000, 0x0000, 0x0000, 0x0085,
 0x00C9, 0x014D, 0x0212, 0x1B17, 0x0BBB, 0x047F, 0x04DF, 0x053F, 0x059F, 0x05DF, 0x161F, 0x165F, 0x167F, 0x1E7F, 0x0E9F, 0x06BF,
 0x06DF, 0x06FF, 0x071F, 0x071F, 0x8EEC, 0x9C60, 0x0000, 0x0000, 0x0000, 0x0000, 0x0000, 0x0000, 0x08A3, 0x014F, 0x0991, 0x4335,
 0x01D9, 0x023D, 0x12FF, 0x33DF, 0x02FF, 0x033F, 0x037F, 0x243F, 0x0C5F, 0x049F, 0x04DF, 0x053F, 0x059F, 0x05DF, 0x161F, 0x1E3F,
 0x167F, 0x1E7F, 0x0E9F, 0x06BF, 0x06DF, 0x06FF, 0x071F, 0x071F, 0xBEE6, 0x62E0, 0x0000, 0x0000, 0x0000, 0x0000, 0x0000, 0x0000,
 0x3AB0, 0x0ABF, 0x12BF, 0x64DF, 0x023F, 0x025F, 0x131F, 0x33DF, 0x02FF, 0x033F, 0x037F, 0x243F, 0x0C5F, 0x049F, 0x04DF, 0x053F,
 0x059F, 0x05DF, 0x161F, 0x1E3F, 0x167F, 0x1E7F, 0x169F, 0x06BF, 0x0EDE, 0x2EFA, 0x4EF6, 0x6EF1, 0xE6C1, 0x3160, 0x0000, 0x0000,
 0x0000, 0x0000, 0x0000, 0x0000, 0x647B, 0x0ABF, 0x12BF, 0x64DF, 0x023F, 0x025F, 0x131F, 0x33DF, 0x02FF, 0x033F, 0x037F, 0x243F,
 0x0C5F, 0x047F, 0x04DF, 0x053F, 0x059F, 0x0DDF, 0x363B, 0x5676, 0x7692, 0x96AD, 0x95E8, 0x9524, 0x8C00, 0x62E0, 0x4A20, 0x2100,
 0x0020, 0x0000, 0x0000, 0x0000, 0x0000, 0x0000, 0x0000, 0x10E5, 0x753F, 0x0ABF, 0x12BF, 0x64DF, 0x023F, 0x025F, 0x131F, 0x33DF,
 0x02FF, 0x033F, 0x037F, 0x243F, 0x2CBB, 0x6572, 0x85EE, 0x95C9, 0x94E5, 0x8C21, 0x7340, 0x4A20, 0x2940, 0x0840, 0x0000, 0x0000,
 0x0000, 0x0000, 0x0000, 0x0000, 0x0000, 0x0000, 0x0000, 0x0000, 0x0000, 0x0000, 0x0000, 0x3AB0, 0x755F, 0x0ABF, 0x12BF, 0x64DF,
 0x023F, 0x025F, 0x131F, 0x33DF, 0x02FF, 0x033F, 0x037F, 0x243F, 0x3499, 0x2B6E, 0x09A9, 0x00E5, 0x0083, 0x0020, 0x0000, 0x0000,
 0x0000, 0x0000, 0x0000, 0x0000, 0x0000, 0x0000, 0x0000, 0x0000, 0x0000, 0x0000, 0x0000, 0x0000, 0x0000, 0x0000, 0x0000, 0x53D9,
 0x755F, 0x0ABF, 0x12BF, 0x64DF, 0x023F, 0x025F, 0x131F, 0x33DF, 0x02FF, 0x033F, 0x037F, 0x243F, 0x0C5F, 0x047F, 0x04DF, 0x053F,
 0x059F, 0x05DF, 0x15BE, 0x159C, 0x157B, 0x1D5A, 0x157A, 0x057A, 0x0599, 0x0599, 0x0599, 0x05B9, 0x05B9, 0xB5A1, 0x4A00, 0x0000,
 0x0000, 0x0000, 0x0000, 0x2A2F, 0x5C5A, 0x0A9F, 0x12BF, 0x64DF, 0x023F, 0x025F, 0x131F, 0x33DF, 0x02FF, 0x033F, 0x037F, 0x243F,
 0x0C3F, 0x047F, 0x04DF, 0x053F, 0x059F, 0x05DF, 0x161F, 0x1E3F, 0x1E5F, 0x1E7F, 0x169F, 0x06BF, 0x06DF, 0x06FF, 0x06FF, 0x071F,
 0x3718, 0xEEC0, 0x2100, 0x0000, 0x0000, 0x0000, 0x0000, 0x0000, 0x0000, 0x0043, 0x092D, 0x4356, 0x023E, 0x025F, 0x131F, 0x33DF,
 0x02FF, 0x033F, 0x037F, 0x243F, 0x0C3F, 0x047F, 0x04DF, 0x053F, 0x059F, 0x05DF, 0x161F, 0x1E3F, 0x1E5F, 0x1E7F, 0x1E9F, 0x06BF,
 0x06DF, 0x06FF, 0x06FF, 0x071F, 0x7EEF, 0xD620, 0x0000, 0x0000, 0x0000, 0x0000, 0x0000, 0x0000, 0x0000, 0x0000, 0x0000, 0x0000,
 0x0000, 0x00A9, 0x11D2, 0x231A, 0x02FF, 0x033F, 0x037F, 0x243F, 0x0C3F, 0x047F, 0x04DF, 0x053F, 0x059F, 0x05DF, 0x161F, 0x1E3F,
 0x1E5F, 0x1E7F, 0x1E9F, 0x06BF, 0x06DF, 0x06FF, 0x06FF, 0x071F, 0xC6E5, 0x9C80, 0x0000, 0x0000, 0x0000, 0x0000, 0x0000, 0x0000,
 0x0000, 0x0000, 0x0000, 0x0862, 0x0087, 0x00EC, 0x0990, 0x1A74, 0x02BD, 0x033F, 0x037F, 0x243F, 0x0C3F, 0x047F, 0x04DF, 0x053F,
 0x059F, 0x0DDF, 0x161F, 0x163F, 0x1E5F, 0x1E7F, 0x1E9F, 0x069F, 0x06BF, 0x06DF, 0x06FF, 0x26FB, 0xEEC0, 0x62E0, 0x0000, 0x0000,
 0x0000, 0x0000, 0x0063, 0x3B14, 0x5BF8, 0x023B, 0x129F, 0x64DF, 0x023F, 0x025F, 0x1B1F, 0x33DF, 0x02FF, 0x033F, 0x037F, 0x243F,
 0x0C3F, 0x047F, 0x04DF, 0x053F, 0x059F, 0x05DF, 0x161F, 0x163F, 0x1E5F, 0x1E7F, 0x2E9D, 0x46B8, 0x5ED3, 0x7ECF, 0xA6EA, 0xCEC4,
 0xEEC0, 0x2940, 0x0000, 0x0000, 0x0000, 0x0000, 0x198D, 0x545D, 0x755F, 0x027F, 0x12BF, 0x64DF, 0x023F, 0x025F, 0x1B1F, 0x2BDF,
 0x02FF, 0x033F, 0x037F, 0x2C3F, 0x0C3F, 0x047F, 0x04DF, 0x0D5E, 0x35DA, 0x5E35, 0x7E70, 0xA68B, 0xC6A7, 0xDEC2, 0xEEC0, 0xEEC0,
 0xE680, 0xCDE0, 0xA4C0, 0x7BA0, 0x62E0, 0x0000, 0x0000, 0x0000, 0x0000, 0x0000, 0x32B5, 0x545D, 0x755F, 0x027F, 0x12BF, 0x64DF,
 0x023F, 0x025F, 0x1B1F, 0x2BDF, 0x02FF, 0x23BB, 0x4476, 0x7D71, 0x95CD, 0xB628, 0xD6A3, 0xEEC0, 0xEEC0, 0xEEC0, 0xCE00, 0xACE0,
 0x8C00, 0x62E0, 0x41E0, 0x2100, 0x0000, 0x0000, 0x0000, 0x0000, 0x0000, 0x0000, 0x0000, 0x0000, 0x0000, 0x10E6, 0x3B19, 0x545D,
 0x755F, 0x027F, 0x231C, 0x8558, 0x5C13, 0x84CE, 0xADA9, 0xD665, 0xE6C0, 0xEEC0, 0xEEC0, 0xD620, 0xB540, 0x8C20, 0x7340, 0x4A40,
 0x2100, 0x0840, 0x0000, 0x0000, 0x0000, 0x0000, 0x0000, 0x0000, 0x0000, 0x0000, 0x0000, 0x0000, 0x0000, 0x0000, 0x0000, 0x0000,
 0x0000, 0x5B49, 0x950C, 0xB5EA, 0xD686, 0xE6A1, 0xEEC0, 0xEEC0, 0xE680, 0xBD60, 0x9C80, 0x7B80, 0x5240, 0x3180, 0x0860, 0x0000,
 0x0000, 0x0000, 0x0000, 0x0000, 0x0000, 0x0000, 0x0000, 0x0000, 0x0000, 0x0000, 0x0000, 0x0000, 0x0000, 0x0000, 0x0000, 0x0000,
 0x0000, 0x0000, 0x0000, 0x0000, 0x0020, 0xCE00, 0xC5A0, 0xA4A0, 0x7B80, 0x62C0, 0x39A0, 0x1080, 0x0000, 0x0000, 0x0000, 0x0000,
 0x0000, 0x0000, 0x0000, 0x0000, 0x0000, 0x0000, 0x0000, 0x0000, 0x0000, 0x0000, 0x0000, 0x0000, 0x0000, 0x0000, 0x0000, 0x0000,
 0x0000, 0x0000, 0x0000, 0x0000, 0x0000, 0x0000, 0x0000, 0x0000, 0x0000, 0x0000, 0x0000, 0x0000, 0x0000, 0x0000, 0x0000, 0x0000,
 0x0000, 0x0000, 0x0000, 0x0000, 0x0000, 0x0000, 0x0000, 0x0000, 0x0000, 0x0000, 0x0000, 0x0000, 0x0000, 0x0000, 0x0000, 0x0000,
 0x0000, 0x0000, 0x0000, 0x0000, 0x0000, 0x0000, 0x0000, 0x0000, 0x0000, 0x0000, 0x0000, 0x0000, 0x0000, 0x0000, 0x0000, 0x0000,
 0x0000, 0x0000, 0x0000, 0x0000, 0x0000, 0x0000, 0x0000, 0x0000, 0x0000, 0x0000, 0x0000, 0x0000, 0x0000, 0x0000, 0x0000, 0x0000,
 0x0000, 0x0000, 0x0000, 0x0000, 0x0000, 0x0000, 0x0000, 0x0000, 0x0000, 0x0000, 0x0000, 0x0000, 0x0000, 0x0000, 0x0000, 0x0000,

};

const unsigned short LetterO[] = {
 0x0000, 0x0000, 0x0000, 0x0000, 0x0000, 0x0000, 0x0000, 0x0000, 0x0000, 0x0000, 0x0000, 0x0000, 0x0000, 0x0000, 0x0000, 0x0000,
 0x0000, 0x0000, 0x0000, 0x0000, 0x0000, 0x0000, 0x0020, 0x0082, 0x00A3, 0x0062, 0x0000, 0x0000, 0x0000, 0x0000, 0x0000, 0x0000,
 0x0000, 0x0000, 0x0000, 0x0000, 0x0000, 0x0000, 0x0000, 0x0000, 0x0000, 0x0000, 0x0000, 0x0000, 0x0000, 0x0000, 0x0000, 0x0000,
 0x0000, 0x0000, 0x0000, 0x0000, 0x0000, 0x00A4, 0x11CD, 0x1B14, 0x2C19, 0x34FC, 0x3DBF, 0x45FF, 0x461F, 0x4E5F, 0x4E3E, 0x457A,
 0x3475, 0x1A8C, 0x0061, 0x0000, 0x0000, 0x0000, 0x0000, 0x0000, 0x0000, 0x0000, 0x0000, 0x0000, 0x0000, 0x0000, 0x0000, 0x0000,
 0x0000, 0x0000, 0x0000, 0x0000, 0x0000, 0x0000, 0x00A6, 0x1232, 0x33BB, 0x241F, 0x245F, 0x2CBF, 0x351F, 0x3D5F, 0x3DBF, 0x45FF,
 0x461F, 0x4E5F, 0x4E7F, 0x4E7F, 0x4E9F, 0x4E9F, 0x467E, 0x2C12, 0x0082, 0x0000, 0x0000, 0x0000, 0x0000, 0x0000, 0x0000, 0x0000,
 0x0000, 0x0000, 0x0000, 0x0000, 0x0000, 0x0000, 0x0000, 0x0000, 0x012C, 0x0A79, 0x135F, 0x23BF, 0x3C5F, 0x241F, 0x247F, 0x2CBF,
 0x351F, 0x3D7F, 0x3DBF, 0x45FF, 0x461F, 0x4E5F, 0x4E7F, 0x4E7F, 0x4E9F, 0x4E9F, 0x46BF, 0x46BF, 0x3E1C, 0x0987, 0x0000, 0x0000,
 0x0000, 0x0000, 0x0000, 0x0000, 0x0000, 0x0000, 0x0000, 0x0000, 0x0000, 0x0000, 0x010C, 0x43DB, 0x0AFF, 0x0B1F, 0x135F, 0x23BF,
 0x3C5F, 0x241F, 0x247F, 0x2CBF, 0x351F, 0x3D7F, 0x3DBF, 0x45FF, 0x461F, 0x4E5F, 0x4E7F, 0x4E7F, 0x4E9F, 0x4E9F, 0x46BF, 0x46BF,
 0x3EBF, 0x365D, 0x00E4, 0x0000, 0x0000, 0x0000, 0x0000, 0x0000, 0x0000, 0x0000, 0x0000, 0x0000, 0x0087, 0x0219, 0x0ABF, 0x547F,
 0x0AFF, 0x0B1F, 0x135F, 0x23BF, 0x3C5F, 0x241F, 0x247F, 0x2CBF, 0x351F, 0x3D7F, 0x3DBF, 0x45FF, 0x461F, 0x4E5F, 0x4E7F, 0x4E7F,
 0x4E9F, 0x4E9F, 0x46BF, 0x46BF, 0x3EBF, 0x3EBF, 0x2434, 0x0000, 0x0000, 0x0000, 0x0000, 0x0000, 0x0000, 0x0000, 0x0000, 0x42D0,
 0x12FF, 0x02BF, 0x0ABF, 0x547F, 0x0AFF, 0x0B1F, 0x135F, 0x23BF, 0x3BFC, 0x1B17, 0x1AF5, 0x1B35, 0x23B6, 0x349A, 0x3D9F, 0x45FF,
 0x461F, 0x4E5F, 0x4E7F, 0x4E7F, 0x4E9F, 0x4E9F, 0x46BF, 0x46BF, 0x3EBF, 0x3EBF, 0x363D, 0x0000, 0x0000, 0x0000, 0x0000, 0x0000,
 0x0000, 0x0043, 0x01F8, 0x753F, 0x12FF, 0x02BF, 0x0ABF, 0x547F, 0x0ADE, 0x0A35, 0x012B, 0x0042, 0x0000, 0x0000, 0x0000, 0x0000,
 0x0000, 0x0000, 0x0082, 0x2330, 0x461F, 0x4E5F, 0x4E7F, 0x4E7F, 0x4E9F, 0x4E9F, 0x46BF, 0x46BF, 0x3EBF, 0x3EBF, 0x3E9F, 0x0861,
 0x0000, 0x0000, 0x0000, 0x0000, 0x10E5, 0x1ABC, 0x027F, 0x753F, 0x12FF, 0x02BF, 0x0ABF, 0x32D3, 0x0043, 0x0000, 0x0000, 0x0000,
 0x0000, 0x0000, 0x0000, 0x0000, 0x0000, 0x0000, 0x0000, 0x0000, 0x2BD3, 0x4E5F, 0x4E7F, 0x4E7F, 0x4E9F, 0x4E9F, 0x46BF, 0x46BF,
 0x3EBF, 0x3EBF, 0x7EB7, 0x0840, 0x0000, 0x0000, 0x0000, 0x10E5, 0x751D, 0x233F, 0x027F, 0x7D5F, 0x12FF, 0x027D, 0x00A7, 0x0000,
 0x0000, 0x0000, 0x0000, 0x0000, 0x0000, 0x0000, 0x0000, 0x0000, 0x0000, 0x0000, 0x0000, 0x0000, 0x22EE, 0x4E5F, 0x4E7F, 0x4E7F,
 0x4E9F, 0x4E9F, 0x46BF, 0x46BF, 0x3EBF, 0x4EBE, 0xC60C, 0x0000, 0x0000, 0x0000, 0x0022, 0x43BB, 0x7D7F, 0x233F, 0x027F, 0x7D5F,
 0x12DE, 0x0065, 0x0000, 0x0000, 0x0000, 0x0000, 0x0000, 0x0000, 0x0000, 0x0000, 0x0000, 0x0000, 0x0000, 0x0000, 0x0000, 0x0000,
 0x34B8, 0x4E5F, 0x4E7F, 0x4E7F, 0x4E9F, 0x4E9F, 0x46BF, 0x46BF, 0x3EBF, 0xAEB2, 0x8C27, 0x0000, 0x0000, 0x0000, 0x1A12, 0x43FE,
 0x7D7F, 0x231F, 0x027F, 0x7D5F, 0x096E, 0x0000, 0x0000, 0x0000, 0x0000, 0x0000, 0x0000, 0x0000, 0x0000, 0x0000, 0x0000, 0x0000,
 0x0000, 0x0000, 0x0000, 0x1AAE, 0x463F, 0x4E5F, 0x4E7F, 0x4E7F, 0x4E9F, 0x4E9F, 0x469F, 0x46BF, 0x86B7, 0xE6AC, 0x2942, 0x0000,
 0x0000, 0x1947, 0x3B7C, 0x43FE, 0x7D7F, 0x1B1F, 0x027F, 0x7D5F, 0x0863, 0x0000, 0x0000, 0x0000, 0x0000, 0x0000, 0x0000, 0x0000,
 0x0000, 0x0000, 0x0000, 0x0000, 0x0000, 0x0000, 0x22F0, 0x45FF, 0x463F, 0x4E5F, 0x4E7F, 0x4E7F, 0x4E9F, 0x4E9F, 0x46BF, 0x6EBA,
 0xE6AC, 0x9447, 0x0000, 0x0000, 0x0000, 0x5395, 0x3B9C, 0x43FE, 0x7D7F, 0x1B1F, 0x027F, 0x7D5F, 0x0000, 0x0000, 0x0000, 0x0000,
 0x0000, 0x0000, 0x0000, 0x0000, 0x0000, 0x0000, 0x0000, 0x0000, 0x08E5, 0x2C58, 0x3DBF, 0x45FF, 0x4E3F, 0x4E5F, 0x4E7F, 0x4E7F,
 0x4E9F, 0x4E9F, 0x6EBB, 0xDEAD, 0xCDCA, 0x0860, 0x0000, 0x0000, 0x0000, 0x751E, 0x3B9C, 0x43FE, 0x7D7F, 0x1B1F, 0x027F, 0x7D7F,
 0x08C7, 0x0000, 0x0000, 0x0000, 0x0000, 0x0000, 0x0000, 0x0000, 0x0000, 0x0000, 0x0063, 0x1AD2, 0x351E, 0x3D7F, 0x3DBF, 0x45FF,
 0x4E3F, 0x4E5F, 0x4E7F, 0x4E9F, 0x4E9F, 0x769A, 0xE6AD, 0xD62B, 0x2101, 0x0000, 0x0000, 0x0000, 0x08A3, 0x7D7F, 0x3B9C, 0x4BFE,
 0x7D7F, 0x1B1F, 0x027F, 0x7D7F, 0x0A38, 0x0022, 0x0000, 0x0000, 0x0000, 0x0000, 0x0000, 0x0000, 0x08E7, 0x1292, 0x245E, 0x2CDF,
 0x353F, 0x3D7F, 0x3DBF, 0x45FF, 0x4E3F, 0x4E5F, 0x4E7F, 0x4E9F, 0x9697, 0xE6AC, 0xCDEA, 0x2922, 0x0000, 0x0000, 0x0000, 0x0000,
 0x10C4, 0x7D7F, 0x3B9C, 0x4BFE, 0x7D7F, 0x1B1F, 0x027F, 0x7D7F, 0x0ADF, 0x027C, 0x0171, 0x21CD, 0x012C, 0x016E, 0x0A33, 0x2B9C,
 0x345F, 0x243F, 0x2C9F, 0x34FF, 0x353F, 0x3D9F, 0x45DF, 0x461F, 0x4E3F, 0x4E5F, 0x5E7D, 0xB6B2, 0xEECC, 0xB529, 0x18C1, 0x0000,
 0x0000, 0x0000, 0x0000, 0x0000, 0x0021, 0x7D5F, 0x3B9C, 0x4BFE, 0x7D7F, 0x1B1F, 0x027F, 0x7D7F, 0x0ADF, 0x02BF, 0x0ADF, 0x547F,
 0x0B1F, 0x133F, 0x137F, 0x341F, 0x345F, 0x243F, 0x2C9F, 0x34FF, 0x353F, 0x3D9F, 0x45DF, 0x461F, 0x4E3F, 0x8E97, 0xDEAD, 0xE6AB,
 0x7B86, 0x0020, 0x0000, 0x0000, 0x0000, 0x0000, 0x0000, 0x0000, 0x0000, 0x6C34, 0x3B9D, 0x4C1E, 0x7D7F, 0x1B1F, 0x027F, 0x7D7F,
 0x0ADF, 0x02BF, 0x0ADF, 0x547F, 0x0B1F, 0x133F, 0x137F, 0x341F, 0x345F, 0x243F, 0x2C9F, 0x34FF, 0x355F, 0x3D9F, 0x45DF, 0x7639,
 0xCEAF, 0xEECC, 0xBD69, 0x3162, 0x0000, 0x0000, 0x0000, 0x0000, 0x0000, 0x0000, 0x0000, 0x0000, 0x0000, 0x3162, 0xB5AF, 0x74DA,
 0x7D7F, 0x1B1F, 0x027F, 0x7D7F, 0x0ADF, 0x0ABF, 0x0ADF, 0x547F, 0x0B1F, 0x133F, 0x137F, 0x341F, 0x345F, 0x245F, 0x2C9F, 0x34FF,
 0x457E, 0x8617, 0xCE8F, 0xEECC, 0xCDCA, 0x5284, 0x0000, 0x0000, 0x0000, 0x0000, 0x0000, 0x0000, 0x0000, 0x0000, 0x0000, 0x0000,
 0x0000, 0x0000, 0x5264, 0xE68B, 0xD670, 0x7496, 0x233C, 0x7D7F, 0x0ADF, 0x0ABF, 0x0ADF, 0x547F, 0x0B1F, 0x133F, 0x137F, 0x343F,
 0x345F, 0x4CBC, 0x7D97, 0xB631, 0xE6AC, 0xE6AC, 0xBD89, 0x5284, 0x0000, 0x0000, 0x0000, 0x0000, 0x0000, 0x0000, 0x0000, 0x0000,
 0x0000, 0x0000, 0x0000, 0x0000, 0x0000, 0x0000, 0x0000, 0x2922, 0xB549, 0xEECC, 0xE6AC, 0xDEAD, 0xADB1, 0x9533, 0x84F5, 0x9DB5,
 0x7CF5, 0x8D34, 0xA5B2, 0xC630, 0xE6AD, 0xEECC, 0xEECC, 0xCE0A, 0x83C6, 0x2922, 0x0000, 0x0000, 0x0000, 0x0000, 0x0000, 0x0000,
 0x0000, 0x0000, 0x0000, 0x0000, 0x0000, 0x0000, 0x0000, 0x0000, 0x0000, 0x0000, 0x0000, 0x0000, 0x0000, 0x2942, 0x7BA6, 0xBD89,
 0xE6AB, 0xEECC, 0xEECC, 0xEECC, 0xEECC, 0xEECC, 0xE6AB, 0xC5AA, 0x9447, 0x5AA4, 0x18E1, 0x0000, 0x0000, 0x0000, 0x0000, 0x0000,
 0x0000, 0x0000, 0x0000, 0x0000, 0x0000, 0x0000, 0x0000, 0x0000, 0x0000, 0x0000, 0x0000, 0x0000, 0x0000, 0x0000, 0x0000, 0x0000,
 0x0000, 0x0000, 0x0000, 0x0000, 0x0020, 0x18C1, 0x20E1, 0x2101, 0x20E1, 0x18C1, 0x0000, 0x0000, 0x0000, 0x0000, 0x0000, 0x0000,
 0x0000, 0x0000, 0x0000, 0x0000, 0x0000, 0x0000, 0x0000, 0x0000, 0x0000, 0x0000, 0x0000, 0x0000, 0x0000, 0x0000, 0x0000, 0x0000,

};

const unsigned short LetterOAcc[] = {
 0x0000, 0x0000, 0x0000, 0x0000, 0x0000, 0x0000, 0x0000, 0x0000, 0x0000, 0x0000, 0x0000, 0x0000, 0x0000, 0x0000, 0x0000, 0x0000,
 0x0000, 0x0000, 0x0000, 0x0000, 0x0000, 0x0000, 0x0000, 0x0000, 0x0000, 0x0000, 0x0000, 0x0000, 0x0000, 0x0000, 0x0000, 0x0000,
 0x0000, 0x0000, 0x0000, 0x0000, 0x0000, 0x0000, 0x0000, 0x0000, 0x0000, 0x0000, 0x0000, 0x0000, 0x0000, 0x0000, 0x0000, 0x0000,
 0x0000, 0x0000, 0x0000, 0x0000, 0x0000, 0x0000, 0x0000, 0x0000, 0x0000, 0x0000, 0x0000, 0x0000, 0x0000, 0x0000, 0x0000, 0x0000,
 0x0000, 0x0000, 0x0000, 0x0000, 0x0000, 0x0000, 0x0000, 0x0000, 0x0000, 0x0000, 0x0000, 0x0000, 0x0000, 0x0000, 0x0000, 0x0000,
 0x0000, 0x0000, 0x0000, 0x0000, 0x0000, 0x0000, 0x0000, 0x0000, 0x0000, 0x0000, 0x0000, 0x0000, 0x0000, 0x0000, 0x0000, 0x0000,
 0x0000, 0x0000, 0x0000, 0x0000, 0x0000, 0x0000, 0x0000, 0x0000, 0x0000, 0x0000, 0x0000, 0x0000, 0x0000, 0x0000, 0x0000, 0x0000,
 0x0000, 0x0000, 0x0000, 0x0000, 0x0000, 0x0000, 0x0000, 0x0000, 0x0000, 0x0000, 0x0000, 0x0000, 0x0000, 0x0000, 0x0000, 0x0000,
 0x0000, 0x0000, 0x0000, 0x0000, 0x0000, 0x0000, 0x0000, 0x0000, 0x0000, 0x0000, 0x0000, 0x0000, 0x0126, 0x0000, 0x0000, 0x0000,
 0x0000, 0x0000, 0x0000, 0x0000, 0x0000, 0x0000, 0x0000, 0x0000, 0x0000, 0x0000, 0x0000, 0x0000, 0x0000, 0x0021, 0x0169, 0x02B1,
 0x0BB6, 0x14BA, 0x157D, 0x15DE, 0x15DD, 0x155A, 0x0C75, 0x02ED, 0x00A3, 0x0000, 0x0000, 0x0000, 0x0000, 0x0000, 0x0000, 0x0000,
 0x05FD, 0x0414, 0x0062, 0x0000, 0x0000, 0x0000, 0x0000, 0x0000, 0x0000, 0x0000, 0x0000, 0x0000, 0x0000, 0x0000, 0x0021, 0x016D,
 0x1317, 0x145F, 0x049F, 0x04FF, 0x0D5F, 0x15BF, 0x15FF, 0x163F, 0x165F, 0x167F, 0x0E9F, 0x06BF, 0x06DF, 0x0495, 0x00A3, 0x0000,
 0x0000, 0x0000, 0x0000, 0x0167, 0x067F, 0x063F, 0x053C, 0x31A1, 0x0000, 0x0000, 0x0000, 0x0000, 0x0000, 0x0000, 0x0000, 0x0000,
 0x0042, 0x0191, 0x02FE, 0x037F, 0x1C1F, 0x145F, 0x049F, 0x04FF, 0x0D5F, 0x15BF, 0x15FF, 0x163F, 0x165F, 0x167F, 0x0E9F, 0x06BF,
 0x06DF, 0x06FF, 0x067D, 0x0104, 0x0000, 0x0000, 0x0000, 0x0391, 0x067F, 0x063F, 0x5654, 0x7BA0, 0x0000, 0x0000, 0x0000, 0x0000,
 0x0000, 0x0000, 0x0000, 0x0130, 0x441E, 0x02DF, 0x031F, 0x037F, 0x1C1F, 0x145F, 0x049F, 0x04FF, 0x0D5F, 0x15BF, 0x15FF, 0x163F,
 0x165F, 0x1E7F, 0x0E9F, 0x06BF, 0x06DF, 0x06FF, 0x071F, 0x05B9, 0x0000, 0x0000, 0x0000, 0x05BB, 0x067F, 0x0E3E, 0xC643, 0x0860,
 0x0000, 0x0000, 0x0000, 0x0000, 0x0000, 0x08A6, 0x01FB, 0x027F, 0x441F, 0x02DF, 0x031F, 0x037F, 0x1C1F, 0x13FC, 0x03B9, 0x03F9,
 0x0C7A, 0x157E, 0x15FF, 0x163F, 0x165F, 0x1E7F, 0x169F, 0x06BF, 0x06DF, 0x06FF, 0x071F, 0x071F, 0x0145, 0x0000, 0x0146, 0x06BF,
 0x067F, 0x868E, 0x6300, 0x0000, 0x0000, 0x0000, 0x0000, 0x0000, 0x116E, 0x4C5F, 0x025F, 0x027F, 0x441F, 0x02BF, 0x0215, 0x012A,
 0x0042, 0x0000, 0x0000, 0x0000, 0x0000, 0x0000, 0x01A9, 0x157C, 0x165F, 0x1E7F, 0x169F, 0x06BF, 0x06DF, 0x06FF, 0x071F, 0x071F,
 0x0A28, 0x0000, 0x0412, 0x06BF, 0x269B, 0xC5C1, 0x0020, 0x0000, 0x0000, 0x0000, 0x0000, 0x0972, 0x1ADF, 0x545F, 0x023F, 0x027F,
 0x22B6, 0x0064, 0x0000, 0x0000, 0x0000, 0x0000, 0x0000, 0x0000, 0x0000, 0x0000, 0x0000, 0x0A2B, 0x1E5F, 0x1E7F, 0x169F, 0x06BF,
 0x06DF, 0x06FF, 0x071F, 0x3719, 0x39C0, 0x0062, 0x069E, 0x06BF, 0xAEC9, 0x4A20, 0x0000, 0x0000, 0x0000, 0x0000, 0x3AD0, 0x1AFF,
 0x1ADF, 0x545F, 0x023F, 0x012F, 0x0000, 0x0000, 0x0000, 0x0000, 0x0000, 0x0000, 0x0000, 0x0000, 0x0000, 0x0000, 0x0000, 0x0A6C,
 0x1E5F, 0x1E7F, 0x169F, 0x06BF, 0x06DF, 0x06FF, 0x071F, 0xBEC7, 0x1080, 0x034E, 0x06FF, 0x4ED5, 0xB540, 0x0000, 0x0000, 0x0000,
 0x0000, 0x1969, 0x753F, 0x1AFF, 0x1ADF, 0x545F, 0x0196, 0x0000, 0x0000, 0x0000, 0x0000, 0x0000, 0x0000, 0x0000, 0x0000, 0x0000,
 0x0000, 0x0000, 0x0041, 0x155B, 0x1E5F, 0x1E7F, 0x169F, 0x06BF, 0x06DF, 0x06FF, 0x7EF0, 0xA4C0, 0x0041, 0x065D, 0x0EFE, 0xCEC4,
 0x3180, 0x0000, 0x0000, 0x0000, 0x0000, 0x4379, 0x755F, 0x1ADF, 0x1ADF, 0x545F, 0x00A9, 0x0000, 0x0000, 0x0000, 0x0000, 0x0000,
 0x0000, 0x0000, 0x0000, 0x0000, 0x0000, 0x00A3, 0x14D9, 0x163F, 0x1E5F, 0x1E7F, 0x169F, 0x06BF, 0x06DF, 0x56F4, 0xE6C0, 0x2920,
 0x2162, 0x56D4, 0x7EEF, 0x9C60, 0x0000, 0x0000, 0x0000, 0x0000, 0x10E7, 0x43DC, 0x755F, 0x1ADF, 0x1ADF, 0x545F, 0x0066, 0x0000,
 0x0000, 0x0000, 0x0000, 0x0000, 0x0000, 0x0000, 0x0000, 0x0000, 0x022D, 0x155D, 0x15FF, 0x163F, 0x1E5F, 0x1E7F, 0x169F, 0x06BF,
 0x4ED6, 0xE6E1, 0x6B20, 0x0000, 0x0000, 0x4A20, 0xDE80, 0x18C0, 0x0000, 0x0000, 0x0000, 0x0000, 0x21CD, 0x43DC, 0x755F, 0x12DF,
 0x1ADF, 0x545F, 0x0131, 0x0000, 0x0000, 0x0000, 0x0000, 0x0000, 0x0000, 0x0000, 0x016A, 0x043B, 0x0D5F, 0x15BF, 0x15FF, 0x163F,
 0x1E5F, 0x1E7F, 0x169F, 0x6EB3, 0xE6C1, 0x83C0, 0x0000, 0x0000, 0x0000, 0x0000, 0x10A0, 0x0000, 0x0000, 0x0000, 0x0000, 0x0000,
 0x2A10, 0x43BC, 0x755F, 0x12DF, 0x1ADF, 0x545F, 0x023F, 0x0130, 0x08A5, 0x0022, 0x0064, 0x00E9, 0x1252, 0x0BFD, 0x049F, 0x04FF,
 0x0D5F, 0x15BF, 0x15FF, 0x163F, 0x1E5F, 0x267E, 0x9EAD, 0xEEC0, 0x7340, 0x0000, 0x0000, 0x0000, 0x0000, 0x0000, 0x0000, 0x0000,
 0x0000, 0x0000, 0x0000, 0x0000, 0x21CE, 0x43BC, 0x755F, 0x12DF, 0x1ADF, 0x545F, 0x023F, 0x027F, 0x441F, 0x02DF, 0x031F, 0x037F,
 0x1C1F, 0x0C5F, 0x049F, 0x04FF, 0x0D5F, 0x15BF, 0x15FF, 0x163F, 0x5677, 0xD6C4, 0xD600, 0x39C0, 0x0000, 0x0000, 0x0000, 0x0000,
 0x0000, 0x0000, 0x0000, 0x0000, 0x0000, 0x0000, 0x0000, 0x0000, 0x1925, 0x541A, 0x755F, 0x12BF, 0x1ADF, 0x545F, 0x023F, 0x027F,
 0x441F, 0x02DF, 0x031F, 0x037F, 0x1C1F, 0x0C5F, 0x049F, 0x04FF, 0x0D5F, 0x15BF, 0x4619, 0xB6A9, 0xE6C0, 0x8C00, 0x0860, 0x0000,
 0x0000, 0x0000, 0x0000, 0x0000, 0x0000, 0x0000, 0x0000, 0x0000, 0x0000, 0x0000, 0x0000, 0x0000, 0x0000, 0x9CC2, 0xB60F, 0x231C,
 0x1ADF, 0x4C5F, 0x023F, 0x027F, 0x441F, 0x02DF, 0x031F, 0x037F, 0x1C1F, 0x0C5F, 0x049F, 0x1D1D, 0x6DF3, 0xC687, 0xEEC0, 0x9C80,
 0x2920, 0x0000, 0x0000, 0x0000, 0x0000, 0x0000, 0x0000, 0x0000, 0x0000, 0x0000, 0x0000, 0x0000, 0x0000, 0x0000, 0x0000, 0x0000,
 0x0000, 0x0840, 0x9440, 0xE6C1, 0xBE08, 0x9D70, 0x43B6, 0x233B, 0x547C, 0x133D, 0x1B9C, 0x3439, 0x6515, 0x8DAF, 0xBE47, 0xEEC1,
 0xD640, 0x83C0, 0x2100, 0x0000, 0x0000, 0x0000, 0x0000, 0x0000, 0x0000, 0x0000, 0x0000, 0x0000, 0x0000, 0x0000, 0x0000, 0x0000,
 0x0000, 0x0000, 0x0000, 0x0000, 0x0000, 0x0000, 0x0000, 0x2960, 0x8C00, 0xD620, 0xEEC0, 0xEEE0, 0xEEE0, 0xEEE0, 0xEEE0, 0xEEC0,
 0xDE60, 0xAD20, 0x7360, 0x3180, 0x0000, 0x0000, 0x0000, 0x0000, 0x0000, 0x0000, 0x0000, 0x0000, 0x0000, 0x0000, 0x0000, 0x0000,
 0x0000, 0x0000, 0x0000, 0x0000, 0x0000, 0x0000, 0x0000, 0x0000, 0x0000, 0x0000, 0x0000, 0x0000, 0x0000, 0x0000, 0x18C0, 0x39A0,
 0x39C0, 0x39C0, 0x3180, 0x18C0, 0x0000, 0x0000, 0x0000, 0x0000, 0x0000, 0x0000, 0x0000, 0x0000, 0x0000, 0x0000, 0x0000, 0x0000,
 0x0000, 0x0000, 0x0000, 0x0000, 0x0000, 0x0000, 0x0000, 0x0000, 0x0000, 0x0000, 0x0000, 0x0000, 0x0000, 0x0000, 0x0000, 0x0000,
 0x0000, 0x0000, 0x0000, 0x0000, 0x0000, 0x0000, 0x0000, 0x0000, 0x0000, 0x0000, 0x0000, 0x0000, 0x0000, 0x0000, 0x0000, 0x0000,
 0x0000, 0x0000, 0x0000, 0x0000, 0x0000, 0x0000, 0x0000, 0x0000, 0x0000, 0x0000, 0x0000, 0x0000, 0x0000, 0x0000, 0x0000, 0x0000,

};

const unsigned short LetterP[] = {
 0x0000, 0x0000, 0x0000, 0x0000, 0x0000, 0x0000, 0x0000, 0x0000, 0x0000, 0x0000, 0x0000, 0x0000, 0x0000, 0x0000, 0x0000, 0x0000,
 0x0000, 0x0000, 0x0000, 0x0000, 0x0000, 0x0000, 0x0000, 0x0000, 0x0000, 0x0000, 0x0000, 0x0000, 0x0000, 0x0000, 0x0000, 0x0000,
 0x0000, 0x0000, 0x0000, 0x0000, 0x0000, 0x0000, 0x0000, 0x0000, 0x0000, 0x0000, 0x0000, 0x0000, 0x0000, 0x0000, 0x0000, 0x0000,
 0x0000, 0x0000, 0x0000, 0x0000, 0x0000, 0x0000, 0x0000, 0x0000, 0x0000, 0x0000, 0x0000, 0x0000, 0x0000, 0x0000, 0x0061, 0x1A6B,
 0x3413, 0x3D39, 0x3D9A, 0x3D59, 0x232F, 0x0020, 0x0000, 0x0000, 0x0000, 0x0000, 0x0000, 0x0000, 0x0000, 0x0000, 0x0000, 0x0000,
 0x0000, 0x0000, 0x0000, 0x0000, 0x0000, 0x0000, 0x0000, 0x0000, 0x0000, 0x0000, 0x0000, 0x0000, 0x0000, 0x0000, 0x0000, 0x0000,
 0x0082, 0x2B91, 0x4E3E, 0x4E7F, 0x4E9F, 0x4E9F, 0x4E9F, 0x46BF, 0x46BF, 0x2C54, 0x0000, 0x0000, 0x0000, 0x0000, 0x0000, 0x0000,
 0x0000, 0x0000, 0x0000, 0x0000, 0x0000, 0x0000, 0x0000, 0x0000, 0x0000, 0x0000, 0x0000, 0x0000, 0x0000, 0x0000, 0x0000, 0x0000,
 0x0000, 0x0000, 0x0000, 0x1AAE, 0x45DD, 0x4E5F, 0x4E7F, 0x4E7F, 0x4E9F, 0x4E9F, 0x4E9F, 0x46BF, 0x46BF, 0x3E9F, 0x0967, 0x0000,
 0x0000, 0x0000, 0x0000, 0x0000, 0x0000, 0x0000, 0x0000, 0x0000, 0x0000, 0x0000, 0x0000, 0x0000, 0x0000, 0x0000, 0x0000, 0x0000,
 0x0000, 0x0000, 0x0000, 0x0000, 0x0000, 0x0062, 0x2C36, 0x45FF, 0x463F, 0x4E5F, 0x4E7F, 0x4E7F, 0x4E9F, 0x4E9F, 0x4E9F, 0x46BF,
 0x46BF, 0x3E9F, 0x1B70, 0x0000, 0x0000, 0x0000, 0x0000, 0x0000, 0x0000, 0x0000, 0x0000, 0x0000, 0x0000, 0x0000, 0x0000, 0x0000,
 0x0000, 0x0000, 0x0000, 0x0000, 0x0000, 0x0000, 0x0000, 0x0000, 0x08E5, 0x34BB, 0x3DBF, 0x45FF, 0x463F, 0x4E5F, 0x4E7F, 0x4E7F,
 0x4E9F, 0x4E9F, 0x4E9F, 0x46BF, 0x46BF, 0x3E9F, 0x2C95, 0x0000, 0x0000, 0x0000, 0x0000, 0x0000, 0x0000, 0x0000, 0x0000, 0x0000,
 0x0000, 0x0000, 0x0000, 0x0000, 0x0000, 0x0000, 0x0000, 0x0000, 0x0000, 0x0000, 0x0000, 0x08E5, 0x34DD, 0x3D9F, 0x3DBF, 0x45FF,
 0x463F, 0x4E5F, 0x4E7F, 0x4E7F, 0x4E9F, 0x4E9F, 0x4E9F, 0x469F, 0x46BF, 0x3E9F, 0x3CF5, 0x0000, 0x0000, 0x0000, 0x0000, 0x0000,
 0x0000, 0x0000, 0x0000, 0x0000, 0x0000, 0x0000, 0x0000, 0x0000, 0x0000, 0x0000, 0x0000, 0x0000, 0x0000, 0x0000, 0x08E5, 0x2C9C,
 0x353F, 0x3D9F, 0x3DBF, 0x45FF, 0x463F, 0x4E5F, 0x4E7F, 0x4E7F, 0x4E9F, 0x4E9F, 0x4E9F, 0x469F, 0x46BF, 0x3E9F, 0x6CF0, 0x0000,
 0x0000, 0x0000, 0x0000, 0x0000, 0x0000, 0x0000, 0x0000, 0x0000, 0x0000, 0x0000, 0x0000, 0x0000, 0x0000, 0x0000, 0x0000, 0x0000,
 0x0000, 0x0083, 0x243C, 0x34FF, 0x353F, 0x3D9F, 0x3DBF, 0x45FF, 0x2350, 0x0925, 0x45DC, 0x4E7F, 0x4E9F, 0x4E9F, 0x4E9F, 0x469F,
 0x46BF, 0x3E9F, 0x8C8A, 0x0000, 0x0000, 0x0000, 0x0000, 0x0000, 0x0000, 0x0000, 0x0000, 0x0000, 0x0000, 0x0000, 0x0000, 0x0000,
 0x0000, 0x0000, 0x0000, 0x0000, 0x0021, 0x1B99, 0x2C9F, 0x34FF, 0x353F, 0x3D9F, 0x3D9E, 0x120A, 0x0000, 0x0000, 0x3D18, 0x4E7F,
 0x4E9F, 0x4E9F, 0x4E9F, 0x469F, 0x469F, 0x5E9C, 0x83E7, 0x0000, 0x0000, 0x0000, 0x0000, 0x0000, 0x0000, 0x0000, 0x0000, 0x0000,
 0x0000, 0x0000, 0x0000, 0x0000, 0x0000, 0x0000, 0x0000, 0x0000, 0x12D6, 0x245F, 0x2CBF, 0x34FF, 0x355F, 0x3D9F, 0x1A6D, 0x0000,
 0x0000, 0x0000, 0x45FD, 0x4E7F, 0x4E9F, 0x4E9F, 0x4E9F, 0x469F, 0x469F, 0x8EB6, 0x6B05, 0x0000, 0x0000, 0x0000, 0x0000, 0x0000,
 0x0000, 0x0000, 0x0000, 0x0000, 0x0000, 0x0000, 0x0000, 0x0000, 0x0000, 0x0000, 0x0000, 0x222E, 0x241F, 0x245F, 0x2CBF, 0x34FF,
 0x355F, 0x2C16, 0x0000, 0x0000, 0x0000, 0x0925, 0x4E7F, 0x4E7F, 0x4E9F, 0x4E9F, 0x469F, 0x469F, 0x469F, 0xC6B0, 0x41E3, 0x0000,
 0x0000, 0x0000, 0x0000, 0x0000, 0x0000, 0x0000, 0x0000, 0x0000, 0x0000, 0x0000, 0x0000, 0x0000, 0x0000, 0x0000, 0x00C7, 0x4C9F,
 0x241F, 0x245F, 0x2CBF, 0x34FF, 0x353E, 0x08C4, 0x0000, 0x0082, 0x1A0A, 0x3496, 0x4E7F, 0x4E7F, 0x4E9F, 0x4E9F, 0x469F, 0x469F,
 0x56BD, 0xE6AC, 0x1081, 0x0000, 0x0000, 0x0000, 0x0000, 0x0000, 0x0000, 0x0000, 0x0000, 0x0000, 0x0000, 0x0000, 0x0000, 0x0000,
 0x0000, 0x0021, 0x131B, 0x54BF, 0x241F, 0x245F, 0x2CBF, 0x34FF, 0x34BB, 0x2BD5, 0x3D1B, 0x45FF, 0x4E3F, 0x4E5F, 0x4E7F, 0x4E7F,
 0x4E9F, 0x4E9F, 0x469F, 0x469F, 0x8EB7, 0xCDEA, 0x0000, 0x0000, 0x0000, 0x0000, 0x0000, 0x0000, 0x0000, 0x0000, 0x0000, 0x0000,
 0x0000, 0x0000, 0x0000, 0x0000, 0x0000, 0x0A33, 0x1B9F, 0x54BF, 0x241F, 0x245F, 0x2CBF, 0x34FF, 0x355F, 0x3D9F, 0x45DF, 0x45FF,
 0x4E3F, 0x4E5F, 0x4E7F, 0x4E7F, 0x4E9F, 0x4E9F, 0x469F, 0x469F, 0xC6B0, 0x9427, 0x0000, 0x0000, 0x0000, 0x0000, 0x0000, 0x0000,
 0x0000, 0x0000, 0x0862, 0x0087, 0x010B, 0x0170, 0x3B35, 0x0A9A, 0x131E, 0x135F, 0x1B9F, 0x54BF, 0x241F, 0x245F, 0x2CBF, 0x34FF,
 0x355F, 0x3D9F, 0x45DF, 0x461F, 0x4E3F, 0x4E5F, 0x4E7F, 0x4E7F, 0x4E9F, 0x4E9F, 0x469F, 0x5E9D, 0xE6AC, 0x5264, 0x0000, 0x0000,
 0x0000, 0x0000, 0x0021, 0x4378, 0x021B, 0x2B5E, 0x6D1F, 0x029F, 0x0ABF, 0x0ADF, 0x5CBF, 0x0B1F, 0x133F, 0x135F, 0x1B9F, 0x54BF,
 0x241F, 0x247F, 0x2CBF, 0x351F, 0x355F, 0x3D9F, 0x45DF, 0x461F, 0x4E3F, 0x4E5F, 0x4E7F, 0x4E7F, 0x4E9F, 0x4E9F, 0x469F, 0x96B6,
 0xE6AC, 0x1081, 0x0000, 0x0000, 0x0000, 0x0000, 0x2189, 0x5C9F, 0x027F, 0x2B7F, 0x6D1F, 0x029F, 0x0ABF, 0x0ADF, 0x5CBF, 0x0B1F,
 0x133F, 0x135F, 0x1B9F, 0x54BF, 0x241F, 0x247F, 0x2CBF, 0x351F, 0x355F, 0x3D9F, 0x45DF, 0x461F, 0x4E3F, 0x5E7D, 0x769A, 0x8E97,
 0xA6B4, 0xBEB1, 0xD6AE, 0xE6AC, 0xACE8, 0x0000, 0x0000, 0x0000, 0x0000, 0x0000, 0x4B32, 0x5C9F, 0x027F, 0x2B7F, 0x6D1F, 0x029F,
 0x0ABF, 0x0ADF, 0x5CBF, 0x0B1F, 0x133F, 0x137F, 0x1B9F, 0x54BF, 0x241F, 0x247F, 0x2CBF, 0x4D3D, 0x6DBA, 0x8E16, 0xA653, 0xC690,
 0xDEAD, 0xD62B, 0xAD09, 0x8BE7, 0x62E5, 0x41E3, 0x2942, 0x0840, 0x0000, 0x0000, 0x0000, 0x0000, 0x0000, 0x0000, 0x6CBB, 0x5C9F,
 0x027F, 0x2B7F, 0x6D1F, 0x02BF, 0x0ABF, 0x0ADF, 0x5CBF, 0x0B1F, 0x135F, 0x33FC, 0x5C99, 0x9DB6, 0x9DD3, 0xBE30, 0xDE8D, 0xCE0A,
 0xACE8, 0x83C6, 0x5AA4, 0x39A2, 0x1080, 0x0000, 0x0000, 0x0000, 0x0000, 0x0000, 0x0000, 0x0000, 0x0000, 0x0000, 0x0000, 0x0000,
 0x0000, 0x08A4, 0x7D7F, 0x5C9F, 0x027F, 0x2B9F, 0x751F, 0x2B7B, 0x5418, 0x7CD5, 0xBE12, 0xC60F, 0xE68C, 0xD60B, 0xA4E8, 0x7BA6,
 0x62C5, 0x3182, 0x0860, 0x0000, 0x0000, 0x0000, 0x0000, 0x0000, 0x0000, 0x0000, 0x0000, 0x0000, 0x0000, 0x0000, 0x0000, 0x0000,
 0x0000, 0x0000, 0x0000, 0x0000, 0x0000, 0x29EB, 0xA5F8, 0xADD5, 0xA571, 0xCE2E, 0xE6AC, 0xE6AB, 0xC5AA, 0x9C68, 0x6B25, 0x41E3,
 0x10A1, 0x0000, 0x0000, 0x0000, 0x0000, 0x0000, 0x0000, 0x0000, 0x0000, 0x0000, 0x0000, 0x0000, 0x0000, 0x0000, 0x0000, 0x0000,
 0x0000, 0x0000, 0x0000, 0x0000, 0x0000, 0x0000, 0x0000, 0x0000, 0x0000, 0xA4C8, 0xC5AA, 0x9C88, 0x83C6, 0x5AA4, 0x3162, 0x0840,
 0x0000, 0x0000, 0x0000, 0x0000, 0x0000, 0x0000, 0x0000, 0x0000, 0x0000, 0x0000, 0x0000, 0x0000, 0x0000, 0x0000, 0x0000, 0x0000,
 0x0000, 0x0000, 0x0000, 0x0000, 0x0000, 0x0000, 0x0000, 0x0000, 0x0000, 0x0000, 0x0000, 0x0000, 0x0000, 0x0020, 0x0000, 0x0000,
 0x0000, 0x0000, 0x0000, 0x0000, 0x0000, 0x0000, 0x0000, 0x0000, 0x0000, 0x0000, 0x0000, 0x0000, 0x0000, 0x0000, 0x0000, 0x0000,
 0x0000, 0x0000, 0x0000, 0x0000, 0x0000, 0x0000, 0x0000, 0x0000, 0x0000, 0x0000, 0x0000, 0x0000, 0x0000, 0x0000, 0x0000, 0x0000,

};

const unsigned short LetterR[] = {
 0x0000, 0x0000, 0x0000, 0x0000, 0x0000, 0x0000, 0x0000, 0x0000, 0x0000, 0x0000, 0x0000, 0x0000, 0x0000, 0x0000, 0x0000, 0x0000,
 0x0000, 0x0000, 0x0000, 0x0000, 0x0000, 0x0000, 0x0000, 0x0000, 0x0000, 0x0000, 0x0000, 0x0000, 0x0000, 0x0000, 0x0000, 0x0000,
 0x0000, 0x0000, 0x0000, 0x0000, 0x0000, 0x0000, 0x0000, 0x0000, 0x0000, 0x0000, 0x0000, 0x0000, 0x0000, 0x0000, 0x0000, 0x0000,
 0x0000, 0x0000, 0x0000, 0x0000, 0x0000, 0x0000, 0x0000, 0x0000, 0x0000, 0x0000, 0x0000, 0x0000, 0x0000, 0x0000, 0x0000, 0x0021,
 0x11A8, 0x232E, 0x2C33, 0x2C94, 0x23F1, 0x09A7, 0x0000, 0x0000, 0x0000, 0x0000, 0x0000, 0x0000, 0x0000, 0x0000, 0x0000, 0x0000,
 0x0000, 0x0000, 0x0000, 0x0000, 0x0000, 0x0000, 0x0000, 0x0000, 0x0000, 0x0000, 0x0000, 0x0000, 0x0000, 0x0000, 0x0000, 0x0000,
 0x0000, 0x08C4, 0x2BD1, 0x465D, 0x4EBF, 0x46DF, 0x46FF, 0x3EFF, 0x3F1F, 0x371F, 0x1BB0, 0x0000, 0x0000, 0x0000, 0x0000, 0x0000,
 0x0000, 0x0000, 0x0000, 0x1927, 0x0000, 0x0000, 0x0000, 0x0000, 0x0000, 0x0000, 0x0000, 0x0000, 0x0000, 0x0000, 0x0000, 0x0000,
 0x0000, 0x0000, 0x0000, 0x0021, 0x2371, 0x465E, 0x4E9F, 0x4EBF, 0x4EBF, 0x46DF, 0x46FF, 0x3EFF, 0x3F1F, 0x371F, 0x371F, 0x0966,
 0x0000, 0x0000, 0x0000, 0x0000, 0x0000, 0x0000, 0x2A92, 0x6CFF, 0x0A7A, 0x012C, 0x0021, 0x0000, 0x0000, 0x0000, 0x0000, 0x0000,
 0x0000, 0x0000, 0x0000, 0x0000, 0x0000, 0x0000, 0x0925, 0x3D5B, 0x465F, 0x4E7F, 0x4E9F, 0x4EBF, 0x4EBF, 0x46DF, 0x46FF, 0x3EFF,
 0x3F1F, 0x371F, 0x371F, 0x1BF1, 0x0000, 0x0000, 0x0000, 0x0000, 0x0000, 0x11D2, 0x33BE, 0x6CFF, 0x0AFF, 0x0AFF, 0x0AFD, 0x3270,
 0x0043, 0x0000, 0x0000, 0x0000, 0x0000, 0x0000, 0x0000, 0x0000, 0x0000, 0x11EA, 0x3DBE, 0x463F, 0x465F, 0x4E9F, 0x4E9F, 0x4EBF,
 0x4EBF, 0x46DF, 0x46FF, 0x3EFF, 0x3F1F, 0x371F, 0x371F, 0x4D53, 0x0000, 0x0000, 0x0000, 0x0000, 0x3AF3, 0x1AFC, 0x33BE, 0x6CFF,
 0x0AFF, 0x0AFF, 0x0B1F, 0x5CDF, 0x135E, 0x0A53, 0x00A6, 0x0000, 0x0000, 0x0000, 0x0000, 0x0000, 0x1A4D, 0x3D9F, 0x45FF, 0x463F,
 0x465F, 0x4E7F, 0x4E9F, 0x4EBF, 0x4EBF, 0x46DF, 0x46FF, 0x3EFF, 0x3F1F, 0x371F, 0x371F, 0x6DD2, 0x0000, 0x0000, 0x0000, 0x4B74,
 0x6CFF, 0x1AFC, 0x33BE, 0x6CFF, 0x0AFF, 0x0AFF, 0x0B1F, 0x5CDF, 0x137F, 0x1B9F, 0x1BDF, 0x1B18, 0x118A, 0x0000, 0x0000, 0x124E,
 0x3D5F, 0x3DBF, 0x45FF, 0x463F, 0x465F, 0x4E7F, 0x4E9F, 0x4EBF, 0x4EDF, 0x46DF, 0x46FF, 0x3EFF, 0x3F1F, 0x371F, 0x371F, 0x85B0,
 0x0000, 0x0000, 0x3270, 0x7D7F, 0x6CDF, 0x1AFC, 0x33BE, 0x6CFF, 0x0AFF, 0x0AFF, 0x0B1F, 0x5CDF, 0x135F, 0x139F, 0x1BDF, 0x241F,
 0x4CDF, 0x243C, 0x1B14, 0x351F, 0x3D5F, 0x3D9F, 0x45FF, 0x461F, 0x3D9B, 0x2BB1, 0x34F7, 0x4EBF, 0x4EDF, 0x46DF, 0x46FF, 0x3EFF,
 0x3F1F, 0x371F, 0x371F, 0x9D4C, 0x0000, 0x322E, 0x4B98, 0x7D7F, 0x6CDF, 0x1AFC, 0x33BE, 0x6CFF, 0x0AFF, 0x0AFF, 0x0B1F, 0x5CDF,
 0x135F, 0x139F, 0x1BDF, 0x241F, 0x4CDF, 0x2C9F, 0x2CDF, 0x351F, 0x3D5F, 0x3D9F, 0x45DF, 0x2310, 0x0020, 0x0000, 0x0904, 0x4EBF,
 0x4EDF, 0x46DF, 0x46FF, 0x3F1F, 0x3F1F, 0x371F, 0x3F1E, 0x9C88, 0x0842, 0x21AA, 0x4315, 0x7D7F, 0x6CDF, 0x1AFC, 0x33BE, 0x6CFF,
 0x0ADF, 0x0AFF, 0x0B1F, 0x5CDF, 0x135F, 0x139F, 0x1BDF, 0x241F, 0x4CDF, 0x2C9F, 0x2CDF, 0x351F, 0x3D5F, 0x3D9F, 0x11EA, 0x0000,
 0x0000, 0x0000, 0x1166, 0x4EBF, 0x4EDF, 0x46DF, 0x46FF, 0x3F1F, 0x3F1F, 0x371F, 0x671A, 0x7BA6, 0x0000, 0x0000, 0x0000, 0x10E5,
 0x3290, 0x1299, 0x33BE, 0x64FF, 0x0ADF, 0x0AFF, 0x0B1F, 0x5CBF, 0x135F, 0x139F, 0x1BDF, 0x23FF, 0x4CDF, 0x2C9F, 0x2CDF, 0x351F,
 0x3D5F, 0x120C, 0x0000, 0x0000, 0x0000, 0x0000, 0x230E, 0x4EBF, 0x4EDF, 0x46DF, 0x46FF, 0x3F1F, 0x3F1F, 0x371F, 0x9EF4, 0x5264,
 0x0000, 0x0000, 0x0000, 0x0000, 0x0000, 0x0000, 0x10E7, 0x3AD2, 0x0A9C, 0x0AFF, 0x0B1F, 0x5CBF, 0x135F, 0x139F, 0x1BDF, 0x23FF,
 0x4CDF, 0x2C9F, 0x2CDF, 0x351F, 0x2332, 0x0000, 0x0000, 0x0000, 0x00A3, 0x1A2A, 0x3D9A, 0x4EBF, 0x4EDF, 0x46DF, 0x46FF, 0x3F1F,
 0x3F1F, 0x3F1F, 0xD6CE, 0x2101, 0x0000, 0x0000, 0x0000, 0x0000, 0x0000, 0x0000, 0x0000, 0x0000, 0x0000, 0x00C9, 0x09F3, 0x547E,
 0x135F, 0x139F, 0x1BBF, 0x23FF, 0x4CDF, 0x2C9F, 0x2CDF, 0x34DD, 0x120C, 0x2310, 0x2C15, 0x3D5B, 0x465F, 0x4E7F, 0x4E9F, 0x4EBF,
 0x4EDF, 0x46DF, 0x46FF, 0x3F1F, 0x3F1F, 0x671A, 0xD62B, 0x0000, 0x0000, 0x0000, 0x0000, 0x0000, 0x0000, 0x0000, 0x0000, 0x0000,
 0x0000, 0x0000, 0x0000, 0x0021, 0x094C, 0x131B, 0x1BBF, 0x23FF, 0x4CDF, 0x2C7F, 0x2CDF, 0x351F, 0x3D5F, 0x3D9F, 0x45DF, 0x461F,
 0x465F, 0x4E7F, 0x4E9F, 0x4EBF, 0x4EDF, 0x46DF, 0x46FF, 0x3F1F, 0x3F1F, 0xAED2, 0x9C67, 0x0000, 0x0000, 0x0000, 0x0000, 0x0000,
 0x0000, 0x0001, 0x08A5, 0x1989, 0x012D, 0x01B2, 0x0A57, 0x545D, 0x135F, 0x139F, 0x1BBF, 0x1BFF, 0x4CBF, 0x2C7F, 0x2CDF, 0x351F,
 0x3D5F, 0x3D9F, 0x45DF, 0x461F, 0x465F, 0x4E7F, 0x4E9F, 0x4EBF, 0x4EBF, 0x46DF, 0x46FF, 0x3F1F, 0x571C, 0xE6CC, 0x5284, 0x0000,
 0x0000, 0x0000, 0x2A0E, 0x6438, 0x5C5B, 0x1ADD, 0x33BE, 0x64DF, 0x0ADF, 0x0AFF, 0x0B1F, 0x5CBF, 0x135F, 0x139F, 0x1BBF, 0x1BFF,
 0x4CBF, 0x2C7F, 0x2CDF, 0x351F, 0x3D5F, 0x3D9F, 0x45DF, 0x461F, 0x465F, 0x4E7F, 0x4E9F, 0x4E9F, 0x4EBF, 0x46DF, 0x56FD, 0x66FA,
 0xBED1, 0xE6AB, 0x1081, 0x0000, 0x0000, 0x0862, 0x4B98, 0x7D7F, 0x64DE, 0x1ADD, 0x33BE, 0x64DF, 0x0ADF, 0x0AFF, 0x0B1F, 0x5CBF,
 0x135F, 0x139F, 0x1BBF, 0x1BFF, 0x4CBF, 0x2C7F, 0x2CDF, 0x351F, 0x3D5F, 0x3D9F, 0x45DF, 0x4E1F, 0x665C, 0x7E99, 0x96B6, 0xAEB3,
 0xC6B0, 0xDECD, 0xE6CC, 0xEECC, 0xE6AC, 0x9CA8, 0x0000, 0x0000, 0x0000, 0x2169, 0x4B98, 0x7D7F, 0x64DE, 0x1ADD, 0x33BE, 0x64DF,
 0x0ADF, 0x0AFF, 0x0B1F, 0x5CBF, 0x135F, 0x137F, 0x1BBF, 0x1BFF, 0x4CBF, 0x34BE, 0x5D3B, 0x7DB8, 0x9615, 0xB672, 0xCE8F, 0xE6AC,
 0xEECC, 0xE6AC, 0xD60A, 0xAD09, 0x9447, 0x6B25, 0x4203, 0x18C1, 0x0000, 0x0000, 0x0000, 0x0000, 0x0000, 0x3A90, 0x4B98, 0x7D7F,
 0x64DF, 0x1ADD, 0x3BBE, 0x64DF, 0x0ADF, 0x0AFF, 0x131F, 0x751C, 0x5459, 0x74F6, 0x9D93, 0xBE10, 0xDE8D, 0xE6AC, 0xEECC, 0xE6AB,
 0xC5CA, 0x9C88, 0x7BA6, 0x5AC5, 0x39A2, 0x1080, 0x0000, 0x0000, 0x0000, 0x0000, 0x0000, 0x0000, 0x0000, 0x0000, 0x0000, 0x0000,
 0x0862, 0x5376, 0x4B98, 0x7D7F, 0x74FD, 0x43B9, 0x7CD7, 0xADF5, 0xA592, 0xC60F, 0xE6AC, 0xEECC, 0xEECC, 0xDE6B, 0xBD69, 0x9447,
 0x6B05, 0x4203, 0x2942, 0x0020, 0x0000, 0x0000, 0x0000, 0x0000, 0x0000, 0x0000, 0x0000, 0x0000, 0x0000, 0x0000, 0x0000, 0x0000,
 0x0000, 0x0000, 0x0000, 0x0000, 0x4247, 0xAD70, 0xC5EF, 0xDEAD, 0xE6AC, 0xEECC, 0xE6AB, 0xCDEA, 0xAD09, 0x83E7, 0x5AC4, 0x3182,
 0x1081, 0x0000, 0x0000, 0x0000, 0x0000, 0x0000, 0x0000, 0x0000, 0x0000, 0x0000, 0x0000, 0x0000, 0x0000, 0x0000, 0x0000, 0x0000,
 0x0000, 0x0000, 0x0000, 0x0000, 0x0000, 0x0000, 0x0000, 0x0000, 0x8C07, 0xAD09, 0x8C27, 0x7366, 0x5244, 0x2922, 0x0020, 0x0000,
 0x0000, 0x0000, 0x0000, 0x0000, 0x0000, 0x0000, 0x0000, 0x0000, 0x0000, 0x0000, 0x0000, 0x0000, 0x0000, 0x0000, 0x0000, 0x0000,
 0x0000, 0x0000, 0x0000, 0x0000, 0x0000, 0x0000, 0x0000, 0x0000, 0x0000, 0x0000, 0x0000, 0x0000, 0x0000, 0x0000, 0x0000, 0x0000,
 0x0000, 0x0000, 0x0000, 0x0000, 0x0000, 0x0000, 0x0000, 0x0000, 0x0000, 0x0000, 0x0000, 0x0000, 0x0000, 0x0000, 0x0000, 0x0000,
 0x0000, 0x0000, 0x0000, 0x0000, 0x0000, 0x0000, 0x0000, 0x0000, 0x0000, 0x0000, 0x0000, 0x0000, 0x0000, 0x0000, 0x0000, 0x0000,

};

const unsigned short LetterS[] = {
 0x0000, 0x0000, 0x0000, 0x0000, 0x0000, 0x0000, 0x0000, 0x0000, 0x0000, 0x0000, 0x0000, 0x0000, 0x0000, 0x0000, 0x0000, 0x0000,
 0x0000, 0x0000, 0x0000, 0x0000, 0x0000, 0x0000, 0x0000, 0x0000, 0x0000, 0x0000, 0x0000, 0x0000, 0x0000, 0x0000, 0x0000, 0x0000,
 0x0000, 0x0000, 0x0000, 0x0000, 0x0000, 0x0000, 0x0000, 0x0000, 0x0000, 0x0000, 0x0000, 0x0000, 0x0000, 0x0000, 0x0000, 0x0000,
 0x0000, 0x0000, 0x0000, 0x0000, 0x0000, 0x0000, 0x0000, 0x0000, 0x0000, 0x0000, 0x0000, 0x0000, 0x0000, 0x0020, 0x08A3, 0x0946,
 0x11A8, 0x11A8, 0x0946, 0x0061, 0x0000, 0x0000, 0x0000, 0x0000, 0x0000, 0x0000, 0x0000, 0x0000, 0x0000, 0x0000, 0x0000, 0x0000,
 0x0000, 0x0000, 0x0000, 0x0000, 0x0001, 0x010A, 0x09F1, 0x1AB5, 0x2B15, 0x120F, 0x00A4, 0x0000, 0x0000, 0x0000, 0x0000, 0x0000,
 0x0000, 0x3CD8, 0x4E5F, 0x4E7F, 0x4E7F, 0x4E9F, 0x46BF, 0x46BF, 0x3579, 0x126B, 0x0000, 0x0000, 0x0000, 0x0000, 0x0000, 0x0000,
 0x0000, 0x0000, 0x0000, 0x0000, 0x0000, 0x0000, 0x0041, 0x11D0, 0x0ADD, 0x133F, 0x137F, 0x2BFF, 0x3C7F, 0x243F, 0x245E, 0x0928,
 0x0000, 0x0000, 0x0000, 0x0000, 0x08E5, 0x4E3F, 0x4E5F, 0x4E7F, 0x4E7F, 0x4E9F, 0x46BF, 0x46DF, 0x46DF, 0x3EFF, 0x1B6F, 0x0000,
 0x0000, 0x0000, 0x0000, 0x0000, 0x0000, 0x0000, 0x0000, 0x0000, 0x0000, 0x00C9, 0x3B9C, 0x2BBF, 0x0B1F, 0x133F, 0x137F, 0x2BFF,
 0x3C7F, 0x241F, 0x247F, 0x23B9, 0x0000, 0x0000, 0x0000, 0x0000, 0x2330, 0x4E3F, 0x4E5F, 0x4E7F, 0x4E7F, 0x4E9F, 0x46BF, 0x46DF,
 0x46DF, 0x3EDF, 0x7E96, 0x0840, 0x0000, 0x0000, 0x0000, 0x0000, 0x0000, 0x0000, 0x0000, 0x0000, 0x0192, 0x0ABF, 0x3BDF, 0x2BBF,
 0x0B1F, 0x133F, 0x137F, 0x2BFF, 0x3C7F, 0x241F, 0x247F, 0x2CBF, 0x0062, 0x0000, 0x0000, 0x0000, 0x3D7C, 0x4E3F, 0x4E5F, 0x4E7F,
 0x4E7F, 0x4E9F, 0x46BF, 0x46BF, 0x46DF, 0x3EDF, 0xC6D0, 0x2942, 0x0000, 0x0000, 0x0000, 0x0000, 0x0000, 0x0000, 0x0842, 0x1A77,
 0x02BF, 0x0ABF, 0x3BDF, 0x2BBF, 0x0B1F, 0x133F, 0x137F, 0x2BFF, 0x3C7F, 0x241F, 0x247F, 0x2CBF, 0x08E5, 0x0000, 0x0000, 0x11A9,
 0x461F, 0x4E3F, 0x4E5F, 0x4E7F, 0x4E7F, 0x4E9F, 0x46BF, 0x46BF, 0x46DF, 0x5EDB, 0xE6AC, 0x18E1, 0x0000, 0x0000, 0x0000, 0x0000,
 0x0000, 0x0001, 0x5BF8, 0x2B9F, 0x02BF, 0x0ABF, 0x3BDF, 0x2BBF, 0x0B1F, 0x133F, 0x137F, 0x2BFF, 0x3C5F, 0x241F, 0x247F, 0x2CBF,
 0x08E5, 0x0000, 0x0000, 0x2BD4, 0x461F, 0x4E3F, 0x4E5F, 0x4E7F, 0x4E7F, 0x4E9F, 0x46BF, 0x46BF, 0x46DF, 0xB6D2, 0xD60B, 0x0000,
 0x0000, 0x0000, 0x0000, 0x0000, 0x0000, 0x01D6, 0x64DF, 0x2B9F, 0x02BF, 0x0ABF, 0x3BDF, 0x2BBF, 0x0B1F, 0x133F, 0x137F, 0x2BFF,
 0x3C5F, 0x241F, 0x247F, 0x2CBF, 0x0083, 0x0000, 0x0021, 0x3D1B, 0x461F, 0x4E3F, 0x4E5F, 0x4E7F, 0x4E7F, 0x4E9F, 0x469F, 0x46BF,
 0x66DB, 0xE6AC, 0x7BA6, 0x0000, 0x0000, 0x0000, 0x0000, 0x0000, 0x0171, 0x029F, 0x64DF, 0x2B9F, 0x02BF, 0x0ABF, 0x3BFF, 0x2B5B,
 0x09F4, 0x131E, 0x137F, 0x2BFF, 0x3C5F, 0x241F, 0x247F, 0x2C7D, 0x0000, 0x0000, 0x0000, 0x0000, 0x11EA, 0x4E3F, 0x4E5F, 0x4E7F,
 0x4E7F, 0x4E9F, 0x4E9F, 0x46BF, 0xC6AF, 0xDE6B, 0x18A1, 0x0000, 0x0000, 0x0000, 0x0000, 0x2189, 0x233F, 0x029F, 0x64DF, 0x2B9F,
 0x02BF, 0x0ABF, 0x2B3B, 0x0862, 0x0000, 0x09F2, 0x137F, 0x2BFF, 0x3C5F, 0x241F, 0x247F, 0x2398, 0x0000, 0x0000, 0x0000, 0x0000,
 0x08C4, 0x4E3F, 0x4E5F, 0x4E7F, 0x4E7F, 0x4E9F, 0x4E9F, 0x96B6, 0xE6AC, 0x6B05, 0x0000, 0x0000, 0x0000, 0x0000, 0x0041, 0x6CDC,
 0x233F, 0x027F, 0x64DF, 0x2B9F, 0x02BF, 0x0ABF, 0x00EA, 0x0000, 0x0000, 0x098F, 0x135F, 0x2BFF, 0x3C5F, 0x241F, 0x247F, 0x1AF4,
 0x0000, 0x0000, 0x0000, 0x0000, 0x1AAE, 0x4E3F, 0x4E5F, 0x4E7F, 0x4E7F, 0x4E9F, 0x6EBA, 0xE6AC, 0xB529, 0x0020, 0x0000, 0x0000,
 0x0000, 0x0000, 0x3AD1, 0x7D7F, 0x233F, 0x027F, 0x64DF, 0x2B9F, 0x02BF, 0x025B, 0x0000, 0x0000, 0x0000, 0x09B1, 0x135F, 0x33FF,
 0x3C5F, 0x241F, 0x247F, 0x1A91, 0x0000, 0x0000, 0x0000, 0x08E5, 0x45BD, 0x4E3F, 0x4E5F, 0x4E7F, 0x4E7F, 0x5E9D, 0xD6AE, 0xCDEA,
 0x10A1, 0x0000, 0x0000, 0x0000, 0x0000, 0x0042, 0x543D, 0x7D7F, 0x233F, 0x027F, 0x64DF, 0x2B9F, 0x02BF, 0x0170, 0x0000, 0x0000,
 0x0000, 0x0A35, 0x135F, 0x33FF, 0x3C5F, 0x241F, 0x247F, 0x1B14, 0x0000, 0x0000, 0x0947, 0x3D5C, 0x461F, 0x4E3F, 0x4E5F, 0x4E7F,
 0x569E, 0xCEAF, 0xD62B, 0x2922, 0x0000, 0x0000, 0x0000, 0x0000, 0x0000, 0x094D, 0x545E, 0x7D7F, 0x231F, 0x027F, 0x64FF, 0x2B7F,
 0x02BF, 0x00A8, 0x0000, 0x0000, 0x0000, 0x0ABB, 0x135F, 0x33FF, 0x3C5F, 0x241F, 0x247F, 0x2C9E, 0x1AD2, 0x2395, 0x3D9F, 0x45DF,
 0x461F, 0x4E3F, 0x4E5F, 0x567E, 0xC6B0, 0xDE6B, 0x3182, 0x0000, 0x0000, 0x0000, 0x0000, 0x0000, 0x0000, 0x1A35, 0x545E, 0x7D7F,
 0x231F, 0x027F, 0x6CFF, 0x2B7F, 0x02BF, 0x0065, 0x0000, 0x0000, 0x0022, 0x133F, 0x135F, 0x33FF, 0x3C5F, 0x241F, 0x247F, 0x2CBF,
 0x34FF, 0x355F, 0x3D9F, 0x45DF, 0x461F, 0x4E3F, 0x565E, 0xC6B0, 0xD64B, 0x3182, 0x0000, 0x0000, 0x0000, 0x0000, 0x0000, 0x0000,
 0x0000, 0x22BA, 0x545E, 0x7D7F, 0x231F, 0x027F, 0x6CFF, 0x2B7F, 0x02BF, 0x00A7, 0x0000, 0x0000, 0x00C7, 0x133F, 0x135F, 0x341F,
 0x3C5F, 0x241F, 0x247F, 0x2CBF, 0x34FF, 0x355F, 0x3D9F, 0x45DF, 0x461F, 0x5E3D, 0xCEAF, 0xCDEA, 0x2122, 0x0000, 0x0000, 0x0000,
 0x0000, 0x0000, 0x0000, 0x0000, 0x0021, 0x22DB, 0x545E, 0x7D7F, 0x231F, 0x027F, 0x6CFF, 0x33BE, 0x74B5, 0x6327, 0x0000, 0x0000,
 0x012C, 0x133F, 0x135F, 0x341F, 0x3C5F, 0x241F, 0x245F, 0x2CBF, 0x34FF, 0x355F, 0x3D9F, 0x45DF, 0x763A, 0xDEAD, 0xBD69, 0x10A1,
 0x0000, 0x0000, 0x0000, 0x0000, 0x0000, 0x0000, 0x0000, 0x0000, 0x0001, 0x22DB, 0x545E, 0x7D7F, 0x1B1F, 0x12BE, 0xA5B6, 0xDE8D,
 0xE6AC, 0xC5AA, 0x0000, 0x0000, 0x016F, 0x133F, 0x135F, 0x341F, 0x3C5F, 0x241F, 0x245F, 0x2CBF, 0x34FF, 0x355F, 0x459E, 0x9E54,
 0xE6AC, 0x9C68, 0x0840, 0x0000, 0x0000, 0x0000, 0x0000, 0x0000, 0x0000, 0x0000, 0x0000, 0x0000, 0x0000, 0x1A78, 0x545E, 0x857F,
 0x7CD6, 0xD64D, 0xE6AC, 0xCDEA, 0x62E5, 0x0840, 0x0000, 0x0000, 0x118D, 0x133F, 0x135F, 0x341F, 0x345F, 0x241F, 0x245F, 0x2CBF,
 0x351F, 0x7DD8, 0xD68E, 0xDE6B, 0x5AA4, 0x0000, 0x0000, 0x0000, 0x0000, 0x0000, 0x0000, 0x0000, 0x0000, 0x0000, 0x0000, 0x0000,
 0x0000, 0x11B0, 0x8D37, 0xDE8E, 0xE6AC, 0xBD8A, 0x5284, 0x0020, 0x0000, 0x0000, 0x0000, 0x0000, 0x39C3, 0x6497, 0x137F, 0x341F,
 0x345F, 0x241F, 0x44BC, 0x85B6, 0xCE6E, 0xE6AC, 0x9CA8, 0x18C1, 0x0000, 0x0000, 0x0000, 0x0000, 0x0000, 0x0000, 0x0000, 0x0000,
 0x0000, 0x0000, 0x0000, 0x0000, 0x0000, 0x3162, 0xE6AC, 0xBD6A, 0x5264, 0x0000, 0x0000, 0x0000, 0x0000, 0x0000, 0x0000, 0x0000,
 0x0000, 0xBD69, 0xD66D, 0xBE10, 0xBE30, 0xD66E, 0xE6AC, 0xE6AC, 0xB549, 0x4203, 0x0000, 0x0000, 0x0000, 0x0000, 0x0000, 0x0000,
 0x0000, 0x0000, 0x0000, 0x0000, 0x0000, 0x0000, 0x0000, 0x0000, 0x0000, 0x0000, 0x2942, 0x0000, 0x0000, 0x0000, 0x0000, 0x0000,
 0x0000, 0x0000, 0x0000, 0x0000, 0x0000, 0x1060, 0x83E7, 0xC5AA, 0xCDCA, 0xACE8, 0x7366, 0x2942, 0x0000, 0x0000, 0x0000, 0x0000,
 0x0000, 0x0000, 0x0000, 0x0000, 0x0000, 0x0000, 0x0000, 0x0000, 0x0000, 0x0000, 0x0000, 0x0000, 0x0000, 0x0000, 0x0000, 0x0000,
 0x0000, 0x0000, 0x0000, 0x0000, 0x0000, 0x0000, 0x0000, 0x0000, 0x0000, 0x0000, 0x0000, 0x0000, 0x0000, 0x0000, 0x0000, 0x0000,
 0x0000, 0x0000, 0x0000, 0x0000, 0x0000, 0x0000, 0x0000, 0x0000, 0x0000, 0x0000, 0x0000, 0x0000, 0x0000, 0x0000, 0x0000, 0x0000,

};

const unsigned short LetterT[] = {
 0x0000, 0x0000, 0x0000, 0x0000, 0x0000, 0x0000, 0x0000, 0x0000, 0x0000, 0x0000, 0x0000, 0x0000, 0x0000, 0x0000, 0x0000, 0x0000,
 0x0000, 0x0000, 0x0000, 0x0000, 0x0000, 0x0000, 0x0000, 0x0000, 0x0000, 0x0000, 0x0000, 0x0000, 0x0000, 0x0000, 0x0000, 0x0000,
 0x0000, 0x0000, 0x0000, 0x0000, 0x0000, 0x0000, 0x0000, 0x0000, 0x0000, 0x0000, 0x0000, 0x0000, 0x0000, 0x0000, 0x0000, 0x0000,
 0x0000, 0x0000, 0x0000, 0x0000, 0x0000, 0x0000, 0x0000, 0x0000, 0x0000, 0x0000, 0x0000, 0x0000, 0x0000, 0x0000, 0x0000, 0x0041,
 0x0062, 0x00A3, 0x08C4, 0x0904, 0x0945, 0x0966, 0x21A5, 0x2122, 0x0000, 0x0000, 0x0000, 0x0000, 0x0000, 0x0000, 0x0000, 0x0000,
 0x0000, 0x0000, 0x0000, 0x0000, 0x0000, 0x0000, 0x0000, 0x0000, 0x0000, 0x0000, 0x0000, 0x0000, 0x0000, 0x0000, 0x0000, 0x0000,
 0x0000, 0x0000, 0x0946, 0x4E7F, 0x4E9F, 0x4E9F, 0x4EBF, 0x46DF, 0x46FF, 0x3EFF, 0x9ED4, 0x83C6, 0x0000, 0x0000, 0x0000, 0x0000,
 0x0000, 0x0000, 0x0000, 0x0000, 0x0000, 0x0000, 0x0000, 0x0000, 0x0000, 0x0000, 0x0000, 0x0000, 0x0000, 0x0000, 0x0000, 0x0000,
 0x0000, 0x0000, 0x0000, 0x0000, 0x0000, 0x0000, 0x11A8, 0x4E7F, 0x4E9F, 0x4E9F, 0x4EBF, 0x46DF, 0x46DF, 0x3EFF, 0xAED2, 0x62E5,
 0x0000, 0x0000, 0x0000, 0x0000, 0x0000, 0x0000, 0x0000, 0x0000, 0x0000, 0x0000, 0x0000, 0x0000, 0x0000, 0x0000, 0x0000, 0x0000,
 0x0000, 0x0000, 0x0000, 0x0000, 0x0000, 0x0000, 0x0000, 0x0000, 0x0000, 0x0000, 0x1A2A, 0x4E7F, 0x4E9F, 0x4E9F, 0x4EBF, 0x46DF,
 0x46DF, 0x3EFF, 0xC6D0, 0x4A23, 0x0000, 0x0000, 0x0000, 0x0000, 0x0000, 0x0000, 0x0000, 0x0000, 0x0000, 0x0000, 0x0000, 0x0000,
 0x0000, 0x0000, 0x0000, 0x0000, 0x0000, 0x0000, 0x0000, 0x0000, 0x0000, 0x0000, 0x0000, 0x0000, 0x0000, 0x0000, 0x1A8C, 0x4E7F,
 0x4E7F, 0x4E9F, 0x4EBF, 0x46DF, 0x46DF, 0x3EFF, 0xD6CE, 0x2942, 0x0000, 0x0000, 0x0000, 0x0000, 0x0000, 0x0000, 0x0000, 0x0000,
 0x0000, 0x0000, 0x0000, 0x0000, 0x0000, 0x0000, 0x0000, 0x0000, 0x0000, 0x0000, 0x0000, 0x0000, 0x0000, 0x0000, 0x0000, 0x0000,
 0x0000, 0x0000, 0x230F, 0x4E7F, 0x4E7F, 0x4E9F, 0x4EBF, 0x46DF, 0x46DF, 0x46FF, 0xE6CC, 0x1080, 0x0000, 0x0000, 0x0000, 0x0000,
 0x0000, 0x0000, 0x0000, 0x0000, 0x0000, 0x0000, 0x0000, 0x0000, 0x0000, 0x0000, 0x0000, 0x0000, 0x0000, 0x0000, 0x0000, 0x0000,
 0x0000, 0x0000, 0x0000, 0x0000, 0x0000, 0x0000, 0x2B91, 0x4E7F, 0x4E7F, 0x4E9F, 0x4EBF, 0x46DF, 0x46DF, 0x56FD, 0xDE6B, 0x0000,
 0x0000, 0x0000, 0x0000, 0x0000, 0x0000, 0x0000, 0x0000, 0x0000, 0x0000, 0x0000, 0x0000, 0x0000, 0x0000, 0x0000, 0x0000, 0x0000,
 0x0000, 0x0000, 0x0000, 0x0000, 0x0000, 0x0000, 0x00A3, 0x11EA, 0x2351, 0x3CD8, 0x4E3E, 0x4E7F, 0x4E7F, 0x4E9F, 0x4EBF, 0x46DF,
 0x46DF, 0x66DB, 0xC5AA, 0x0000, 0x0000, 0x0000, 0x0000, 0x0000, 0x0000, 0x0000, 0x0000, 0x0000, 0x0000, 0x0000, 0x0000, 0x0000,
 0x0000, 0x0000, 0x0000, 0x0000, 0x0000, 0x0063, 0x0949, 0x124F, 0x2395, 0x34DC, 0x3D9F, 0x45DF, 0x461F, 0x4E3F, 0x4E5F, 0x4E7F,
 0x4E7F, 0x4E9F, 0x4EBF, 0x46DF, 0x46DF, 0x7ED8, 0xA4C8, 0x0000, 0x0000, 0x0000, 0x0000, 0x0000, 0x0000, 0x0000, 0x0000, 0x0000,
 0x0000, 0x0000, 0x0000, 0x0042, 0x00A7, 0x014C, 0x09F1, 0x12B7, 0x4C5D, 0x243F, 0x247F, 0x2CBF, 0x351F, 0x3D5F, 0x3D9F, 0x45DF,
 0x461F, 0x4E3F, 0x4E5F, 0x4E7F, 0x4E7F, 0x4E9F, 0x4EBF, 0x46BF, 0x46DF, 0x8ED6, 0x8C07, 0x0000, 0x0000, 0x0000, 0x0000, 0x0021,
 0x0884, 0x00A7, 0x196B, 0x2A2F, 0x01B3, 0x0238, 0x12DC, 0x549F, 0x131F, 0x135F, 0x137F, 0x1BBF, 0x54BF, 0x243F, 0x247F, 0x2CBF,
 0x351F, 0x3D5F, 0x3D9F, 0x45DF, 0x461F, 0x4E3F, 0x4E5F, 0x4E7F, 0x4E7F, 0x4E9F, 0x4EBF, 0x46BF, 0x46DF, 0xA6D4, 0x6B25, 0x0000,
 0x0000, 0x0000, 0x2AB6, 0x7D7F, 0x4C5F, 0x029F, 0x3BDF, 0x5C9F, 0x0ABF, 0x0ADF, 0x131F, 0x549F, 0x131F, 0x135F, 0x137F, 0x1BBF,
 0x54BF, 0x243F, 0x247F, 0x2CBF, 0x351F, 0x355F, 0x3D9F, 0x45DF, 0x461F, 0x463F, 0x4E5F, 0x4E7F, 0x4E7F, 0x4E9F, 0x4EBF, 0x46BF,
 0x46DF, 0xB6D2, 0x5264, 0x0000, 0x0000, 0x0022, 0x335D, 0x7D7F, 0x4C5F, 0x029F, 0x3BDF, 0x5C9F, 0x0ABF, 0x0ADF, 0x131F, 0x549F,
 0x131F, 0x135F, 0x137F, 0x1BBF, 0x54BF, 0x243F, 0x247F, 0x2CBF, 0x351F, 0x355F, 0x3D9F, 0x45DF, 0x45FF, 0x463F, 0x4E5F, 0x4E7F,
 0x4E7F, 0x4E9F, 0x4EBF, 0x46BF, 0x46DF, 0xC6CF, 0x3182, 0x0000, 0x0000, 0x08E9, 0x335D, 0x7D7F, 0x4C5F, 0x029F, 0x3BDF, 0x5C9F,
 0x0ABF, 0x0ADF, 0x131F, 0x549F, 0x0B1F, 0x135F, 0x137F, 0x1BBF, 0x4CBF, 0x243F, 0x247F, 0x2CBF, 0x34FF, 0x355F, 0x3D9F, 0x45DF,
 0x461F, 0x4E3E, 0x4E5F, 0x4E7F, 0x4E7F, 0x4E9F, 0x4EBF, 0x46BF, 0x46DF, 0xDECD, 0x18C1, 0x0000, 0x0000, 0x11B0, 0x335D, 0x7D7F,
 0x4C5F, 0x029F, 0x3BDF, 0x549F, 0x0ABF, 0x0ADF, 0x131F, 0x547F, 0x0B1F, 0x135F, 0x137F, 0x1BBF, 0x4CBF, 0x243F, 0x44BC, 0x655A,
 0x7DB7, 0x9E14, 0xB671, 0xC64E, 0xB56A, 0x75B6, 0x4E5F, 0x4E7F, 0x4E7F, 0x4E9F, 0x4EBF, 0x46BF, 0x4EDE, 0xE68B, 0x0000, 0x0000,
 0x0000, 0x22B8, 0x337D, 0x7D7F, 0x4C5F, 0x029F, 0x3BFF, 0x549F, 0x0ABF, 0x0ADF, 0x1B1E, 0x6CFC, 0x4C39, 0x6CD7, 0x8D54, 0xADD1,
 0xD66E, 0xDE6C, 0xBD89, 0x9447, 0x6B25, 0x4A03, 0x20E1, 0x0000, 0x0000, 0x34B7, 0x4E5F, 0x4E7F, 0x4E7F, 0x4E9F, 0x4EBF, 0x46BF,
 0x5EDC, 0xCDEA, 0x0000, 0x0000, 0x10C4, 0x335C, 0x337D, 0x857F, 0x6CBC, 0x4BF9, 0x8D36, 0xADF4, 0xADB1, 0xCE2E, 0xE6AC, 0xE68B,
 0xBD89, 0x9467, 0x7345, 0x4A23, 0x2101, 0x0000, 0x0000, 0x0000, 0x0000, 0x0000, 0x0000, 0x0000, 0x0000, 0x45BD, 0x4E5F, 0x4E7F,
 0x4E7F, 0x4E9F, 0x4EBF, 0x46BF, 0x6EDA, 0xAD09, 0x0000, 0x0000, 0x5287, 0xBDF0, 0xD64E, 0xE6AC, 0xEECC, 0xE68B, 0xBD89, 0x9467,
 0x7345, 0x4A23, 0x2101, 0x0000, 0x0000, 0x0000, 0x0000, 0x0000, 0x0000, 0x0000, 0x0000, 0x0000, 0x0000, 0x0000, 0x0000, 0x0000,
 0x08C3, 0x463F, 0x4E5F, 0x4E7F, 0x4E7F, 0x4E9F, 0x4EBF, 0x46BF, 0x86D8, 0x9447, 0x0000, 0x0000, 0x7B86, 0x9C67, 0x7345, 0x4A23,
 0x2101, 0x0000, 0x0000, 0x0000, 0x0000, 0x0000, 0x0000, 0x0000, 0x0000, 0x0000, 0x0000, 0x0000, 0x0000, 0x0000, 0x0000, 0x0000,
 0x0000, 0x0000, 0x0000, 0x0000, 0x3A05, 0xB692, 0xAE93, 0x9E95, 0x9696, 0x8EB7, 0x86B8, 0x76B9, 0xA6D3, 0x7366, 0x0000, 0x0000,
 0x0000, 0x0000, 0x0000, 0x0000, 0x0000, 0x0000, 0x0000, 0x0000, 0x0000, 0x0000, 0x0000, 0x0000, 0x0000, 0x0000, 0x0000, 0x0000,
 0x0000, 0x0000, 0x0000, 0x0000, 0x0000, 0x0000, 0x0000, 0x0000, 0x39A3, 0x8C07, 0x9C88, 0xACE8, 0xB549, 0xC5AA, 0xD62B, 0xE68B,
 0xEECC, 0x5A84, 0x0000, 0x0000, 0x0000, 0x0000, 0x0000, 0x0000, 0x0000, 0x0000, 0x0000, 0x0000, 0x0000, 0x0000, 0x0000, 0x0000,
 0x0000, 0x0000, 0x0000, 0x0000, 0x0000, 0x0000, 0x0000, 0x0000, 0x0000, 0x0000, 0x0000, 0x0000, 0x0000, 0x0000, 0x0000, 0x0000,
 0x0000, 0x0000, 0x0000, 0x0000, 0x0020, 0x0020, 0x0000, 0x0000, 0x0000, 0x0000, 0x0000, 0x0000, 0x0000, 0x0000, 0x0000, 0x0000,
 0x0000, 0x0000, 0x0000, 0x0000, 0x0000, 0x0000, 0x0000, 0x0000, 0x0000, 0x0000, 0x0000, 0x0000, 0x0000, 0x0000, 0x0000, 0x0000,
 0x0000, 0x0000, 0x0000, 0x0000, 0x0000, 0x0000, 0x0000, 0x0000, 0x0000, 0x0000, 0x0000, 0x0000, 0x0000, 0x0000, 0x0000, 0x0000,
 0x0000, 0x0000, 0x0000, 0x0000, 0x0000, 0x0000, 0x0000, 0x0000, 0x0000, 0x0000, 0x0000, 0x0000, 0x0000, 0x0000, 0x0000, 0x0000,
 0x0000, 0x0000, 0x0000, 0x0000, 0x0000, 0x0000, 0x0000, 0x0000, 0x0000, 0x0000, 0x0000, 0x0000, 0x0000, 0x0000, 0x0000, 0x0000,

};

const unsigned short LetterW[] = {
 0x0000, 0x0000, 0x0000, 0x0000, 0x0000, 0x0000, 0x0000, 0x0000, 0x0000, 0x0000, 0x0000, 0x0000, 0x0000, 0x0000, 0x0000, 0x0000,
 0x0000, 0x0000, 0x0000, 0x0000, 0x0000, 0x0000, 0x0000, 0x0000, 0x0000, 0x0000, 0x0000, 0x0000, 0x0000, 0x0000, 0x0000, 0x0000,
 0x0000, 0x0000, 0x0000, 0x0000, 0x0000, 0x0000, 0x0000, 0x0000, 0x0000, 0x0000, 0x0000, 0x0000, 0x0000, 0x0000, 0x0000, 0x0000,
 0x0000, 0x0000, 0x0000, 0x0000, 0x0000, 0x0000, 0x0000, 0x0000, 0x0000, 0x0000, 0x0000, 0x0000, 0x0000, 0x0000, 0x0000, 0x0000,
 0x0000, 0x0000, 0x0062, 0x0209, 0x4BC7, 0x6300, 0x0000, 0x0000, 0x0000, 0x0000, 0x0000, 0x0000, 0x0000, 0x0000, 0x0000, 0x0000,
 0x0000, 0x0000, 0x0000, 0x0000, 0x0000, 0x0000, 0x0000, 0x0000, 0x0000, 0x0000, 0x0000, 0x0000, 0x0000, 0x0000, 0x0000, 0x0000,
 0x0000, 0x0000, 0x0062, 0x01E9, 0x0391, 0x0579, 0x06DF, 0x06FF, 0xA6E9, 0x5A80, 0x0000, 0x0000, 0x0000, 0x0000, 0x0000, 0x0000,
 0x0000, 0x0000, 0x0000, 0x0000, 0x0000, 0x0000, 0x0000, 0x0000, 0x0000, 0x0000, 0x0000, 0x0000, 0x0000, 0x0000, 0x0000, 0x0000,
 0x0000, 0x0000, 0x00E5, 0x024C, 0x0BB3, 0x155A, 0x1E5F, 0x169F, 0x06BF, 0x06BF, 0x06FF, 0x06FF, 0xDEC2, 0x2100, 0x0000, 0x0000,
 0x0000, 0x0000, 0x0000, 0x0000, 0x0000, 0x0000, 0x0000, 0x0000, 0x0000, 0x0000, 0x0000, 0x0000, 0x0000, 0x0000, 0x0000, 0x0000,
 0x0000, 0x0063, 0x0169, 0x0290, 0x03F7, 0x053D, 0x0DFF, 0x161F, 0x1E3F, 0x1E5F, 0x1E7F, 0x169F, 0x06BF, 0x06BF, 0x06DF, 0x2EFA,
 0xD640, 0x0000, 0x0000, 0x0000, 0x0000, 0x0000, 0x0000, 0x0000, 0x0000, 0x0000, 0x0000, 0x0000, 0x0000, 0x0000, 0x0000, 0x0000,
 0x0065, 0x010A, 0x01B0, 0x0AD6, 0x13FC, 0x045F, 0x04BF, 0x051F, 0x055F, 0x05BF, 0x0DFF, 0x161F, 0x1E3F, 0x1E5F, 0x1E7F, 0x169F,
 0x06BF, 0x06BF, 0x06DF, 0x66F2, 0xA4C0, 0x0000, 0x0000, 0x0000, 0x0000, 0x0000, 0x0000, 0x0000, 0x0000, 0x0000, 0x08A5, 0x112A,
 0x010F, 0x0174, 0x1AB9, 0x237E, 0x02DF, 0x031F, 0x037F, 0x13FF, 0x1C5F, 0x045F, 0x04BF, 0x051F, 0x055F, 0x05BF, 0x0DFF, 0x161F,
 0x1E3F, 0x1E5F, 0x1E7F, 0x169F, 0x06BF, 0x06BF, 0x2EDA, 0xAEC8, 0x6B20, 0x0000, 0x0000, 0x0000, 0x0000, 0x0000, 0x08C7, 0x53D7,
 0x43BB, 0x021F, 0x339F, 0x4C1F, 0x023F, 0x025F, 0x235F, 0x2B9F, 0x02DF, 0x031F, 0x037F, 0x13FF, 0x1C5F, 0x045F, 0x04BF, 0x051F,
 0x055F, 0x05BF, 0x0DFF, 0x161F, 0x263E, 0x4E78, 0x7692, 0x9EAC, 0xA5E6, 0x9CC1, 0x7381, 0x5240, 0x1060, 0x0000, 0x0000, 0x0000,
 0x0000, 0x0000, 0x11D1, 0x753F, 0x545F, 0x021F, 0x339F, 0x4C1F, 0x023F, 0x025F, 0x235F, 0x2B9F, 0x02DF, 0x031F, 0x037F, 0x13FF,
 0x1C5F, 0x045F, 0x04BF, 0x153D, 0x45D7, 0x7631, 0x962B, 0x9505, 0x8C00, 0x5AC0, 0x3180, 0x0860, 0x0000, 0x0000, 0x0000, 0x0000,
 0x0000, 0x0000, 0x0000, 0x0000, 0x0000, 0x0000, 0x1A78, 0x753F, 0x545F, 0x021F, 0x339F, 0x4C1F, 0x023F, 0x025F, 0x235F, 0x2B9F,
 0x02DF, 0x033F, 0x1BDC, 0x5CD6, 0x858F, 0x8509, 0x8443, 0x7340, 0x4A20, 0x18E0, 0x0000, 0x0000, 0x0000, 0x0000, 0x0000, 0x0000,
 0x0062, 0x00C3, 0x0187, 0x0209, 0x02AC, 0x030D, 0x63A4, 0x31A0, 0x0000, 0x0042, 0x1ADC, 0x753F, 0x545F, 0x021F, 0x339F, 0x4C1F,
 0x025F, 0x233A, 0x6494, 0x84EE, 0x7408, 0x7382, 0x5A80, 0x3181, 0x08C4, 0x00C6, 0x0169, 0x01CB, 0x024E, 0x02CF, 0x0393, 0x0C15,
 0x14B8, 0x1539, 0x1DDD, 0x165F, 0x06BF, 0x06BF, 0x06DF, 0x06FF, 0x071F, 0x071F, 0xDEC1, 0x3160, 0x0000, 0x08E8, 0x1AFC, 0x753F,
 0x545F, 0x021F, 0x339F, 0x4C1F, 0x129C, 0x3314, 0x2AF6, 0x1A97, 0x025A, 0x02BC, 0x035F, 0x1BFF, 0x1C5F, 0x045F, 0x04BF, 0x051F,
 0x055F, 0x059F, 0x05DF, 0x161F, 0x1E3F, 0x1E5F, 0x1E7F, 0x169F, 0x06BF, 0x06BF, 0x06DF, 0x06FF, 0x071F, 0x46F7, 0xE680, 0x0020,
 0x0000, 0x19AF, 0x12DC, 0x753F, 0x545F, 0x021F, 0x339F, 0x4C1F, 0x023F, 0x025F, 0x235F, 0x2B9F, 0x02DF, 0x031F, 0x035F, 0x1BFF,
 0x1C5F, 0x045F, 0x04BF, 0x04FF, 0x055F, 0x059F, 0x05DF, 0x0E1F, 0x1E3F, 0x1E5F, 0x1E7F, 0x169F, 0x06BF, 0x06BF, 0x06DF, 0x26FB,
 0x46B5, 0x7D88, 0x7B80, 0x0000, 0x0000, 0x2AD6, 0x12DD, 0x753F, 0x4C5F, 0x021F, 0x337F, 0x43DD, 0x01FB, 0x01D8, 0x1256, 0x1A54,
 0x0192, 0x01B1, 0x0235, 0x1339, 0x13FD, 0x045F, 0x04BF, 0x04FF, 0x055F, 0x059F, 0x05DF, 0x0E1F, 0x1E3F, 0x2E5D, 0x4E98, 0x6632,
 0x54EC, 0x53A7, 0x4A61, 0x2920, 0x0020, 0x0000, 0x0000, 0x0000, 0x0000, 0x1129, 0x00C8, 0x1926, 0x08A4, 0x0001, 0x0000, 0x0000,
 0x0023, 0x00A9, 0x11AF, 0x1A76, 0x029B, 0x031F, 0x035F, 0x1C1F, 0x1C5F, 0x045F, 0x04BF, 0x051F, 0x2D9A, 0x55F5, 0x656F, 0x5C49,
 0x5B23, 0x41E0, 0x18A0, 0x0000, 0x0000, 0x0000, 0x0000, 0x0000, 0x0000, 0x0000, 0x0000, 0x0000, 0x0000, 0x0000, 0x0000, 0x10C4,
 0x196B, 0x0111, 0x2AB7, 0x3BBD, 0x023F, 0x025F, 0x235F, 0x2B9F, 0x02DF, 0x031F, 0x13BE, 0x4CB8, 0x6D12, 0x646C, 0x63A6, 0x5AC1,
 0x3180, 0x0860, 0x0020, 0x0062, 0x00C3, 0x0146, 0x0187, 0x022A, 0x028C, 0x02EE, 0x0390, 0x33CA, 0x5A80, 0x0000, 0x0000, 0x0000,
 0x0000, 0x0000, 0x0A9A, 0x753F, 0x4C3F, 0x021F, 0x339F, 0x441F, 0x023F, 0x025F, 0x235F, 0x2B9F, 0x02FF, 0x3C1A, 0x5411, 0x3B71,
 0x12B3, 0x02F5, 0x0378, 0x03F9, 0x04BC, 0x051D, 0x05BF, 0x0DFF, 0x1E3F, 0x1E5F, 0x1E7F, 0x169F, 0x069F, 0x06BF, 0x06DF, 0x8ECD,
 0x5280, 0x0000, 0x0000, 0x0000, 0x0000, 0x0086, 0x0ADD, 0x753F, 0x4C3F, 0x021F, 0x339F, 0x441F, 0x023F, 0x025F, 0x235F, 0x2B9F,
 0x02DF, 0x031F, 0x035F, 0x1BFF, 0x1C3F, 0x045F, 0x049F, 0x04FF, 0x055F, 0x059F, 0x05DF, 0x0DFF, 0x1E3F, 0x1E5F, 0x1E7F, 0x169F,
 0x069F, 0x06BF, 0x06DF, 0xCEC4, 0x18A0, 0x0000, 0x0000, 0x0000, 0x0000, 0x094D, 0x0ADD, 0x753F, 0x4C3F, 0x021F, 0x339F, 0x441F,
 0x023F, 0x025F, 0x235F, 0x239F, 0x02DF, 0x031F, 0x035F, 0x1BFF, 0x143F, 0x045F, 0x049F, 0x04FF, 0x055F, 0x059F, 0x05DF, 0x0DFF,
 0x1E3F, 0x1E5F, 0x1E7F, 0x169F, 0x069F, 0x06BF, 0x1EDC, 0xC5A0, 0x0000, 0x0000, 0x0000, 0x0000, 0x0000, 0x1A55, 0x0ADD, 0x755F,
 0x4C3F, 0x021F, 0x339F, 0x441F, 0x023F, 0x025F, 0x235F, 0x239F, 0x02DF, 0x031F, 0x035F, 0x1BFF, 0x143F, 0x043F, 0x049F, 0x04FF,
 0x055F, 0x059F, 0x05DF, 0x0DFF, 0x1E1F, 0x1E5F, 0x1E7F, 0x169F, 0x069F, 0x06BF, 0x56D4, 0x83C0, 0x0000, 0x0000, 0x0000, 0x0000,
 0x0021, 0x337C, 0x0ADE, 0x755F, 0x4C3F, 0x021F, 0x3B9F, 0x545D, 0x1ADC, 0x231B, 0x4BFA, 0x5478, 0x4416, 0x5C93, 0x6CF1, 0x856F,
 0x858F, 0x85AE, 0x85CE, 0x8E0D, 0x962C, 0x9E6B, 0xA68A, 0xAE89, 0xAEA9, 0xAEAA, 0xA6AA, 0xA6AB, 0x9ECB, 0x96CC, 0xBEC6, 0x41E0,
 0x0000, 0x0000, 0x0000, 0x0000, 0x2985, 0x84F2, 0x850D, 0xC64A, 0xD666, 0xDE82, 0xEEC0, 0xEEC0, 0xEEC0, 0xEEC0, 0xEEC0, 0xDE60,
 0xCDE0, 0xBD80, 0xB540, 0xA4C0, 0x9C80, 0x9440, 0x83C0, 0x7360, 0x7340, 0x6B20, 0x62C0, 0x5280, 0x5260, 0x5260, 0x4A40, 0x4A00,
 0x4200, 0x41E0, 0x39C0, 0x0020, 0x0000, 0x0000, 0x0000, 0x0000, 0x5280, 0x9CA0, 0x9420, 0x7B60, 0x62E0, 0x5260, 0x4200, 0x3160,
 0x18C0, 0x1080, 0x0000, 0x0000, 0x0000, 0x0000, 0x0000, 0x0000, 0x0000, 0x0000, 0x0000, 0x0000, 0x0000, 0x0000, 0x0000, 0x0000,
 0x0000, 0x0000, 0x0000, 0x0000, 0x0000, 0x0000, 0x0000, 0x0000, 0x0000, 0x0000, 0x0000, 0x0000, 0x0000, 0x0000, 0x0000, 0x0000,
 0x0000, 0x0000, 0x0000, 0x0000, 0x0000, 0x0000, 0x0000, 0x0000, 0x0000, 0x0000, 0x0000, 0x0000, 0x0000, 0x0000, 0x0000, 0x0000,
 0x0000, 0x0000, 0x0000, 0x0000, 0x0000, 0x0000, 0x0000, 0x0000, 0x0000, 0x0000, 0x0000, 0x0000, 0x0000, 0x0000, 0x0000, 0x0000,

};

const unsigned short Background[] = {
 0xA611, 0x9DD0, 0x9570, 0x8D4E, 0x852D, 0x854D, 0x858D, 0x8DAE, 0xC6B7, 0xD6D9, 0xA651, 0xA631, 0xA651, 0x9E10, 0xB693, 0xC6F6,
 0xA651, 0xA651, 0x9E31, 0xBED5, 0xBEB5, 0xA630, 0x9E30, 0x9E30, 0xC6F6, 0xBEB4, 0xA671, 0xA671, 0xB6B3, 0xCF17, 0xA594, 0x94D3,
 0xB5F7, 0xBE59, 0x9D14, 0x9D14, 0xB5D8, 0xADD8, 0xADB6, 0xA596, 0xCE9A, 0xC659, 0xBDF7, 0xCEBA, 0xDF1C, 0xE75D, 0xEF7D, 0xC6D7,
 0xBED5, 0xA652, 0x7CEF, 0x6355, 0x7BDA, 0x8C7A, 0x5AD7, 0x5257, 0x9CBB, 0x83FB, 0x62FA, 0x6B3B, 0xA4FC, 0x947B, 0x8C9A, 0xAD9A,
 0xBE3A, 0xB619, 0x9536, 0xAD75, 0xD678, 0xC5B3, 0xB5D5, 0xDEFC, 0xE73C, 0xBE39, 0x9D77, 0xBE39, 0x9D35, 0xB5F8, 0xD6DB, 0xDEFB,
 0xCE59, 0x7C11, 0x2AD1, 0x3397, 0x3C18, 0x54B9, 0x54B8, 0x3BF5, 0x22F1, 0x124E, 0x122D, 0x1A4D, 0x326B, 0x3A4A, 0x3A28, 0x4228,
 0x4228, 0x39E7, 0x3186, 0x2145, 0x2124, 0x2104, 0x2104, 0x2104, 0x2104, 0x2104, 0x2104, 0x2965, 0x5ACB, 0x94B2, 0xAD95, 0xB5F7,
 0xB5F7, 0xB5F7, 0xB5F7, 0xB5F7, 0xBDF7, 0xBE17, 0xB5F7, 0x9492, 0x632C, 0x4228, 0x39E7, 0x4228, 0x4A8B, 0x5370, 0x6CB6, 0x755A,
 0x9E50, 0x960F, 0x95CF, 0x958F, 0x8D2F, 0x8D0E, 0x852D, 0x8DAF, 0xC6B7, 0xCEB8, 0x9E0F, 0x960F, 0x960F, 0x960F, 0xA672, 0xBEF5,
 0xA651, 0x9E30, 0x9E30, 0xBED4, 0xBEB4, 0x9E30, 0x9E30, 0xA631, 0xC6D6, 0xB693, 0x9E30, 0x9E51, 0xB6B3, 0xD718, 0xA57A, 0x8C5B,
 0xAD7C, 0xAD7C, 0x841B, 0x8C7C, 0xB59D, 0x9D1C, 0x843C, 0x843B, 0xB5BD, 0x9CDC, 0x7399, 0x7397, 0x9CFA, 0xA53B, 0xBDFD, 0xBE97,
 0xC6D5, 0xAE72, 0x8510, 0x6B96, 0x949A, 0x8419, 0x5AD7, 0x5AD8, 0x9CDB, 0x7B9A, 0x5ADA, 0x6B3A, 0x9CDC, 0x8C5B, 0x8C59, 0x9CF6,
 0xB596, 0xB593, 0x94AE, 0xAD50, 0xCE76, 0xB5D2, 0xB637, 0xDF3C, 0xE73D, 0xBE9B, 0x9DB9, 0xBE39, 0x9CF4, 0xADB7, 0xADB7, 0xB5B7,
 0xBDD7, 0x94D3, 0x32B0, 0x3376, 0x43F7, 0x54F9, 0x5D19, 0x4C97, 0x2B52, 0x126E, 0x122D, 0x224C, 0x3A6B, 0x426A, 0x4249, 0x4249,
 0x4228, 0x39E7, 0x3186, 0x2124, 0x2104, 0x2104, 0x2104, 0x2104, 0x2104, 0x2104, 0x2104, 0x2965, 0x5AEB, 0x94B2, 0xAD95, 0xB5F7,
 0xB5F7, 0xB5F7, 0xB5F7, 0xB5F7, 0xB5F7, 0xBE17, 0xC638, 0xAD75, 0x8C71, 0x6B4D, 0x5AEB, 0x5AEB, 0x5B4D, 0x5B90, 0x5BF3, 0x5BF3,
 0x9E50, 0x962F, 0x9E4F, 0xAE92, 0xA5F1, 0x7CED, 0x7C8D, 0x8CEF, 0xC678, 0xD6F9, 0xB693, 0xAE72, 0xAE72, 0xAE52, 0xB673, 0xCF17,
 0xB6B4, 0xAE72, 0xAE72, 0xC6F6, 0xC6F6, 0xAE92, 0xAE72, 0xB693, 0xCEF7, 0xBED4, 0xAE92, 0xAE92, 0xBED5, 0xD739, 0xA55B, 0x841A,
 0x9CF9, 0x8C98, 0x6B77, 0x7397, 0xAD9C, 0x9CFC, 0x841B, 0x6B37, 0x9CF9, 0x7C18, 0x5BB6, 0x5B55, 0x94D9, 0x8C99, 0xBDDD, 0xBE97,
 0xC6D6, 0xB673, 0x8D71, 0x73F7, 0xA55C, 0x7399, 0x5AF8, 0x7B9A, 0xA4FB, 0x7B9A, 0x631A, 0x737B, 0xA51C, 0x949A, 0x8C58, 0x9CB3,
 0xAD53, 0xBDB2, 0xAD0E, 0xB570, 0xCE56, 0xADB4, 0xADF8, 0xDF1C, 0xE73D, 0xBEBC, 0xAE3B, 0xBE7B, 0x8493, 0x94D3, 0x9D14, 0xA534,
 0xAD55, 0x94B3, 0x42AD, 0x3AEF, 0x3ACD, 0x32EE, 0x332F, 0x2AEE, 0x22AD, 0x2AEE, 0x3B70, 0x53D2, 0x63F2, 0x63D2, 0x5B90, 0x530D,
 0x4A6A, 0x39E7, 0x2986, 0x2124, 0x2104, 0x2104, 0x2104, 0x2104, 0x2104, 0x2124, 0x3184, 0x4A67, 0x73CB, 0xA530, 0xB5F3, 0xBE34,
 0xBE34, 0xBE34, 0xBE34, 0xBE34, 0xBE34, 0xC655, 0xC657, 0xB596, 0x9492, 0x738E, 0x632C, 0x6B4D, 0x6BAF, 0x7412, 0x7474, 0x6C33,
 0x9E50, 0x962F, 0x9E4F, 0xB6B2, 0xB6B3, 0x8DAE, 0x74CB, 0x84CF, 0xCE99, 0xE75C, 0xDF3A, 0xDF59, 0xD739, 0xD739, 0xDF5A, 0xE79B,
 0xDF5A, 0xD739, 0xD739, 0xE77B, 0xE77B, 0xD739, 0xD739, 0xDF5A, 0xE79B, 0xDF5A, 0xD739, 0xD739, 0xDF5A, 0xE77C, 0xD6BD, 0xCE5D,
 0xD69D, 0xC63B, 0xBDDB, 0xB5BB, 0xD6DD, 0xCE7E, 0xBDFD, 0xB59B, 0xCE5C, 0xBE7C, 0xB6FD, 0xB61B, 0xCE9C, 0xC63C, 0xDEFE, 0xE77C,
 0xE77B, 0xDF39, 0xC6B8, 0xC61B, 0xD69D, 0xBDBC, 0xAD7B, 0xC5FD, 0xCE7D, 0xBDDD, 0xB59D, 0xB5BD, 0xD67D, 0xCE3D, 0xC63C, 0xD65A,
 0xDEBA, 0xDED9, 0xD677, 0xDED8, 0xEF1B, 0xD6BA, 0xD6DB, 0xEF9E, 0xEF9E, 0xCEDD, 0xADFA, 0xBE5A, 0x9D15, 0xAD97, 0xA576, 0x94F4,
 0xA534, 0x9CB2, 0x6B4A, 0x740C, 0x53CE, 0x4C11, 0x4C12, 0x4390, 0x3AEC, 0x3ACB, 0x3B0C, 0x434E, 0x430E, 0x4ACD, 0x426B, 0x4229,
 0x39E7, 0x31A6, 0x2965, 0x2124, 0x2104, 0x2104, 0x2104, 0x2104, 0x2104, 0x2964, 0x5286, 0x8C6A, 0xB5CD, 0xC66F, 0xCE8F, 0xCEB0,
 0xCEAF, 0xCE8F, 0xCEAF, 0xCEB0, 0xCEB0, 0xD6D2, 0xCE95, 0xB5B5, 0x9492, 0x738E, 0x632C, 0x6B4D, 0x6B8E, 0x6BAF, 0x6BF0, 0x6BD0,
 0x9E50, 0x962F, 0x9E4F, 0xB6B2, 0xB6B3, 0x9E2F, 0x960F, 0xA5F1, 0xADF4, 0xA573, 0x9512, 0x8CD2, 0x8CD2, 0x94F3, 0x9D53, 0x9D33,
 0x9D33, 0x9D53, 0x9D53, 0x9D33, 0x9D33, 0x9D32, 0x9D32, 0x9D32, 0x9D32, 0x9D32, 0x9D32, 0x9D32, 0x9D32, 0x9D33, 0x94D4, 0x8C73,
 0x8433, 0x8433, 0x8C54, 0x8C53, 0x8C54, 0x9495, 0x9495, 0x8C53, 0x7C13, 0x8453, 0x8D14, 0x8CF4, 0x8453, 0x8433, 0x9CF5, 0xA534,
 0x9511, 0x9511, 0x94D2, 0x8C73, 0x8434, 0x8434, 0x8C54, 0x8434, 0x8434, 0x8434, 0x8C74, 0x8C54, 0x8434, 0x8C54, 0x9494, 0x9493,
 0x8C52, 0x8432, 0x8C52, 0x8412, 0x8432, 0x8C73, 0x9D15, 0xB5B7, 0xD6DB, 0xF7BE, 0xF7BE, 0xDF1D, 0x8CD6, 0x9557, 0xA5B8, 0xAD76,
 0xB596, 0xA4F2, 0x8C0A, 0xAD2F, 0x7D34, 0x6D59, 0x6559, 0x5454, 0x42ED, 0x3A29, 0x3A49, 0x4B2E, 0x5C33, 0x5C12, 0x4B2E, 0x426A,
 0x3A08, 0x39E7, 0x31A6, 0x2945, 0x2104, 0x2104, 0x2104, 0x2104, 0x2104, 0x2984, 0x5AE7, 0x9D2B, 0xC66E, 0xD6AF, 0xCEAF, 0xCEAF,
 0xCE8F, 0xD6AF, 0xDF10, 0xDF30, 0xE730, 0xDF12, 0xD6B4, 0xB5B4, 0x9491, 0x738E, 0x632C, 0x6B4D, 0x6B6D, 0x6B6D, 0x634D, 0x632C,
 0x9E50, 0x962F, 0x9E4F, 0xB6B2, 0xB6B3, 0x9E2F, 0x9E2F, 0xB6D3, 0xB6B3, 0x960F, 0x8DCE, 0x7CEC, 0x63C9, 0x5329, 0x5B6A, 0x740D,
 0x8C90, 0x9D91, 0x9DD0, 0x9DD1, 0xA592, 0x9DB1, 0x9DD0, 0x9DB1, 0xA5B2, 0x9DD1, 0x9DF0, 0xA5B1, 0xA592, 0xA5F2, 0x9CD6, 0x7BF5,
 0x52B2, 0x5292, 0x6B53, 0x7394, 0x7377, 0x73BA, 0x7BD8, 0x7394, 0x4AD3, 0x5517, 0x5DB8, 0x6D77, 0x4B54, 0x5AD5, 0xA519, 0xADD5,
 0x8D6F, 0x854E, 0x84EF, 0x73D4, 0x5AB7, 0x62D7, 0x7396, 0x6B37, 0x5278, 0x5AB8, 0x7396, 0x7396, 0x5AB8, 0x62D7, 0x83F6, 0x7BD3,
 0x52B0, 0x5270, 0x6B32, 0x4A11, 0x4231, 0x6B73, 0x7475, 0x74B6, 0x7494, 0x7432, 0x8CD4, 0xC659, 0xEF7E, 0xEF7E, 0xBE39, 0xB5D7,
 0xC618, 0x9CF3, 0x632A, 0x6BAD, 0x5390, 0x4BF3, 0x4C14, 0x4392, 0x3A8D, 0x31E9, 0x3A29, 0x536F, 0x6D17, 0x6D79, 0x5C74, 0x4B6F,
 0x424A, 0x39E7, 0x31A6, 0x2945, 0x2104, 0x2104, 0x28E5, 0x40C7, 0x58C9, 0x612A, 0x8289, 0xAC8C, 0xCDEE, 0xCE4E, 0xCE6E, 0xCE8E,
 0xD6CF, 0xDF10, 0xE750, 0xE771, 0xE771, 0xE753, 0xD6D6, 0xB5D5, 0x9492, 0x738E, 0x632C, 0x6B4D, 0x6B6D, 0x6B4D, 0x632C, 0x632C,
 0x9E50, 0x962F, 0x9E4F, 0xB6B2, 0xB6B3, 0x9E2F, 0x9E2F, 0xB6D3, 0xB6D3, 0x9E2F, 0x962F, 0x962F, 0x962F, 0x8DAE, 0x7CAD, 0x94F1,
 0xAD55, 0xAD75, 0xAD75, 0xAD75, 0xAD75, 0xAD75, 0xAD75, 0xAD75, 0xAD55, 0xAD74, 0xAD75, 0xAD75, 0xAD75, 0xAD75, 0xAD55, 0xA555,
 0xA535, 0xA535, 0xAD35, 0xAD55, 0xAD55, 0xAD55, 0xAD35, 0xA535, 0xA535, 0xA555, 0xA575, 0xA575, 0xA535, 0xA535, 0xAD75, 0xAD75,
 0xAD74, 0xAD74, 0xAD55, 0xAD35, 0xA535, 0xA535, 0xAD55, 0xA535, 0xA535, 0xA535, 0xAD55, 0xAD55, 0xA535, 0xA535, 0xAD55, 0xAD35,
 0xA535, 0xA515, 0xA535, 0xA515, 0xA515, 0xA535, 0xA555, 0xA555, 0xAD55, 0xA555, 0xA514, 0x94D3, 0xA555, 0xD6BB, 0xF79D, 0xEF7D,
 0xD699, 0x8C92, 0x5BB1, 0x5370, 0x42AC, 0x39E9, 0x31E9, 0x322A, 0x3A6B, 0x42AC, 0x42ED, 0x4B2E, 0x536F, 0x5390, 0x4B2E, 0x42AB,
 0x4249, 0x4208, 0x39E8, 0x31E8, 0x31E8, 0x39C9, 0x596C, 0xA0B2, 0xD037, 0xE038, 0xE897, 0xE936, 0xEA14, 0xE2D2, 0xDBCF, 0xDD4E,
 0xDEAF, 0xE750, 0xEF91, 0xEFB2, 0xEFB3, 0xE775, 0xDEF6, 0xBDD5, 0x9492, 0x738E, 0x632C, 0x6B4D, 0x6B6D, 0x6B6D, 0x634D, 0x632C,
 0x9E50, 0x962F, 0x9E4F, 0xB6B2, 0xB6B3, 0x9E4F, 0x962F, 0xB6D2, 0xB6D3, 0x9E2F, 0x962F, 0x962F, 0x962F, 0x9E4F, 0xAE91, 0xB673,
 0x8D6E, 0x84ED, 0x952F, 0x8D0F, 0x8D0E, 0x8D0F, 0x84CE, 0x74AC, 0x74AC, 0x74AC, 0x74AC, 0x74AC, 0x74AC, 0x7CCE, 0x6B72, 0x4211,
 0x31AF, 0x31AE, 0x318E, 0x31AF, 0x4A53, 0x4A74, 0x31B1, 0x210E, 0x29AF, 0x33D2, 0x2B91, 0x2B11, 0x21AF, 0x39D1, 0x7BF5, 0x8CD1,
 0x644B, 0x5C0A, 0x536A, 0x3A0E, 0x3172, 0x3173, 0x3173, 0x3193, 0x3193, 0x3193, 0x3173, 0x3173, 0x3193, 0x41F3, 0x62F3, 0x7391,
 0x736E, 0x5AEB, 0x62EB, 0x6B4D, 0x7BF0, 0x8C72, 0x8CB3, 0x7453, 0x63F2, 0x5BB2, 0x5370, 0x3AAD, 0x322A, 0x324B, 0x430E, 0x53D2,
 0x5C54, 0x5C96, 0x5CB7, 0x4B92, 0x428C, 0x3A08, 0x4249, 0x532E, 0x6433, 0x6475, 0x6413, 0x53B0, 0x536F, 0x4B4E, 0x430B, 0x3AE9,
 0x3AE9, 0x432B, 0x4B90, 0x53D2, 0x53B2, 0x62F1, 0x89D2, 0xC897, 0xE81A, 0xF01B, 0xF81B, 0xF01B, 0xF83A, 0xF0B9, 0xF214, 0xEC8F,
 0xE690, 0xEF71, 0xEFB2, 0xF7D3, 0xF7B3, 0xE774, 0xD6D5, 0xB5D5, 0x94B2, 0x73AE, 0x6B4D, 0x6B4D, 0x6B6D, 0x6B6D, 0x6B4D, 0x634D,
 0x9E50, 0x962F, 0x9E4F, 0xB6B2, 0xB6B3, 0x9E2F, 0x962F, 0xB6D3, 0xBED4, 0x9E4F, 0x962F, 0x962F, 0x962F, 0x9E4F, 0xA691, 0xB6D3,
 0x9E50, 0x9E50, 0xB6D3, 0xAE92, 0x9E70, 0xB6B3, 0xAE72, 0x960F, 0x8DEE, 0x8DEE, 0x8DCE, 0x8DCE, 0x8DEE, 0x9E10, 0x7BF8, 0x39F6,
 0x31D6, 0x31B5, 0x39D6, 0x2975, 0x4239, 0x529B, 0x39F8, 0x1092, 0x08F2, 0x1C56, 0x24F7, 0x12F4, 0x00F1, 0x2975, 0x9CDC, 0xAE34,
 0x754C, 0x64EB, 0x53EA, 0x29D1, 0x18B7, 0x20D8, 0x20D9, 0x20D9, 0x20F9, 0x20F9, 0x20F9, 0x20F9, 0x2919, 0x39B9, 0x6B38, 0x8C55,
 0x8C52, 0x8410, 0x9CF3, 0xBDD7, 0xCE79, 0xCEBA, 0xB619, 0x84F7, 0x6477, 0x5437, 0x4BB5, 0x2AB0, 0x19AB, 0x118B, 0x1A4E, 0x3B73,
 0x5497, 0x5C97, 0x53D2, 0x42CD, 0x3A2A, 0x31EA, 0x322D, 0x3AD2, 0x4396, 0x4BD6, 0x5436, 0x64F7, 0x6538, 0x5CD6, 0x4C30, 0x3BAC,
 0x3368, 0x3B89, 0x442E, 0x5494, 0x5C35, 0x72F4, 0xA956, 0xE059, 0xF01B, 0xF01B, 0xF81B, 0xF81B, 0xF83A, 0xF137, 0xEAF2, 0xED8F,
 0xEF10, 0xEF92, 0xF7D3, 0xF7D3, 0xEF92, 0xE733, 0xD6D5, 0xC636, 0xAD75, 0x94D2, 0x8C92, 0x9492, 0x94B2, 0x94B2, 0x9492, 0x8C92,
 0x9E50, 0x962F, 0x9E4F, 0xB6B2, 0xB6B3, 0x9E2F, 0x962F, 0xB6D2, 0xBED4, 0x9E4F, 0x964F, 0x962F, 0x962F, 0x964F, 0xAE91, 0xBED3,
 0x9E50, 0x9E70, 0xBED3, 0xAE92, 0x9E50, 0xB6D3, 0xAE92, 0x9E4F, 0x962F, 0x960E, 0x8DEE, 0x8DEE, 0x8DEE, 0x9E31, 0x73F7, 0x2974,
 0x18D1, 0x18D1, 0x18F1, 0x18F1, 0x4218, 0x52BB, 0x4A7A, 0x20F5, 0x08F2, 0x1C16, 0x24B7, 0x12B4, 0x00D1, 0x2975, 0x9CDC, 0xAE34,
 0x754C, 0x650B, 0x540A, 0x29B0, 0x18B7, 0x20D8, 0x20D9, 0x20D9, 0x20D9, 0x20D9, 0x20D9, 0x20D9, 0x28F9, 0x39B9, 0x6B38, 0x8C56,
 0x8C52, 0x8C30, 0xA513, 0xC638, 0xD6DB, 0xCEBB, 0xA5D9, 0x74F8, 0x64B9, 0x5CB9, 0x5478, 0x3B53, 0x1A2E, 0x118C, 0x19ED, 0x2A8F,
 0x4B72, 0x5BF2, 0x5391, 0x42CF, 0x2A2F, 0x19D1, 0x11F5, 0x1277, 0x2B18, 0x3BB8, 0x4C57, 0x5493, 0x444E, 0x3BEB, 0x33A9, 0x3388,
 0x3387, 0x33A8, 0x442B, 0x5CD3, 0x7497, 0xA2FA, 0xD91A, 0xF03B, 0xF81B, 0xF81B, 0xF81B, 0xF81B, 0xF099, 0xF273, 0xEC8F, 0xEE90,
 0xEF92, 0xF7D3, 0xF7D3, 0xEFB2, 0xEF92, 0xE753, 0xDEF6, 0xC637, 0xB5B6, 0xAD75, 0xAD55, 0xAD55, 0xAD55, 0xAD55, 0xAD55, 0xAD55,
 0x9E30, 0x962F, 0x9E4F, 0xB6B2, 0xB6B3, 0x9E4F, 0x9E2F, 0xB6D2, 0xB6B3, 0x9E4F, 0x964F, 0x962F, 0x962F, 0x962F, 0xA691, 0xB6D3,
 0x9E50, 0x9E50, 0xB6D3, 0xAE92, 0x9E4F, 0xB6D3, 0xAE92, 0x9E4F, 0x962F, 0x962F, 0x962F, 0x960E, 0x960E, 0x9E11, 0x7BF8, 0x39F6,
 0x31D6, 0x31B6, 0x39F7, 0x2995, 0x4239, 0x52BB, 0x52BB, 0x31D8, 0x10B3, 0x0071, 0x0851, 0x1092, 0x2115, 0x4238, 0x9CFC, 0xAE34,
 0x754C, 0x650B, 0x540A, 0x29B0, 0x18B6, 0x18B7, 0x20D8, 0x20D9, 0x20D9, 0x20D9, 0x20D9, 0x20D9, 0x28F9, 0x3999, 0x6B39, 0x8C77,
 0x8494, 0x7412, 0x7432, 0x9515, 0xB5F8, 0xBE18, 0x9D56, 0x7CB5, 0x6C96, 0x6477, 0x5C15, 0x4331, 0x328E, 0x3A6D, 0x42AD, 0x4ACD,
 0x5B2D, 0x636E, 0x6390, 0x5352, 0x4313, 0x3294, 0x2255, 0x1A57, 0x22B7, 0x3B35, 0x4B94, 0x4BB1, 0x436D, 0x3B49, 0x3347, 0x3347,
 0x3327, 0x3328, 0x438C, 0x63B2, 0x8B16, 0xC199, 0xE87A, 0xF01B, 0xF01B, 0xF81B, 0xF81B, 0xF85A, 0xF1B6, 0xEC30, 0xEE0F, 0xEF51,
 0xF7B2, 0xF7D3, 0xEFB2, 0xEFB2, 0xEFB3, 0xE774, 0xCE75, 0x9CD1, 0x73AE, 0x632C, 0x5AEB, 0x52CB, 0x528A, 0x4A8A, 0x4A49, 0x4228,
 0x95EF, 0x8DCE, 0x95EE, 0xAE72, 0xB693, 0x962F, 0x9E4F, 0xB6B2, 0xBED4, 0xA671, 0x9E50, 0x962F, 0x962F, 0x962F, 0xAE91, 0xBED3,
 0x9E50, 0x9E70, 0xB6D3, 0xAE92, 0x9E50, 0xB6D3, 0xAE92, 0x9E4F, 0x962F, 0x962F, 0x9E4F, 0x962F, 0x962F, 0xA631, 0x7BF8, 0x2974,
 0x18F1, 0x18D1, 0x18F1, 0x18F1, 0x4218, 0x529B, 0x52BB, 0x529B, 0x4A7A, 0x4239, 0x4A5A, 0x529B, 0x52BB, 0x5B1B, 0x9CFC, 0xAE34,
 0x754C, 0x64EB, 0x53EA, 0x29B0, 0x1896, 0x18B7, 0x20D8, 0x20D9, 0x20D9, 0x20D9, 0x20D9, 0x20D9, 0x20F9, 0x39B9, 0x6B59, 0x9D19,
 0xADB9, 0xA5D9, 0xADD9, 0xB5F8, 0xBE18, 0xC618, 0xBDF7, 0xB5D7, 0xB5D7, 0xADB7, 0xAD96, 0xA576, 0xA576, 0xAD96, 0xB5B6, 0xB5B6,
 0xB5B6, 0xB5B7, 0xB5D7, 0xA5D8, 0x9DB9, 0x8D58, 0x7498, 0x5BF7, 0x6416, 0x84D6, 0x9D36, 0x9CF4, 0x84B3, 0x7C50, 0x740F, 0x6BEE,
 0x638D, 0x5B4D, 0x5B4E, 0x5AEE, 0x622D, 0x714E, 0x88AF, 0xA072, 0xB854, 0xC836, 0xD877, 0xE975, 0xEB91, 0xE5EF, 0xEF10, 0xEF92,
 0xEFB2, 0xEF92, 0xEFB2, 0xEFB3, 0xF7B4, 0xE775, 0xC696, 0x9555, 0x7473, 0x63B0, 0x5B2D, 0x5A8A, 0x49E7, 0x3186, 0x1925, 0x10E5,
 0x960F, 0x8DCE, 0x8DEE, 0xAE72, 0xAE72, 0x8DCE, 0x8DEE, 0x960F, 0x9E50, 0xAE92, 0xB6D3, 0xB6B3, 0xAE71, 0xA670, 0xAE91, 0xBED3,
 0x9E50, 0xA670, 0xBED3, 0xAE92, 0x9E70, 0xB6D3, 0xAE92, 0x9E4F, 0x9E4F, 0x9E4F, 0x9E4F, 0x962F, 0x962F, 0xA651, 0x7C18, 0x4238,
 0x2974, 0x2153, 0x2153, 0x2995, 0x4218, 0x4217, 0x4A59, 0x4239, 0x31D6, 0x4218, 0x2136, 0x2956, 0x4A5A, 0x5B1B, 0x9CFC, 0xAE34,
 0x754C, 0x64EB, 0x53EA, 0x29B0, 0x1896, 0x18B6, 0x18B7, 0x20D9, 0x20D9, 0x20F9, 0x20F9, 0x20F9, 0x28F9, 0x39B9, 0x6B39, 0x9CD8,
 0xA536, 0x9D14, 0x9CF3, 0xA514, 0xA514, 0x9CF3, 0x9CF3, 0xA514, 0xA514, 0x9CF3, 0x9CF3, 0xA514, 0xA534, 0xA514, 0x9CF3, 0xA514,
 0xA534, 0xA514, 0x9CF3, 0xA514, 0xA534, 0x9D14, 0x94D3, 0x8CB3, 0x94F3, 0x9CD3, 0x9492, 0x8C71, 0x8C51, 0x7BEF, 0x6B4D, 0x5ACB,
 0x4A69, 0x4228, 0x39E7, 0x31A6, 0x2965, 0x2124, 0x2904, 0x28E5, 0x30E6, 0x4927, 0x7A69, 0xB46C, 0xDE2F, 0xE730, 0xEF71, 0xEFB2,
 0xEF92, 0xE772, 0xEFB2, 0xF7D3, 0xF7D4, 0xE754, 0xC634, 0x8C50, 0x6B0C, 0x72CB, 0x932C, 0xB3AD, 0x9B4C, 0x6A8B, 0x29CA, 0x19AB,
 0x95EF, 0x8DCE, 0x8DEE, 0xAE72, 0xAE72, 0x8DCE, 0x8DCE, 0x8DCE, 0x8DEE, 0x8DEE, 0x962F, 0xA670, 0xB6B2, 0xB6D3, 0xBED4, 0xBED4,
 0x9E50, 0xA670, 0xBED3, 0xAE92, 0x9E70, 0xB6D3, 0xAE92, 0x9E4F, 0x9E4F, 0x9E4F, 0x9E2F, 0x962F, 0x962F, 0xA631, 0x73F8, 0x39F6,
 0x10D1, 0x086E, 0x10AF, 0x2974, 0x39D7, 0x108E, 0x1910, 0x2974, 0x1090, 0x2954, 0x2114, 0x0872, 0x31B7, 0x5AFB, 0x9CFC, 0xAE54,
 0x756C, 0x650B, 0x540A, 0x29B0, 0x1896, 0x1896, 0x18B7, 0x20D8, 0x20D9, 0x20F9, 0x20F9, 0x20F9, 0x28F9, 0x39B9, 0x6B59, 0xA518,
 0xAD77, 0xAD35, 0xA514, 0xAD75, 0xAD75, 0xAD55, 0xA514, 0xAD55, 0xAD75, 0xA534, 0xA534, 0xAD55, 0xB596, 0xAD55, 0xA534, 0xAD55,
 0xB596, 0xAD75, 0xA534, 0xAD75, 0xB596, 0xAD75, 0xA534, 0xAD55, 0xB596, 0xA534, 0x94B2, 0x8C71, 0x8C71, 0x7BEF, 0x5AEB, 0x4A69,
 0x39E7, 0x3186, 0x2945, 0x2104, 0x2104, 0x2104, 0x2104, 0x2104, 0x2104, 0x3184, 0x6307, 0xAD6C, 0xD6F0, 0xE771, 0xEF91, 0xEF92,
 0xE771, 0xE772, 0xF7B3, 0xF7F4, 0xF7D4, 0xE754, 0xCE13, 0xA40D, 0x9AEA, 0xAAEA, 0xC38C, 0xD3EE, 0xBBCE, 0x834E, 0x5331, 0x4373,
 0x960F, 0x8DCE, 0x960E, 0xAE72, 0xAE72, 0x8DEE, 0x8DEE, 0x8DEE, 0x8DCE, 0x8DCE, 0x8DCE, 0x8DCE, 0x8DEE, 0x960F, 0x9E50, 0x9E70,
 0x9E4F, 0xA670, 0xB6D3, 0xAE92, 0x9E70, 0xB6D3, 0xAE92, 0x9E4F, 0x9E4F, 0x9E4F, 0x9E4F, 0x962F, 0x962F, 0xA631, 0x7C18, 0x39F7,
 0x2112, 0x18F1, 0x1912, 0x2994, 0x4A39, 0x2994, 0x10AE, 0x088E, 0x10B0, 0x18F2, 0x2113, 0x2115, 0x39D8, 0x5AFB, 0x9CFC, 0xAE34,
 0x754C, 0x650B, 0x540A, 0x29D0, 0x1896, 0x1896, 0x18B6, 0x18B8, 0x20D9, 0x20D9, 0x20F9, 0x20F9, 0x28F9, 0x3999, 0x6B59, 0xA539,
 0xB5D8, 0xB596, 0xB576, 0xBDD7, 0xBDD7, 0xB596, 0xAD75, 0xB5B6, 0xBDD7, 0xB596, 0xAD75, 0xB5B6, 0xBDD7, 0xB596, 0xAD75, 0xB5B6,
 0xBDD7, 0xB5B6, 0xAD75, 0xB5B6, 0xBDD7, 0xB5B6, 0xAD75, 0xB596, 0xBDD7, 0xAD75, 0x9CF3, 0x94B2, 0x94B2, 0x8410, 0x630C, 0x4A69,
 0x39E7, 0x3186, 0x2945, 0x2104, 0x2104, 0x2104, 0x2104, 0x2104, 0x2104, 0x2984, 0x6327, 0xAD8C, 0xD6F0, 0xE771, 0xE771, 0xE771,
 0xE751, 0xEF92, 0xF7D4, 0xF7F4, 0xF7D4, 0xE754, 0xCE13, 0xA40E, 0x930A, 0x9AEA, 0xAB4C, 0xC3CD, 0xC3CE, 0x938F, 0x6392, 0x5436,
 0x95EF, 0x8DCE, 0x960F, 0xAE72, 0xAE72, 0x8DEE, 0x8DCE, 0x8DEE, 0x8DEE, 0x8DEE, 0x8DEE, 0x8DEE, 0x8DEE, 0x8DCE, 0x8DCE, 0x8DEE,
 0x8E0E, 0x9E50, 0xB6D3, 0xAE92, 0x9E50, 0xB6D3, 0xAE92, 0x9E4F, 0x962F, 0x9E4F, 0x9E4F, 0x962F, 0x962F, 0xA651, 0x7C18, 0x4238,
 0x2974, 0x2974, 0x39D7, 0x31B6, 0x4A5A, 0x4A59, 0x4218, 0x4218, 0x4218, 0x39F8, 0x31D7, 0x39F8, 0x423A, 0x5AFB, 0x9CFC, 0xAE34,
 0x754C, 0x650B, 0x540A, 0x29D0, 0x1896, 0x1896, 0x18B6, 0x18B7, 0x20D8, 0x20D9, 0x20D9, 0x20D9, 0x28F9, 0x39B9, 0x6B59, 0xA539,
 0xBDD8, 0xB596, 0xB576, 0xBDD7, 0xBDD7, 0xB5B6, 0xAD75, 0xB5B6, 0xBDD7, 0xB5B6, 0xAD75, 0xB5B6, 0xBDF7, 0xB5B6, 0xAD75, 0xB5B6,
 0xBDF7, 0xB5B6, 0xAD75, 0xB5B6, 0xBDD7, 0xB5B6, 0xAD75, 0xB596, 0xBDD7, 0xAD75, 0x9CF3, 0x94B2, 0x94B2, 0x8410, 0x630C, 0x4A69,
 0x39E7, 0x3186, 0x2945, 0x2104, 0x2104, 0x2104, 0x2104, 0x2104, 0x2104, 0x2984, 0x6327, 0xAD8C, 0xD6F0, 0xE771, 0xE751, 0xE751,
 0xE751, 0xF7B3, 0xF7F4, 0xF7F4, 0xF7D4, 0xE755, 0xC675, 0x8CF3, 0x6C12, 0x5B70, 0x632E, 0x72EC, 0x7289, 0x5208, 0x31C8, 0x2A2A,
 0x95EF, 0x8DEE, 0x95EE, 0xAE72, 0xB692, 0x8DEE, 0x8DCE, 0x8DCE, 0x8DCE, 0x8DEE, 0x8DEE, 0x8DEE, 0x8DEE, 0x8DEE, 0x8DCE, 0x8DCE,
 0x8DCE, 0x960F, 0xB6B3, 0xAE71, 0x9E2F, 0xB6B3, 0xAE92, 0x9E4F, 0x962F, 0x964F, 0x9E4F, 0x962F, 0x962F, 0xA631, 0x73F7, 0x29B4,
 0x2974, 0x2974, 0x20F2, 0x18F1, 0x4218, 0x39F6, 0x2111, 0x1910, 0x18F1, 0x1912, 0x2134, 0x2956, 0x39D8, 0x5AFB, 0x9CFC, 0xAE35,
 0x756C, 0x652B, 0x540B, 0x29D1, 0x1896, 0x1896, 0x1896, 0x18B7, 0x20D8, 0x20D9, 0x20D9, 0x20D9, 0x28F9, 0x39B9, 0x7359, 0xA539,
 0xBDD8, 0xB596, 0xAD76, 0xB5D6, 0xBDD7, 0xB5B6, 0xAD75, 0xB5B6, 0xBDD7, 0xB5B6, 0xAD75, 0xB5B6, 0xBDD7, 0xB5B6, 0xAD75, 0xB596,
 0xBDD7, 0xB5B6, 0xAD75, 0xB5B6, 0xBDD7, 0xB5B6, 0xAD75, 0xB596, 0xBDD7, 0xAD55, 0x9CF3, 0x94B2, 0x94B2, 0x8410, 0x630C, 0x4A69,
 0x39E7, 0x3186, 0x2945, 0x2104, 0x2124, 0x3186, 0x39E7, 0x39C7, 0x2965, 0x31A4, 0x6327, 0xAD8C, 0xD6F0, 0xE750, 0xDF30, 0xDF31,
 0xEF72, 0xF7D3, 0xF7F4, 0xF7F4, 0xF7D4, 0xE775, 0xBE54, 0x8470, 0x5B2D, 0x4AAB, 0x4A8A, 0x39E7, 0x2945, 0x2104, 0x1903, 0x2124,
 0x95EF, 0x8DCE, 0x95EE, 0xAE72, 0xAE72, 0x8DEE, 0x8DCE, 0x8DCE, 0x8DCE, 0x8DEE, 0x8DEE, 0x8DEE, 0x8DCE, 0x8DCE, 0x8DCE, 0x8DCE,
 0x8DCE, 0x960F, 0xB693, 0xA651, 0x95EF, 0xAE92, 0xAE72, 0x962F, 0x962F, 0x962F, 0x962F, 0x962F, 0x962F, 0xA651, 0x7C18, 0x52BA,
 0x527A, 0x529B, 0x529B, 0x52BB, 0x52BB, 0x3A17, 0x1910, 0x10CE, 0x18F1, 0x2154, 0x2134, 0x2976, 0x4239, 0x5AFB, 0x9CFC, 0xAE35,
 0x756C, 0x652B, 0x540A, 0x29B0, 0x1896, 0x1896, 0x1896, 0x1896, 0x20B7, 0x20D8, 0x20D9, 0x20F9, 0x28F9, 0x3999, 0x7359, 0xA539,
 0xBDD8, 0xB596, 0xAD76, 0xBDD7, 0xBDD7, 0xB5B6, 0xAD75, 0xB5B6, 0xBDD7, 0xB5B6, 0xAD75, 0xB5B6, 0xBDF7, 0xB5B6, 0xAD75, 0xB5B6,
 0xBDF7, 0xB5B6, 0xAD75, 0xB5B6, 0xBDD7, 0xB5B6, 0xAD75, 0xB596, 0xBDD7, 0xAD75, 0x9CF3, 0x94B2, 0x94B2, 0x8410, 0x630C, 0x4A69,
 0x39E7, 0x3186, 0x2945, 0x2124, 0x2965, 0x4A69, 0x6B6D, 0x5AEB, 0x39C6, 0x31A5, 0x6327, 0xAD8C, 0xD6F0, 0xDF30, 0xDF10, 0xDF30,
 0xEF92, 0xF7D4, 0xF7F4, 0xF7F4, 0xF7D4, 0xE774, 0xC613, 0x7BED, 0x4A89, 0x4A69, 0x52AA, 0x39E7, 0x2124, 0x1903, 0x18E3, 0x2124,
 0x95EF, 0x8DCE, 0x8DEE, 0xAE72, 0xAE72, 0x8DCE, 0x8DCE, 0x8DCE, 0x8DCE, 0x8DCE, 0x8DEE, 0x8DEE, 0x8DCE, 0x8DCE, 0x8DCE, 0x8DCE,
 0x8DCE, 0x960F, 0xB693, 0xA651, 0x960F, 0xAE92, 0xA651, 0x95EE, 0x8DEE, 0x8E0E, 0x960E, 0x962F, 0x962F, 0xA651, 0x7C18, 0x5ADB,
 0x52BB, 0x52BB, 0x52BB, 0x529B, 0x527A, 0x2951, 0x088B, 0x18F0, 0x10D0, 0x1091, 0x2114, 0x1093, 0x2135, 0x5ADB, 0x9CFC, 0xAE35,
 0x756C, 0x650B, 0x53EA, 0x298F, 0x1895, 0x1896, 0x1896, 0x1896, 0x18B7, 0x20D8, 0x20D9, 0x20D9, 0x28F9, 0x3999, 0x7359, 0xAD39,
 0xBDD8, 0xB596, 0xB576, 0xBDD7, 0xBDD7, 0xB5B6, 0xAD75, 0xBDD7, 0xBDF7, 0xB5B6, 0xAD75, 0xB5B6, 0xBDF7, 0xB5B6, 0xAD75, 0xB5B6,
 0xBDF7, 0xB5B6, 0xAD75, 0xB5B6, 0xBDF7, 0xB5B6, 0xAD75, 0xB596, 0xBDD7, 0xAD75, 0x9CF3, 0x94B2, 0x94B2, 0x8410, 0x630C, 0x4A69,
 0x39E7, 0x3186, 0x2945, 0x2124, 0x2965, 0x4A89, 0x73AE, 0x630C, 0x39C6, 0x31A5, 0x6327, 0xAD8C, 0xD6F0, 0xDF30, 0xDF10, 0xDF30,
 0xEF92, 0xF7D3, 0xF7F4, 0xF7F4, 0xF7D4, 0xE774, 0xC613, 0x7BED, 0x4A89, 0x4A69, 0x52AA, 0x39E7, 0x2124, 0x2104, 0x18E3, 0x2124,
 0x95EF, 0x8DCE, 0x95EE, 0xAE92, 0xB693, 0x95EE, 0x8DEE, 0x8DCE, 0x8DCE, 0x8DCE, 0x8DCE, 0x8DCE, 0x8DCE, 0x8DCE, 0x8DCE, 0x8DCE,
 0x8DCE, 0x95EF, 0xB693, 0xA651, 0x960F, 0xAE92, 0xA651, 0x95EE, 0x8DCE, 0x8DCE, 0x8DEE, 0x8DEE, 0x8DEE, 0x9E11, 0x7C18, 0x5ADB,
 0x529B, 0x529B, 0x39F7, 0x2131, 0x20F1, 0x18CF, 0x10AD, 0x10CE, 0x10CF, 0x10B0, 0x18D2, 0x10D3, 0x2977, 0x5ADB, 0x9CFC, 0xAE35,
 0x756C, 0x650B, 0x540A, 0x218F, 0x1074, 0x1095, 0x1896, 0x18B6, 0x18B6, 0x18B7, 0x20D8, 0x20D9, 0x28F9, 0x3999, 0x7359, 0xA539,
 0xBDD8, 0xB596, 0xB576, 0xB5D6, 0xBDD7, 0xB5B6, 0xAD75, 0xB5B6, 0xBDD7, 0xB5B6, 0xAD75, 0xB5B6, 0xBDD7, 0xB5B6, 0xAD75, 0xB5B6,
 0xBDD7, 0xB5B6, 0xAD75, 0xB5B6, 0xBDF7, 0xB5B6, 0xAD75, 0xB596, 0xBDD7, 0xAD75, 0x9CD3, 0x94B2, 0x94B2, 0x8410, 0x630C, 0x4A69,
 0x39E7, 0x3186, 0x2945, 0x2124, 0x2965, 0x4A69, 0x738E, 0x5B0B, 0x39C6, 0x31A5, 0x6307, 0xAD6C, 0xD6EF, 0xDF30, 0xDF10, 0xDF30,
 0xEF92, 0xF7D4, 0xF7F4, 0xF7F4, 0xF7D4, 0xE774, 0xC613, 0x7BCD, 0x4A89, 0x4A69, 0x528A, 0x39E7, 0x2144, 0x2104, 0x18E3, 0x2124,
 0x9E2F, 0x8DEE, 0x95EE, 0xA671, 0xB693, 0xA651, 0x960F, 0x8DEE, 0x8DEE, 0x8DCE, 0x8DEE, 0x8DEE, 0x8DEE, 0x8DEE, 0x8DEE, 0x8DEE,
 0x8DEE, 0x960F, 0xB692, 0xA651, 0x960F, 0xAE92, 0xA651, 0x8DEE, 0x8DCE, 0x8DCE, 0x8DEE, 0x8DCE, 0x8DCE, 0x9E10, 0x7C18, 0x52BA,
 0x39F7, 0x2994, 0x2151, 0x2151, 0x2130, 0x18F0, 0x18F0, 0x1911, 0x1912, 0x10D1, 0x2135, 0x2156, 0x39F8, 0x5AFB, 0x9CFC, 0xAE35,
 0x756C, 0x650B, 0x542B, 0x31D2, 0x18B6, 0x1095, 0x1095, 0x1096, 0x18B7, 0x18B7, 0x18B8, 0x20D8, 0x20F9, 0x39B9, 0x7359, 0xA539,
 0xBDD8, 0xB596, 0xAD76, 0xBDD7, 0xBDD7, 0xB5B6, 0xAD75, 0xB5B6, 0xBDD7, 0xB5B6, 0xAD75, 0xB5B6, 0xBDF7, 0xB5B6, 0xAD75, 0xB5B6,
 0xBDD7, 0xB5B6, 0xAD75, 0xB5B6, 0xBDD7, 0xB5B6, 0xAD75, 0xB596, 0xBDD7, 0xAD75, 0x9CF3, 0x94B2, 0x94B2, 0x8410, 0x630C, 0x4A69,
 0x39E7, 0x3186, 0x2945, 0x2104, 0x2124, 0x31A6, 0x4249, 0x3A08, 0x2965, 0x3184, 0x6307, 0xA56C, 0xD6EF, 0xDF30, 0xDF10, 0xDF10,
 0xEF92, 0xF7D4, 0xF7F4, 0xF7F4, 0xF7D4, 0xE754, 0xC613, 0x7BCD, 0x4A69, 0x4228, 0x4228, 0x31A6, 0x2124, 0x18E3, 0x18E3, 0x2124,
 0x9E50, 0x962F, 0x962F, 0x964F, 0x9E50, 0xA671, 0xAE92, 0xB692, 0xAE52, 0x9E30, 0x960F, 0x8DEE, 0x8DEE, 0x8DEE, 0x8DEE, 0x8DEE,
 0x8DEE, 0x960F, 0xB6B3, 0xA651, 0x95EF, 0xAE72, 0xA651, 0x95EE, 0x8DEE, 0x8DEE, 0x8DEE, 0x8DEE, 0x8DEE, 0x9DF0, 0x7C18, 0x5ABB,
 0x4A59, 0x4218, 0x39F7, 0x3A16, 0x31D5, 0x2953, 0x2952, 0x2111, 0x086F, 0x004F, 0x0871, 0x18F4, 0x31B8, 0x5AFB, 0x9CFC, 0xAE35,
 0x756C, 0x650B, 0x542B, 0x31F3, 0x20D8, 0x20B8, 0x1896, 0x1896, 0x1896, 0x18B7, 0x18B7, 0x20D8, 0x20F8, 0x39B9, 0x7359, 0xAD39,
 0xBDD8, 0xB596, 0xAD76, 0xBDD6, 0xBDD7, 0xB5B6, 0xAD75, 0xB5B6, 0xBDD7, 0xB596, 0xAD75, 0xB5B6, 0xBDD7, 0xB5B6, 0xAD75, 0xB5B6,
 0xBDD7, 0xB5B6, 0xAD75, 0xB5B6, 0xBDD7, 0xB5B6, 0xAD75, 0xB596, 0xBDD7, 0xAD55, 0x9CF3, 0x94B2, 0x94B2, 0x8410, 0x630C, 0x4A69,
 0x39E7, 0x3186, 0x2945, 0x2104, 0x2104, 0x2104, 0x2104, 0x2104, 0x2104, 0x2984, 0x5B07, 0xA54C, 0xD6CF, 0xDF50, 0xDF30, 0xDF30,
 0xEF92, 0xF7D3, 0xF7F4, 0xF7F4, 0xF7D4, 0xE754, 0xC613, 0x7BCD, 0x4228, 0x2965, 0x2945, 0x2124, 0x1903, 0x18E3, 0x18E3, 0x2104,
 0x9E50, 0x962F, 0x962F, 0x962F, 0x962F, 0x962F, 0x962F, 0xA650, 0xB6B3, 0xB693, 0xB692, 0xAE92, 0xA651, 0x9E10, 0x8DEE, 0x8DCE,
 0x8DEE, 0x9E2F, 0xB6B3, 0xA651, 0x960F, 0xAE92, 0xA651, 0x8DEE, 0x8DCE, 0x8DEE, 0x8DEE, 0x8DEE, 0x8DEE, 0x9E11, 0x7C18, 0x5ADB,
 0x52BB, 0x52BB, 0x52BB, 0x52BB, 0x529A, 0x39D7, 0x2132, 0x10AE, 0x006D, 0x10D1, 0x3196, 0x4239, 0x529A, 0x5AFB, 0x9CFC, 0xAE35,
 0x756C, 0x650B, 0x542B, 0x31F3, 0x20F9, 0x20D9, 0x20D9, 0x18B8, 0x18B7, 0x1896, 0x18B7, 0x18B7, 0x20F8, 0x39B9, 0x6B59, 0xAD39,
 0xB5D8, 0xB596, 0xB576, 0xBDD6, 0xBDD7, 0xB5B6, 0xAD75, 0xB5B6, 0xBDD7, 0xB5B6, 0xAD75, 0xB5B6, 0xBDF7, 0xB5B6, 0xAD75, 0xB5B6,
 0xBDF7, 0xB5B6, 0xAD75, 0xB5B6, 0xBDD7, 0xB5B6, 0xAD75, 0xB596, 0xBDD7, 0xAD75, 0x9CF3, 0x94B2, 0x94B2, 0x8410, 0x630C, 0x4A69,
 0x39E7, 0x3186, 0x2945, 0x2104, 0x2104, 0x2104, 0x2104, 0x2104, 0x2104, 0x2964, 0x5AE7, 0xA52B, 0xD6CF, 0xE750, 0xDF30, 0xE751,
 0xEF92, 0xF7D4, 0xF7F4, 0xF7F4, 0xF7D4, 0xE754, 0xC613, 0x7BCD, 0x4228, 0x2965, 0x2124, 0x2104, 0x1903, 0x18E3, 0x18E3, 0x18E3,
 0x9E50, 0x962F, 0x962F, 0x962F, 0x964F, 0x9E2F, 0x962F, 0x9E4F, 0xAE92, 0xB6B2, 0x9E30, 0x9E50, 0xAE72, 0xB6B3, 0xB693, 0xA651,
 0x9E30, 0x9E30, 0xB6B3, 0xA651, 0x960F, 0xAE92, 0xA651, 0x95EE, 0x8DCE, 0x8DCE, 0x8DEE, 0x8DEE, 0x8DEE, 0x9E11, 0x7C18, 0x5ADB,
 0x52BB, 0x52BB, 0x52BB, 0x52BB, 0x52BB, 0x39F7, 0x2972, 0x1911, 0x10AF, 0x086F, 0x0050, 0x0892, 0x2977, 0x5ADB, 0x9CFC, 0xAE35,
 0x754C, 0x650B, 0x542B, 0x31F2, 0x20D8, 0x20D8, 0x20D9, 0x20D9, 0x20D8, 0x18B7, 0x18B7, 0x18B7, 0x20D8, 0x3198, 0x6B59, 0xA539,
 0xB5D8, 0xB596, 0xAD75, 0xB5B6, 0xBDD7, 0xB596, 0xAD75, 0xB5B6, 0xBDD7, 0xB596, 0xAD75, 0xB5B6, 0xBDD7, 0xB596, 0xAD75, 0xB596,
 0xBDD7, 0xB596, 0xAD75, 0xB5B6, 0xBDD7, 0xB5B6, 0xAD75, 0xB596, 0xB5B6, 0xAD55, 0x9CD3, 0x9492, 0x94B2, 0x8410, 0x630C, 0x4A69,
 0x39E7, 0x3186, 0x2945, 0x2104, 0x2104, 0x2104, 0x2104, 0x2104, 0x2104, 0x2964, 0x5AC6, 0x9D0B, 0xCEAF, 0xE750, 0xE730, 0xE771,
 0xEFB2, 0xF7D4, 0xF7F4, 0xF7F4, 0xF7D4, 0xE754, 0xC613, 0x7BCD, 0x4228, 0x2965, 0x2124, 0x2124, 0x1903, 0x18E3, 0x18E3, 0x18E3,
 0x9E50, 0x962F, 0x962F, 0x962F, 0x962F, 0x962F, 0x962F, 0x9E4F, 0xA670, 0xB6D3, 0xA671, 0x962F, 0xA671, 0xB6D3, 0xB6B3, 0xAE71,
 0xAE92, 0xB6B3, 0xB6B3, 0xA651, 0x960F, 0xAE92, 0xA671, 0x960F, 0x8DEE, 0x8DEE, 0x8DEE, 0x8DCE, 0x8DEE, 0x9E10, 0x7C18, 0x5ADB,
 0x52BB, 0x52BB, 0x52BB, 0x52BB, 0x52BB, 0x4A59, 0x39F7, 0x31B6, 0x2133, 0x3195, 0x31B7, 0x39F8, 0x4239, 0x5AFB, 0x9CFC, 0xAE35,
 0x756C, 0x650B, 0x540A, 0x29AF, 0x1895, 0x18B6, 0x18D7, 0x20D7, 0x20F8, 0x20F8, 0x20F8, 0x20F8, 0x20F8, 0x39B8, 0x6B58, 0x9CF8,
 0xA556, 0x9D14, 0x9CF3, 0xA514, 0xA4F4, 0xA4D4, 0xA4D3, 0x9CF4, 0x9D14, 0x94D3, 0x94D3, 0x94F4, 0x9D14, 0x94D3, 0x94D3, 0x9CF4,
 0xA534, 0xA514, 0x9CF3, 0xA514, 0xA534, 0xA534, 0x9CF3, 0xA514, 0xA534, 0x9CF3, 0x8C91, 0x8C51, 0x8C51, 0x7BCF, 0x630C, 0x528A,
 0x4229, 0x39E8, 0x31A7, 0x2965, 0x2145, 0x2124, 0x2104, 0x2104, 0x2104, 0x2964, 0x5AC6, 0x9CEB, 0xCE8F, 0xDF30, 0xE751, 0xE791,
 0xF7D3, 0xF7F4, 0xF7F4, 0xF7F4, 0xF7D4, 0xE754, 0xBE13, 0x7BCD, 0x4228, 0x2965, 0x2124, 0x2124, 0x1903, 0x18E3, 0x18E3, 0x18E3,
 0xA650, 0x9E2F, 0x962F, 0x962F, 0x962F, 0x9E2F, 0x962F, 0x9E2F, 0x9E4F, 0xAE91, 0xB6B2, 0xAE91, 0xB6B3, 0xBED4, 0xAE91, 0x9E2F,
 0x964F, 0x9E2F, 0x9E2F, 0x960F, 0x962F, 0xAE92, 0xA651, 0x8DEE, 0x8DEE, 0x8DCE, 0x8DEE, 0x8DCE, 0x8DEE, 0x9E10, 0x7C18, 0x5ADB,
 0x52BB, 0x52BB, 0x52BB, 0x52BB, 0x529B, 0x31D6, 0x18EF, 0x10AE, 0x18F1, 0x18D2, 0x1092, 0x2135, 0x4239, 0x5AFB, 0x9CFC, 0xAE35,
 0x758C, 0x6D2B, 0x64CB, 0x4B8C, 0x4AF0, 0x6334, 0x6B55, 0x6B56, 0x6B76, 0x6B76, 0x7397, 0x7397, 0x7397, 0x7BF7, 0x9CF8, 0xB5D9,
 0xADF9, 0x9DD9, 0x9578, 0x94F7, 0xAC57, 0xBC17, 0xB457, 0x9C96, 0x7CD6, 0x74F7, 0x74F7, 0x6CB6, 0x5C13, 0x4B91, 0x53D2, 0x6C74,
 0x9D56, 0xB5B7, 0xB5B7, 0xB5B7, 0xB5D7, 0xBDD7, 0xBDD7, 0xB5B6, 0xAD96, 0x9D35, 0x9515, 0x8D15, 0x9515, 0x8CF5, 0x8CB4, 0x8C93,
 0x8CB3, 0x84B4, 0x7C74, 0x6413, 0x5B91, 0x42AD, 0x29C9, 0x1946, 0x1925, 0x2965, 0x52C7, 0x94EB, 0xC66E, 0xDF10, 0xE750, 0xE791,
 0xEFB2, 0xF7F3, 0xF7F4, 0xF7F4, 0xF7D4, 0xE774, 0xC633, 0x840E, 0x4A89, 0x31A6, 0x2965, 0x2144, 0x2104, 0x1904, 0x18E3, 0x18E3,
 0x9E50, 0x9E4F, 0x9E4F, 0x9E4F, 0x962F, 0x962F, 0x962F, 0x962F, 0x962F, 0x962F, 0xA670, 0xB6B2, 0xB6B3, 0xAE92, 0x9E4F, 0x962F,
 0x962F, 0x962F, 0x962F, 0x962F, 0x9E50, 0xB6B3, 0xAE92, 0x960F, 0x8E0E, 0x8DEE, 0x8DCE, 0x8DCE, 0x8DEE, 0x9DF0, 0x7C18, 0x5ADB,
 0x52BB, 0x52BB, 0x4A5A, 0x3195, 0x2952, 0x088D, 0x004B, 0x31B5, 0x4239, 0x31B6, 0x2114, 0x0872, 0x2136, 0x5ADB, 0x9CFC, 0xAE35,
 0x756C, 0x6D4B, 0x6D6C, 0x756C, 0x7D6D, 0xADD4, 0xB5F6, 0xB5D7, 0xB5F7, 0xB5F7, 0xB5F7, 0xB5F7, 0xB5D7, 0xBDF7, 0xBE18, 0xB578,
 0xA4B6, 0x9416, 0x9498, 0x9CFA, 0xAC99, 0xBC19, 0xABB8, 0x8417, 0x6CD9, 0x757A, 0x6D5A, 0x5497, 0x3372, 0x1ACF, 0x1AD0, 0x2B72,
 0x5C75, 0x6CB6, 0x6413, 0x5350, 0x532F, 0x5B6E, 0x6B8F, 0x73AF, 0x73AF, 0x6BB0, 0x63D1, 0x63F3, 0x63F4, 0x63D4, 0x73D3, 0x8413,
 0x94B5, 0x94F6, 0x7C75, 0x6456, 0x5C36, 0x4B94, 0x2A6E, 0x116A, 0x0949, 0x1988, 0x4AC8, 0x94CB, 0xBE2E, 0xD6EF, 0xDF30, 0xE771,
 0xEFB2, 0xF7D3, 0xF7F4, 0xF7F4, 0xF7D4, 0xE775, 0xCE54, 0x9490, 0x6B4C, 0x52AA, 0x526A, 0x4A49, 0x4228, 0x3A08, 0x31E7, 0x31C7,
 0x9E50, 0x962F, 0x962F, 0x962F, 0x9E4F, 0x964F, 0x962F, 0x962F, 0x962F, 0x962F, 0x962F, 0x962F, 0x962F, 0x962F, 0x962F, 0x962F,
 0x9E4F, 0x9E2F, 0x962F, 0x962F, 0x9E70, 0xB6D3, 0xB692, 0x9E4F, 0x964F, 0x962F, 0x960E, 0x8DEE, 0x8DEE, 0x9E10, 0x7C18, 0x5ADB,
 0x52BB, 0x52BB, 0x52BB, 0x52BB, 0x529A, 0x39D6, 0x18F0, 0x088C, 0x088F, 0x0870, 0x0871, 0x2155, 0x4239, 0x5AFB, 0x9CFC, 0xAE35,
 0x756C, 0x6D4B, 0x6D4B, 0x6D4B, 0x7D6D, 0xADD4, 0xB5F7, 0xB5F7, 0xB5F7, 0xB5F7, 0xB5F7, 0xB5F7, 0xADD7, 0xADB7, 0xAD98, 0xA4D6,
 0x9393, 0x8AF3, 0x8BD6, 0x8478, 0x9438, 0xA3B7, 0x9334, 0x6333, 0x4B94, 0x4BF5, 0x4BD4, 0x3331, 0x1A6D, 0x122C, 0x1AAF, 0x2B52,
 0x43F5, 0x4BF5, 0x3B11, 0x19ED, 0x116B, 0x096A, 0x19AA, 0x31E9, 0x3A4A, 0x4AAD, 0x4B50, 0x5393, 0x5333, 0x4A50, 0x416D, 0x410C,
 0x40CB, 0x492D, 0x4A30, 0x5396, 0x5C58, 0x5437, 0x3B32, 0x19ED, 0x098B, 0x11CB, 0x4B0A, 0x94CB, 0xBE2E, 0xD6CF, 0xDF10, 0xE751,
 0xEF91, 0xF7D3, 0xF7F4, 0xF7F4, 0xF7D4, 0xEF75, 0xD6D6, 0xBDD5, 0xA534, 0x94D2, 0x9492, 0x8C71, 0x7C11, 0x6BF1, 0x6C12, 0x6413,
 0x9E50, 0x962F, 0x962F, 0x962F, 0x9E4F, 0x964F, 0x962F, 0x962F, 0x962F, 0x962F, 0x962E, 0x962F, 0x962F, 0x962F, 0x962F, 0x962F,
 0x964F, 0x962F, 0x962F, 0x9E4F, 0x9E70, 0xB6D3, 0xAE92, 0x9E4F, 0x962F, 0x962F, 0x962F, 0x962F, 0x962F, 0xA631, 0x7C38, 0x5ADB,
 0x52BB, 0x52BB, 0x52BB, 0x52BB, 0x52BB, 0x529B, 0x4A7A, 0x41F7, 0x31B6, 0x31B6, 0x39F8, 0x4A5A, 0x4A7B, 0x5AFB, 0x9CFC, 0xAE35,
 0x756C, 0x6D4B, 0x6D4B, 0x6D4C, 0x856D, 0xADD4, 0xB5F7, 0xB5F7, 0xB5F7, 0xBDF7, 0xB5F7, 0xADB7, 0x8518, 0x5C79, 0x4C1A, 0x43B9,
 0x3B58, 0x3AF7, 0x4357, 0x5397, 0x7B76, 0x9354, 0x7AF1, 0x4A6D, 0x2A2C, 0x224C, 0x1A4C, 0x1A4C, 0x224C, 0x22AD, 0x3331, 0x43F5,
 0x5C78, 0x5C78, 0x43B5, 0x226F, 0x11AC, 0x098C, 0x19CB, 0x29EA, 0x3A4A, 0x4B2F, 0x5C34, 0x6CF9, 0x74F9, 0x6C17, 0x5AF3, 0x51D0,
 0x40AC, 0x406C, 0x492F, 0x52F4, 0x5BF7, 0x53F6, 0x32F2, 0x19ED, 0x118B, 0x19CA, 0x4AE9, 0x94CB, 0xBE0D, 0xCEAF, 0xDEF0, 0xE750,
 0xE771, 0xEFB2, 0xF7F3, 0xF7F4, 0xF7D4, 0xE795, 0xDF17, 0xCE57, 0xB5D6, 0xAD75, 0xA514, 0x94B2, 0x7C31, 0x7412, 0x6C54, 0x6455,
 0x9E50, 0x962F, 0x962F, 0x9E4F, 0x9E4F, 0x9E4F, 0x9E4F, 0x964F, 0x962F, 0x962F, 0x962F, 0x962F, 0x962F, 0x962F, 0x962F, 0x962F,
 0x962F, 0x962F, 0x962E, 0x962E, 0x9E4F, 0xB6D3, 0xAE92, 0x9E4F, 0x962F, 0x962F, 0x962F, 0x962F, 0x962F, 0xA651, 0x7C18, 0x5ABB,
 0x52BB, 0x52BB, 0x52BB, 0x5ABB, 0x529B, 0x2993, 0x18CF, 0x4218, 0x3A18, 0x10D1, 0x10B1, 0x0892, 0x2156, 0x5ADB, 0x9CFC, 0xAE35,
 0x756C, 0x6D4B, 0x6D4B, 0x6D4C, 0x858D, 0xADD4, 0xB5F7, 0xBDF7, 0xBE17, 0xB5F7, 0xB5F7, 0x9D97, 0x6CF9, 0x445B, 0x345C, 0x343C,
 0x2C1C, 0x1B9B, 0x235A, 0x3397, 0x5C14, 0x6C72, 0x646F, 0x4B8C, 0x3A89, 0x3A08, 0x4248, 0x52EA, 0x6B8D, 0x6BAE, 0x5B8F, 0x53B2,
 0x53F5, 0x4BF5, 0x3B32, 0x226F, 0x224E, 0x32B0, 0x42EF, 0x4AAC, 0x4AAB, 0x536F, 0x6434, 0x6CF8, 0x7519, 0x6C57, 0x5B33, 0x51F0,
 0x48CC, 0x408B, 0x40EB, 0x398B, 0x31EB, 0x21EA, 0x1989, 0x1927, 0x1926, 0x2985, 0x5AC7, 0x94CB, 0xBE0D, 0xCE8E, 0xD6CF, 0xDF30,
 0xE771, 0xEF92, 0xF7D3, 0xF7F4, 0xF7D4, 0xE775, 0xCE95, 0x9CD1, 0x6B4D, 0x4A69, 0x4228, 0x4249, 0x428B, 0x4B0F, 0x53F4, 0x5456,
 0x9E2F, 0x960E, 0x962F, 0x962F, 0x962F, 0x962F, 0x962F, 0x964F, 0x9E4F, 0x9E4F, 0x962F, 0x962F, 0x962F, 0x962F, 0x962F, 0x962F,
 0x962F, 0x962F, 0x962F, 0x962F, 0x9E4F, 0xB6B3, 0xAE92, 0x9E4F, 0x962F, 0x962F, 0x962F, 0x962F, 0x962F, 0xA651, 0x7C18, 0x5ABB,
 0x4A7A, 0x4238, 0x4218, 0x4218, 0x4218, 0x2110, 0x004A, 0x108D, 0x10B0, 0x2134, 0x2996, 0x10B3, 0x2156, 0x5ADB, 0x9CFC, 0xAE35,
 0x754C, 0x652B, 0x652B, 0x6D4B, 0x856D, 0xADD4, 0xB5F7, 0xBDF7, 0xBE17, 0xB5F7, 0xB5D7, 0x9D98, 0x6CF9, 0x551C, 0x65BD, 0x6E1D,
 0x5DDD, 0x44FC, 0x3439, 0x3C74, 0x5572, 0x6E52, 0x7693, 0x6550, 0x538C, 0x4A69, 0x4A27, 0x5225, 0x6225, 0x6225, 0x5A25, 0x5A46,
 0x5AA9, 0x634B, 0x73AD, 0x6BAD, 0x5B6D, 0x534F, 0x534F, 0x4AED, 0x4A8B, 0x42AB, 0x42CD, 0x4B50, 0x5371, 0x5AF0, 0x726E, 0x7A2D,
 0x720C, 0x51EB, 0x3A0A, 0x322B, 0x324C, 0x2A0B, 0x21A9, 0x1947, 0x1925, 0x2985, 0x5B07, 0x9D0B, 0xBE2E, 0xCE6E, 0xCEAF, 0xDF10,
 0xE750, 0xE771, 0xEFB2, 0xF7D3, 0xF7D4, 0xE775, 0xCE74, 0x8C90, 0x5AEB, 0x4208, 0x4208, 0x4228, 0x3A2A, 0x428D, 0x4331, 0x3B71,
 0x960F, 0x8DCE, 0x8DCE, 0x8DCE, 0x8DEE, 0x8DEE, 0x8E0E, 0x962F, 0x962F, 0x962F, 0x962F, 0x962F, 0x962F, 0x962F, 0x962F, 0x962F,
 0x962F, 0x964F, 0x964F, 0x964F, 0x9E70, 0xB6D3, 0xAE92, 0x9E4F, 0x962F, 0x962F, 0x962F, 0x962F, 0x962F, 0xA631, 0x7C18, 0x52BA,
 0x39F7, 0x29B4, 0x2972, 0x2151, 0x2132, 0x2131, 0x2973, 0x4218, 0x529B, 0x52BB, 0x4A7B, 0x3A19, 0x423A, 0x5AFB, 0x9CFC, 0xAE35,
 0x756C, 0x6D2B, 0x6D2B, 0x6D4B, 0x856D, 0xADD4, 0xB5F7, 0xB5F7, 0xB5F7, 0xB5F7, 0xADB7, 0x8D58, 0x5479, 0x341B, 0x44DC, 0x555D,
 0x4D5D, 0x3CBC, 0x2C59, 0x4515, 0x6653, 0x76F4, 0x6E93, 0x5D31, 0x4BF1, 0x4B70, 0x532E, 0x5AEB, 0x5AA8, 0x6266, 0x6A65, 0x7285,
 0x9367, 0xB46A, 0xC52D, 0xB52E, 0x94D0, 0x74B4, 0x6CF7, 0x5CD7, 0x53F2, 0x3AAC, 0x3209, 0x39E8, 0x5A49, 0x8B0B, 0xBBAD, 0xCBEE,
 0xB3CF, 0x7B90, 0x5BD4, 0x5C57, 0x5C99, 0x5457, 0x3B53, 0x220E, 0x118B, 0x19C9, 0x5B29, 0xA54C, 0xC66E, 0xCE8F, 0xCE8F, 0xD6CF,
 0xDF30, 0xE771, 0xEF91, 0xEFB2, 0xF7B4, 0xEF75, 0xD6D6, 0xAD74, 0x8430, 0x632C, 0x5AEB, 0x5AEB, 0x5AEC, 0x530D, 0x5350, 0x4B70,
 0x960F, 0x8DEE, 0x8DCE, 0x8DCE, 0x8DCE, 0x8DCE, 0x8DCE, 0x8DEE, 0x8DEE, 0x8DEE, 0x960E, 0x960F, 0x962F, 0x962F, 0x9E4F, 0x9E4F,
 0x964F, 0x964F, 0x964F, 0x9E4F, 0x9E50, 0xB6D3, 0xAE92, 0x9E4F, 0x962F, 0x962F, 0x962F, 0x962F, 0x962F, 0x9E31, 0x6335, 0x2956,
 0x2156, 0x2156, 0x2136, 0x2156, 0x2156, 0x2156, 0x2156, 0x2156, 0x2156, 0x2156, 0x2156, 0x2156, 0x2156, 0x3197, 0x6BBA, 0x9DB4,
 0x756C, 0x6D4B, 0x6D4B, 0x6D4B, 0x856D, 0xADD4, 0xB617, 0xB5F7, 0xB5F7, 0xB5F7, 0xADB7, 0x8538, 0x549A, 0x44BC, 0x5D9D, 0x65DD,
 0x555D, 0x345B, 0x2BB8, 0x3433, 0x5D71, 0x6E52, 0x6E32, 0x5CF1, 0x4BF2, 0x5415, 0x5C57, 0x6476, 0x5BF2, 0x632C, 0x6AA7, 0x7AC6,
 0x9BA8, 0xA48B, 0x9CEF, 0x9D32, 0x8D14, 0x7D17, 0x6D39, 0x64B7, 0x4BB2, 0x3A6B, 0x31C8, 0x39C7, 0x6248, 0xA34B, 0xD40E, 0xD42F,
 0xABAE, 0x6B50, 0x4B94, 0x5416, 0x4C16, 0x4394, 0x2A90, 0x11CD, 0x098C, 0x19EB, 0x5B4A, 0xA56D, 0xCEAF, 0xD6AF, 0xCE8F, 0xCEAF,
 0xDF10, 0xE750, 0xE771, 0xEF92, 0xEFB3, 0xEF75, 0xDEF6, 0xBDD5, 0x9492, 0x738E, 0x632C, 0x634D, 0x636E, 0x636F, 0x63D0, 0x6BF1,
 0x960F, 0x8DEE, 0x8DEE, 0x8DCE, 0x8DCE, 0x85CE, 0x8DCE, 0x8DEE, 0x8DEE, 0x8DCE, 0x8DCE, 0x8DCE, 0x8DEE, 0x8DEE, 0x8DEE, 0x8E0E,
 0x962E, 0x962F, 0x964F, 0x964F, 0x9E50, 0xB6B3, 0xAE92, 0x9E4F, 0x962F, 0x962F, 0x962F, 0x962F, 0x962F, 0xA631, 0x5B34, 0x1A77,
 0x2B78, 0x5499, 0x5CF8, 0x3B93, 0x2310, 0x43F4, 0x43F4, 0x22F2, 0x2B54, 0x33F5, 0x2373, 0x1BB6, 0x1B37, 0x2257, 0x635A, 0x9D94,
 0x756C, 0x6D2B, 0x6D2B, 0x6D4C, 0x856D, 0xADD4, 0xB5F7, 0xB5F7, 0xB617, 0xB5F7, 0xADB7, 0x8538, 0x549A, 0x44DC, 0x555D, 0x4D3D,
 0x3C9C, 0x23BB, 0x23BA, 0x43F7, 0x5C54, 0x5C72, 0x53CF, 0x430B, 0x3AAA, 0x3ACB, 0x3B0D, 0x432D, 0x42EB, 0x4AA8, 0x5A87, 0x6AC7,
 0x8368, 0x9C0A, 0xB4AB, 0xAC8C, 0x8BEC, 0x532D, 0x3A8D, 0x322B, 0x31C8, 0x31A7, 0x31C7, 0x3A09, 0x5ACC, 0x8B8E, 0xB430, 0xB410,
 0x8B6D, 0x526B, 0x29EC, 0x21EC, 0x19EC, 0x118B, 0x094A, 0x0929, 0x1128, 0x2187, 0x5B08, 0xA54C, 0xD6AF, 0xDF10, 0xD6CF, 0xCEAF,
 0xD6CF, 0xDF30, 0xE751, 0xE771, 0xEF72, 0xE774, 0xDEF6, 0xBDD5, 0x9492, 0x738E, 0x632C, 0x634D, 0x6B6D, 0x6B6D, 0x634D, 0x632C,
 0x960F, 0x8DEE, 0x8DEE, 0x8DCE, 0x8DCE, 0x8DCE, 0x8DCE, 0x8DEE, 0x8DEE, 0x8DCE, 0x8DCE, 0x8DCE, 0x8DCE, 0x8DCE, 0x8DCE, 0x8DCE,
 0x8DEE, 0x8DEE, 0x8E0E, 0x960E, 0x9E4F, 0xB6B3, 0xAE92, 0x9E4F, 0x962F, 0x962F, 0x9E4F, 0x962F, 0x962F, 0xA631, 0x5BB5, 0x2417,
 0x19EE, 0x3A2D, 0x31AA, 0x10C7, 0x2987, 0x632C, 0x4A4A, 0x18E6, 0x18E7, 0x29AA, 0x1968, 0x220A, 0x22CE, 0x2479, 0x639A, 0x9594,
 0x756C, 0x6D4B, 0x6D4B, 0x6D4C, 0x856D, 0xADD4, 0xB5F7, 0xBDF7, 0xBDF7, 0xB5F7, 0xA597, 0x7D18, 0x4C7A, 0x3C7C, 0x44DC, 0x44FD,
 0x3CBC, 0x343C, 0x33FA, 0x4BF8, 0x5BB7, 0x5B56, 0x4AF1, 0x328B, 0x2268, 0x1A87, 0x1A87, 0x1A86, 0x1A86, 0x2266, 0x2A46, 0x3226,
 0x4247, 0x5AA8, 0x62E8, 0x62C8, 0x4A68, 0x39E8, 0x31C8, 0x31C8, 0x3A08, 0x3A4A, 0x42CD, 0x4B71, 0x53D3, 0x5BB1, 0x634F, 0x62EC,
 0x526A, 0x31C8, 0x1968, 0x1128, 0x1128, 0x0908, 0x0907, 0x0906, 0x1905, 0x2965, 0x5AE7, 0xA52C, 0xCEAF, 0xDF10, 0xDF10, 0xD6EF,
 0xD6CF, 0xDF10, 0xE750, 0xE771, 0xE771, 0xE753, 0xD6D6, 0xBDD5, 0x9492, 0x738E, 0x632C, 0x634D, 0x6B6D, 0x6B4D, 0x634D, 0x632C,
 0x960F, 0x8DCE, 0x8DCE, 0x8DCE, 0x8DCE, 0x8DCE, 0x8DCE, 0x8DCE, 0x8DCE, 0x8DEE, 0x8DCE, 0x8DCE, 0x8DCE, 0x8DCE, 0x8DCE, 0x8DCE,
 0x8DEE, 0x8DEE, 0x8DEE, 0x8DCE, 0x960F, 0xAE92, 0xA671, 0x960F, 0x8E0E, 0x960E, 0x962F, 0x962F, 0x962F, 0xA631, 0x5BD5, 0x2476,
 0x1966, 0x2125, 0x3209, 0x632E, 0x632C, 0x5B8D, 0x538D, 0x3A89, 0x31A7, 0x2986, 0x2104, 0x2185, 0x3AEC, 0x2CF9, 0x63BA, 0x9594,
 0x756C, 0x6D4B, 0x6D4B, 0x6D4C, 0x858D, 0xADD4, 0xB5F6, 0xBDF7, 0xBDF7, 0xB5F7, 0xA597, 0x7D18, 0x445A, 0x345C, 0x44BC, 0x451D,
 0x4D1C, 0x3C9C, 0x447B, 0x64BB, 0x6C5A, 0x63B8, 0x5316, 0x4313, 0x4392, 0x43F2, 0x43F1, 0x338D, 0x1B29, 0x1327, 0x1B27, 0x2307,
 0x3287, 0x3A28, 0x39E7, 0x31A7, 0x2986, 0x3186, 0x31C7, 0x39E7, 0x426A, 0x4B2F, 0x5414, 0x5CF9, 0x6519, 0x5455, 0x4350, 0x3A6B,
 0x29A7, 0x2987, 0x29C8, 0x21CA, 0x198B, 0x094A, 0x092A, 0x0929, 0x1128, 0x1987, 0x52E8, 0x9D2B, 0xCE8F, 0xDF10, 0xDF10, 0xDF10,
 0xDF10, 0xDF10, 0xDF30, 0xE750, 0xE751, 0xDF32, 0xD6D5, 0xB5D5, 0x9492, 0x738E, 0x632C, 0x6B4D, 0x6B6D, 0x6B4D, 0x632D, 0x632C,
 0x960F, 0x8DCE, 0x8DCE, 0x8DCE, 0x8DCE, 0x8DCE, 0x8DCE, 0x8DCE, 0x8DCE, 0x8DCE, 0x8DCE, 0x8DEE, 0x8DEE, 0x8DEE, 0x8DCE, 0x8DEE,
 0x8DEE, 0x8DEE, 0x8DEE, 0x8DEE, 0x960F, 0xAE92, 0xA671, 0x8DEE, 0x8DEE, 0x8DEE, 0x8DEE, 0x8DEE, 0x960E, 0x9E11, 0x5BD5, 0x2496,
 0x29E7, 0x31A6, 0x4289, 0x7470, 0x84F2, 0x534C, 0x3AAB, 0x2B10, 0x3B52, 0x436F, 0x2A08, 0x6C70, 0x75D7, 0x355B, 0x63BA, 0x9594,
 0x756C, 0x6D4B, 0x6D4B, 0x6D4C, 0x856D, 0xADD4, 0xB5F7, 0xB5F7, 0xBDF7, 0xB5D7, 0x9D97, 0x7518, 0x4CBB, 0x44FC, 0x555D, 0x4D3D,
 0x3CBC, 0x2BFB, 0x3BFA, 0x5439, 0x5BF8, 0x5B77, 0x5356, 0x53D6, 0x64D9, 0x6D7A, 0x6D59, 0x54B4, 0x340E, 0x23C9, 0x1BC9, 0x1B88,
 0x1AC9, 0x19E9, 0x1169, 0x1148, 0x1127, 0x1967, 0x29A7, 0x39C8, 0x3A09, 0x42EF, 0x5415, 0x653A, 0x6D9B, 0x6D19, 0x5414, 0x42EE,
 0x31C8, 0x2987, 0x31E9, 0x2A6D, 0x2A6F, 0x1A2F, 0x11CD, 0x096C, 0x096C, 0x11CB, 0x4B0A, 0x9D2C, 0xC66E, 0xD6CF, 0xD6F0, 0xDF10,
 0xDF30, 0xDF30, 0xDF50, 0xDF50, 0xE731, 0xDF12, 0xD6B4, 0xB5B4, 0x9491, 0x738E, 0x632C, 0x6B4D, 0x6B4D, 0x6B4D, 0x632C, 0x632C,
 0x960F, 0x8DCE, 0x8DCE, 0x8DCE, 0x8DCE, 0x8DEE, 0x8DEE, 0x8DCE, 0x8DCE, 0x8DCE, 0x8DCE, 0x8DEE, 0x8DEE, 0x8DEE, 0x8DEE, 0x8DEE,
 0x8DCE, 0x8DCE, 0x8DEE, 0x8DEE, 0x960F, 0xAE92, 0xA651, 0x95EE, 0x8DEE, 0x8DEE, 0x8DCE, 0x8DCE, 0x8DEE, 0x95F0, 0x5BB5, 0x2C97,
 0x3229, 0x31C7, 0x39E7, 0x5BEE, 0x7490, 0x42CA, 0x2A8A, 0x22D1, 0x1A32, 0x22B0, 0x2A6A, 0x7490, 0x6514, 0x2D1A, 0x63BA, 0x9594,
 0x756C, 0x6D2B, 0x6D4B, 0x6D4C, 0x856D, 0xADD4, 0xB5F6, 0xB5F7, 0xBDF7, 0xB5D7, 0x9577, 0x6CD9, 0x447B, 0x4D1D, 0x5DBD, 0x555D,
 0x3C9C, 0x239A, 0x2B56, 0x4333, 0x4B13, 0x4AF2, 0x42F1, 0x3B72, 0x4C76, 0x5538, 0x5D79, 0x5557, 0x3CB2, 0x2C0D, 0x23AB, 0x1B0B,
 0x122B, 0x098B, 0x094B, 0x014C, 0x094B, 0x096B, 0x198A, 0x31E9, 0x424A, 0x4ACE, 0x4B51, 0x53D4, 0x5C15, 0x5BF4, 0x5B30, 0x4A4D,
 0x4189, 0x39C9, 0x42AE, 0x4373, 0x43B4, 0x3B33, 0x224F, 0x11AC, 0x116B, 0x19CA, 0x5309, 0x94EB, 0xC64E, 0xCEAF, 0xD6CF, 0xD6EF,
 0xDF10, 0xDF30, 0xE750, 0xE750, 0xE751, 0xDF11, 0xD6B4, 0xB5B4, 0x9491, 0x6B8E, 0x632C, 0x6B4D, 0x6B6D, 0x6B4D, 0x632C, 0x632B,
 0x960F, 0x8DEE, 0x8DCE, 0x8DCE, 0x8DCE, 0x8DEE, 0x8DEE, 0x8DCE, 0x8DCE, 0x8DCE, 0x8DEE, 0x8DCE, 0x8DCE, 0x8DCE, 0x8DCE, 0x8DCE,
 0x8DCE, 0x8DCE, 0x8DCE, 0x8DEE, 0x960F, 0xB692, 0xA651, 0x8DEE, 0x8DCE, 0x8DCE, 0x8DCE, 0x8DCE, 0x8DEE, 0x95F0, 0x5B75, 0x1BB7,
 0x1A8F, 0x11C9, 0x1946, 0x1147, 0x220A, 0x2AAC, 0x334E, 0x336F, 0x3B4E, 0x432C, 0x540F, 0x5432, 0x2B73, 0x2399, 0x637A, 0x95B4,
 0x754C, 0x652B, 0x6D2B, 0x6D4C, 0x858D, 0xADD4, 0xB5F7, 0xB5F7, 0xBDF7, 0xADD7, 0x9557, 0x64B9, 0x449B, 0x557D, 0x65FD, 0x557D,
 0x44BC, 0x2BDA, 0x3B96, 0x5351, 0x630E, 0x62CC, 0x4ACC, 0x334F, 0x2C33, 0x2CF6, 0x2D78, 0x35B8, 0x3D57, 0x3C95, 0x43F4, 0x3B93,
 0x3B33, 0x2AB1, 0x1A0E, 0x11AC, 0x098C, 0x11AC, 0x220A, 0x4268, 0x52C8, 0x52C9, 0x52EA, 0x534E, 0x5B91, 0x5B51, 0x6AB1, 0x7230,
 0x61EE, 0x49CB, 0x31C9, 0x21A9, 0x1989, 0x1149, 0x1148, 0x1127, 0x1926, 0x2965, 0x52A6, 0x8CAA, 0xBE0D, 0xCE8F, 0xD6AF, 0xD6CF,
 0xD6EF, 0xDF10, 0xDF30, 0xDF50, 0xE750, 0xDF11, 0xD6B4, 0xB5D5, 0x94B2, 0x73CF, 0x634E, 0x634E, 0x634D, 0x632B, 0x5AE8, 0x6307,
 0x960F, 0x8DEE, 0x8DCE, 0x8DCE, 0x8DCE, 0x8DEE, 0x8DEE, 0x8DEE, 0x8DEE, 0x8DEE, 0x8DCE, 0x8DCE, 0x8DCE, 0x8DCE, 0x8DCE, 0x8DCE,
 0x8DEE, 0x8DEE, 0x8DEE, 0x8DEE, 0x960F, 0xB692, 0xA671, 0x95EE, 0x8DCE, 0x8DCE, 0x8DCE, 0x8DCE, 0x8DCE, 0x95F0, 0x5B34, 0x21B5,
 0x1A56, 0x1AB6, 0x1AD5, 0x1AD5, 0x1AD5, 0x1AD6, 0x2337, 0x2398, 0x2357, 0x1B16, 0x2316, 0x1AB6, 0x1A16, 0x21B7, 0x6B7A, 0x9DB4,
 0x754C, 0x6D2B, 0x6D2B, 0x6D4B, 0x858D, 0xADD4, 0xB5F7, 0xB5F7, 0xB5F7, 0xADD7, 0x8D38, 0x5C99, 0x3C5B, 0x4D1D, 0x557D, 0x4D1D,
 0x3C7C, 0x2B99, 0x4354, 0x734F, 0xA38E, 0xB3AE, 0x93AE, 0x63B1, 0x43F4, 0x4477, 0x44B8, 0x3C97, 0x33D4, 0x2B11, 0x3AF1, 0x4353,
 0x4B95, 0x4B53, 0x3A90, 0x2A0E, 0x2A2D, 0x32AD, 0x4B0B, 0x6369, 0x6B88, 0x6B88, 0x73A9, 0x742D, 0x74D4, 0x74B7, 0x63F5, 0x5351,
 0x426D, 0x29C9, 0x1947, 0x1107, 0x1106, 0x1106, 0x1106, 0x1106, 0x1905, 0x2965, 0x5AC6, 0x94AA, 0xB5ED, 0xCE6E, 0xCE8F, 0xD6AF,
 0xD6CF, 0xD6CF, 0xD6F0, 0xDF10, 0xDF30, 0xD711, 0xCEB4, 0xB617, 0x9556, 0x7CB5, 0x6C15, 0x6394, 0x5B52, 0x530E, 0x42C8, 0x32C7,
 0x9E30, 0x960E, 0x8DEE, 0x8DEE, 0x8DEE, 0x8DCE, 0x8DCE, 0x8DCE, 0x8DCE, 0x8DCE, 0x8DCE, 0x8DEE, 0x8DCE, 0x8DCE, 0x8DCE, 0x8DEE,
 0x8DEE, 0x8DEE, 0x8DEE, 0x8DCE, 0x960F, 0xAE92, 0xA671, 0x95EF, 0x8DEE, 0x8DCE, 0x8DCE, 0x8DEE, 0x8DCE, 0x9E10, 0x9D56, 0x94D8,
 0x94B8, 0x94B8, 0x94B8, 0x94B8, 0x94D9, 0x94D9, 0x94D9, 0x94D9, 0x94D9, 0x94D9, 0x94B9, 0x94B8, 0x94B8, 0x9D3A, 0xC69C, 0xB674,
 0x756C, 0x6D4B, 0x6D4B, 0x6D4C, 0x858D, 0xADD4, 0xB5F7, 0xB5F7, 0xB5F7, 0xADD7, 0x8518, 0x5499, 0x3C7B, 0x44FC, 0x451D, 0x347C,
 0x2BDB, 0x3B57, 0x7B51, 0xB3AE, 0xD40E, 0xDC2F, 0xABEF, 0x73B2, 0x5C16, 0x5C99, 0x5CB9, 0x5437, 0x3B33, 0x1A0E, 0x19CE, 0x3210,
 0x62D3, 0x7B34, 0x7AD3, 0x72B3, 0x6375, 0x6498, 0x6517, 0x64D3, 0x6C0C, 0x6BC9, 0x73C8, 0x740A, 0x6C50, 0x5C34, 0x4332, 0x224E,
 0x116A, 0x094A, 0x116B, 0x11AC, 0x19CC, 0x118B, 0x094A, 0x0929, 0x1129, 0x21A8, 0x5B08, 0xA54C, 0xCEAF, 0xD6EF, 0xD6CF, 0xD6CF,
 0xD6CF, 0xD6CF, 0xD6CF, 0xD6CF, 0xD6D0, 0xCEB1, 0xBE13, 0x8CD5, 0x6C16, 0x6C58, 0x74B9, 0x6C39, 0x5B77, 0x4B34, 0x4352, 0x43B1,
 0x9E50, 0x962F, 0x962F, 0x962F, 0x962F, 0x960E, 0x960E, 0x8DEE, 0x8DEE, 0x8DEE, 0x8DEE, 0x8DEE, 0x8DEE, 0x8DEE, 0x8DEE, 0x8DCE,
 0x8DCE, 0x8DEE, 0x8DCE, 0x8DCE, 0x95EF, 0xAE92, 0xA651, 0x95EE, 0x8DEE, 0x8DCE, 0x8DCE, 0x8DCE, 0x8DCE, 0x95D0, 0x4274, 0x10F6,
 0x10F6, 0x10F6, 0x10D6, 0x08F7, 0x1139, 0x0939, 0x0939, 0x0939, 0x0939, 0x1139, 0x10F7, 0x10F6, 0x10D6, 0x21B8, 0x84DC, 0xAE35,
 0x756C, 0x652B, 0x652B, 0x6D2B, 0x856D, 0xADD4, 0xB5F7, 0xB5F7, 0xB5F7, 0xADB7, 0x8538, 0x5CDA, 0x4CFC, 0x557D, 0x557D, 0x44DC,
 0x33FA, 0x4335, 0x7B2F, 0xBB8D, 0xD40E, 0xD40E, 0x9B6E, 0x5AEE, 0x42F1, 0x4332, 0x3B12, 0x2A90, 0x19CD, 0x118C, 0x19EE, 0x3A91,
 0x6334, 0x7354, 0x7271, 0x71AF, 0x69F0, 0x6B54, 0x7476, 0x6CB3, 0x6C2D, 0x6BC9, 0x73C9, 0x6C2E, 0x6C94, 0x5C97, 0x4BD5, 0x32D1,
 0x11CC, 0x098C, 0x1A2F, 0x3B33, 0x43D5, 0x4394, 0x2AB0, 0x11CD, 0x098C, 0x19AB, 0x4289, 0x7C2A, 0xAD8D, 0xCE70, 0xD6B1, 0xD6D1,
 0xD6D1, 0xCEB1, 0xCE90, 0xCE90, 0xCE71, 0xC652, 0xB5D4, 0x8453, 0x6353, 0x5B94, 0x6417, 0x63D7, 0x5B77, 0x5396, 0x5C37, 0x6D19,
 0x9E50, 0x962F, 0x962F, 0x962F, 0x962F, 0x962F, 0x962F, 0x962F, 0x962F, 0x962F, 0x962F, 0x962F, 0x960E, 0x960E, 0x960E, 0x8DEE,
 0x8DEE, 0x8DEE, 0x8DEE, 0x8DCE, 0x960F, 0xAE92, 0xA651, 0x95EE, 0x8DCE, 0x8DCE, 0x8DCE, 0x8DCE, 0x8DCE, 0x95D0, 0x4274, 0x10D6,
 0x10F6, 0x10F6, 0x10F6, 0x10F7, 0x0939, 0x1139, 0x1139, 0x1139, 0x1139, 0x1118, 0x10D6, 0x10D6, 0x10F6, 0x21B8, 0x84DB, 0xAE35,
 0x756C, 0x6D4B, 0x6D4B, 0x6D4C, 0x858D, 0xADD4, 0xB617, 0xBDF7, 0xB5F7, 0xA597, 0x6CD8, 0x443A, 0x2BFB, 0x343C, 0x343C, 0x2BDB,
 0x239A, 0x3356, 0x5B51, 0x838F, 0xABCE, 0xABAD, 0x7AEC, 0x422B, 0x21CB, 0x21AB, 0x19CB, 0x19AB, 0x21CB, 0x2A4E, 0x4373, 0x5CB7,
 0x755A, 0x7CB8, 0x72B2, 0x710D, 0x708B, 0x78CB, 0x7A0C, 0x83AE, 0x94B0, 0x8C90, 0x7430, 0x6433, 0x5C77, 0x5457, 0x4394, 0x32B0,
 0x21ED, 0x1A0D, 0x32D1, 0x4BD6, 0x5458, 0x5437, 0x3B53, 0x220E, 0x116A, 0x1149, 0x1946, 0x31A6, 0x5B0B, 0x94F2, 0xB5B5, 0xBE16,
 0xBE16, 0xBE16, 0xBE16, 0xBDF6, 0xBE16, 0xBE17, 0xC638, 0xAD76, 0x8C72, 0x6BB0, 0x5B91, 0x6373, 0x6373, 0x5B71, 0x53B1, 0x5C33,
 0x9E50, 0x962F, 0x962F, 0x962F, 0x962F, 0x962F, 0x962F, 0x962F, 0x962F, 0x9E4F, 0x9E4F, 0x9E4F, 0x964F, 0x962F, 0x962F, 0x962F,
 0x960F, 0x960E, 0x960E, 0x960E, 0x962F, 0xB693, 0xA651, 0x95EE, 0x8DCE, 0x8DCE, 0x8DCE, 0x8DCE, 0x8DEE, 0x95F0, 0x4274, 0x10D6,
 0x10D6, 0x10F6, 0x10D6, 0x10F7, 0x1139, 0x1139, 0x1139, 0x1139, 0x1139, 0x0918, 0x10D6, 0x10F6, 0x10F6, 0x21B8, 0x84DB, 0xAE35,
 0x756C, 0x6D4B, 0x6D4B, 0x6D4C, 0x858D, 0xADD4, 0xB5F7, 0xBDF7, 0xB5F7, 0xADB7, 0x8D38, 0x74D8, 0x5C99, 0x5C79, 0x5C79, 0x5438,
 0x4BD6, 0x4B72, 0x534F, 0x52ED, 0x5AAB, 0x528A, 0x4A8C, 0x4B0F, 0x5392, 0x5BF3, 0x6413, 0x6C33, 0x6C32, 0x6C12, 0x6413, 0x6415,
 0x6BB4, 0x6A91, 0x714D, 0x706B, 0x704B, 0x70CC, 0x720F, 0x6B71, 0x6BF1, 0x5BB1, 0x53B1, 0x53F3, 0x53F3, 0x53B2, 0x530F, 0x52AD,
 0x4A4B, 0x3A2A, 0x322B, 0x328D, 0x3A8D, 0x326C, 0x29EA, 0x1967, 0x1926, 0x1905, 0x2104, 0x2965, 0x5AEB, 0x94B2, 0xAD95, 0xB5F7,
 0xB5F7, 0xB5F7, 0xB5F7, 0xB5F7, 0xBDF7, 0xBE17, 0xC638, 0xADB6, 0x9514, 0x7C93, 0x6C94, 0x6CB5, 0x6494, 0x53F1, 0x3AED, 0x2A6C,
 0x9E50, 0x962F, 0x962F, 0x962F, 0x962F, 0x962F, 0x962F, 0x962F, 0x962F, 0x962F, 0x962F, 0x964F, 0x962F, 0x962F, 0x962F, 0x962F,
 0x962F, 0x962F, 0x962F, 0x9E4F, 0x9E70, 0xB6D3, 0xAE92, 0x960F, 0x8DEE, 0x8DEE, 0x8DEE, 0x8DCE, 0x8DEE, 0x95D0, 0x4274, 0x10D6,
 0x10D6, 0x10F6, 0x10D6, 0x10F6, 0x1118, 0x1978, 0x2198, 0x1138, 0x1139, 0x1118, 0x10D6, 0x10F6, 0x10F6, 0x21B8, 0x84DB, 0xAE35,
 0x756C, 0x6D4B, 0x6D4B, 0x6D4C, 0x858D, 0xADD4, 0xB5F7, 0xBDF7, 0xB5F7, 0xB5F7, 0xB5D7, 0xADD7, 0xADD7, 0xADD7, 0xB5D8, 0xA555,
 0x7C10, 0x4A8A, 0x4229, 0x4228, 0x4228, 0x4A49, 0x4AAB, 0x4B0E, 0x4B2F, 0x4B50, 0x436F, 0x436E, 0x436D, 0x4B6D, 0x4B0D, 0x4AAE,
 0x51EE, 0x616D, 0x690C, 0x690D, 0x698E, 0x6A91, 0x6BD5, 0x5C56, 0x43D3, 0x3331, 0x2310, 0x2B2F, 0x2B4D, 0x332B, 0x32E9, 0x3AC9,
 0x42A9, 0x3AAA, 0x430E, 0x4B91, 0x53D2, 0x4B91, 0x32CE, 0x222B, 0x19C9, 0x1988, 0x1946, 0x2986, 0x5AEB, 0x94B2, 0xAD95, 0xB5F7,
 0xB5F7, 0xB5F7, 0xB5F7, 0xBDF7, 0xBDF7, 0xBE17, 0xB617, 0x95B7, 0x8597, 0x7DB9, 0x7DFA, 0x761A, 0x6DF9, 0x5D16, 0x43D3, 0x3B52,
 0x9E50, 0x962F, 0x962F, 0x962F, 0x962F, 0x962F, 0x962F, 0x962F, 0x962F, 0x962F, 0x962F, 0x962F, 0x962F, 0x962F, 0x964F, 0x964F,
 0x964F, 0x964F, 0x962F, 0x962F, 0x9E70, 0xB6D3, 0xAE92, 0x9E4F, 0x962F, 0x962F, 0x962F, 0x960F, 0x962F, 0x9DF1, 0x4274, 0x1916,
 0x52D8, 0x8439, 0x845A, 0x8439, 0x7C19, 0xB59C, 0xCE9D, 0x9D1A, 0x845A, 0x8439, 0x73D9, 0x4276, 0x1935, 0x21B7, 0x84DB, 0xAE35,
 0x756C, 0x6D2B, 0x6D2B, 0x6D4B, 0x7D6D, 0xADD4, 0xB5F6, 0xBDF7, 0xB617, 0xB5F7, 0xB5F7, 0xB5F7, 0xB5F7, 0xBE17, 0xBE17, 0xA534,
 0x738E, 0x4208, 0x39C7, 0x39E7, 0x4208, 0x3A08, 0x3A4B, 0x42EF, 0x4351, 0x332F, 0x22EB, 0x12C9, 0x1308, 0x1329, 0x1B4A, 0x2B8C,
 0x4C31, 0x6CB5, 0x74B6, 0x6456, 0x6477, 0x6CF9, 0x6D3A, 0x5C97, 0x3372, 0x1AAF, 0x128E, 0x1AEF, 0x232F, 0x2B4D, 0x232A, 0x1B07,
 0x1B27, 0x23CB, 0x4491, 0x6558, 0x6D5A, 0x5CB7, 0x3BB3, 0x22CF, 0x126E, 0x124C, 0x19C9, 0x29A7, 0x52EB, 0x94D2, 0xAD95, 0xB5F7,
 0xB5F7, 0xB5F7, 0xB5F7, 0xBDF7, 0xBDF7, 0xB617, 0xADF7, 0x8596, 0x6D56, 0x6D98, 0x75DA, 0x75FA, 0x6DD9, 0x6558, 0x64F8, 0x6D1A,
 0x9E50, 0x9E4F, 0x962F, 0x962F, 0x964F, 0x962F, 0x962F, 0x964F, 0x962F, 0x962F, 0x962F, 0x962F, 0x962F, 0x962F, 0x962F, 0x962F,
 0x962F, 0x962F, 0x962F, 0x962F, 0x9E70, 0xB6B3, 0xAE92, 0x9E4F, 0x962F, 0x962F, 0x9E4F, 0x9E4F, 0x9E4F, 0x9E11, 0x4295, 0x1956,
 0x8C7A, 0xB5FB, 0x5AF6, 0x39F7, 0x31D8, 0x31F8, 0x31F8, 0x29F8, 0x31F8, 0x3A17, 0x94FA, 0x8459, 0x29B6, 0x21D7, 0x84DB, 0xAE35,
 0x754C, 0x652B, 0x6D2B, 0x6D2B, 0x7D6D, 0xADD4, 0xB5F6, 0xBDF7, 0xB5F7, 0xB5F7, 0xB5F7, 0xB5F7, 0xBDF7, 0xBE17, 0xBE17, 0xA554,
 0x73AE, 0x4208, 0x31A6, 0x39C7, 0x39E7, 0x3A08, 0x42AC, 0x53B3, 0x5457, 0x4434, 0x33B0, 0x234B, 0x1B4A, 0x1B6A, 0x1BAA, 0x240C,
 0x3C91, 0x5536, 0x5517, 0x4C34, 0x3B93, 0x3B73, 0x3B52, 0x2AF0, 0x1A4D, 0x122C, 0x128E, 0x3392, 0x54B7, 0x5CF7, 0x4451, 0x2BEC,
 0x1BA9, 0x1C09, 0x2C4D, 0x4453, 0x4C35, 0x3B92, 0x22AF, 0x122C, 0x0A2C, 0x120B, 0x1987, 0x2986, 0x5AEB, 0x94B2, 0xAD95, 0xB5F7,
 0xB5F7, 0xB5F7, 0xB5F7, 0xB5F7, 0xBDF7, 0xBE17, 0xBE38, 0xA596, 0x84D3, 0x6C52, 0x6474, 0x64F6, 0x6D57, 0x64F6, 0x6475, 0x64B7,
 0xA650, 0x962F, 0x962F, 0x962F, 0x962F, 0x962F, 0x962F, 0x962F, 0x962F, 0x964F, 0x964F, 0x962F, 0x962F, 0x962F, 0x962F, 0x962F,
 0x962F, 0x962F, 0x962F, 0x962F, 0x9E70, 0xB6D3, 0xB692, 0x9E4F, 0x962F, 0x962F, 0x962F, 0x9E2F, 0x962F, 0xA631, 0x3A96, 0x1957,
 0x845A, 0xA57A, 0x4236, 0x2976, 0x2157, 0x1978, 0x1978, 0x1978, 0x2197, 0x31D6, 0x9CFA, 0x8CDA, 0x31D6, 0x21B7, 0x84DB, 0xAE35,
 0x756C, 0x6D4B, 0x6D4B, 0x6D4B, 0x856D, 0xADD4, 0xB5F7, 0xBDF7, 0xB5F7, 0xB5F7, 0xB5F7, 0xB5F7, 0xB5F7, 0xBE17, 0xC618, 0xAD75,
 0x8410, 0x4A69, 0x39E7, 0x39E7, 0x4228, 0x4A6A, 0x52ED, 0x5371, 0x53D4, 0x5415, 0x43F3, 0x338F, 0x2B2C, 0x1B0B, 0x1B0C, 0x1AED,
 0x1ACF, 0x1A90, 0x1A70, 0x122F, 0x11EE, 0x120D, 0x1A0C, 0x1A0C, 0x21EB, 0x222B, 0x2AAE, 0x4BF3, 0x64F7, 0x6517, 0x5CB3, 0x442F,
 0x2BCB, 0x2389, 0x1B09, 0x1A6B, 0x122B, 0x11EA, 0x09A9, 0x0988, 0x1167, 0x1946, 0x1924, 0x2966, 0x5ACB, 0x94B2, 0xAD96, 0xB5F7,
 0xB5F7, 0xB5F7, 0xB5F7, 0xB617, 0xBDF7, 0xBE18, 0xC638, 0xB596, 0x9492, 0x6BAE, 0x638E, 0x63CF, 0x6BCF, 0x6BAF, 0x73F0, 0x8492,
 0x9E50, 0x962F, 0x962F, 0x962F, 0x962F, 0x962F, 0x962F, 0x962F, 0x962F, 0x964F, 0x964F, 0x962F, 0x962F, 0x962F, 0x962F, 0x962F,
 0x962F, 0x964F, 0x962F, 0x962F, 0x9E50, 0xB6D3, 0xAE92, 0x9E2F, 0x962F, 0x962F, 0x962F, 0x9E2F, 0x962F, 0xA631, 0x42B7, 0x1136,
 0x6338, 0x9D1A, 0x9CFA, 0xAD9B, 0xB5DC, 0xB5DC, 0xB5DC, 0xB5DC, 0xBDFC, 0xB5FC, 0xBDFC, 0x73D8, 0x2995, 0x21B7, 0x84DB, 0xAE35,
 0x756C, 0x6D2B, 0x6D2B, 0x6D4B, 0x7D6D, 0xADD4, 0xB5F7, 0xB5F7, 0xB5F7, 0xB5F7, 0xB5F7, 0xB5F7, 0xBDF7, 0xBE17, 0xBE38, 0xAD75,
 0x8410, 0x528A, 0x4228, 0x4228, 0x4208, 0x4229, 0x428D, 0x5372, 0x5BF6, 0x6457, 0x6C98, 0x6477, 0x5BF5, 0x4BB4, 0x4BF5, 0x5457,
 0x5478, 0x4C17, 0x3354, 0x1A72, 0x1252, 0x1A72, 0x2A6F, 0x3A4C, 0x3A09, 0x3A08, 0x4228, 0x4AA9, 0x5B2A, 0x638B, 0x73CB, 0x73EA,
 0x63EB, 0x53AE, 0x4390, 0x4392, 0x4392, 0x4350, 0x3A8C, 0x29C8, 0x2145, 0x2124, 0x2124, 0x2986, 0x5ACB, 0x94B2, 0xAD95, 0xB5F7,
 0xB5F7, 0xB5F7, 0xB5F7, 0xB5F7, 0xBDF7, 0xBE18, 0xC638, 0xB596, 0x9471, 0x6B6D, 0x630B, 0x6B0B, 0x7B4B, 0x738D, 0x73F1, 0x7474,
 0x9E50, 0x962F, 0x962F, 0x962F, 0x962F, 0x962F, 0x962F, 0x962F, 0x962F, 0x962F, 0x962F, 0x962F, 0x962F, 0x962F, 0x962F, 0x962F,
 0x962F, 0x962F, 0x962F, 0x962F, 0x9E4F, 0xB6B3, 0xAE92, 0x9E2F, 0x962F, 0x962F, 0x962F, 0x9E2F, 0x962F, 0xA611, 0x42B7, 0x10F7,
 0x6358, 0xA55B, 0x5296, 0x73D8, 0xA51B, 0xA55B, 0xA55B, 0xA55B, 0xA55B, 0xA55B, 0xAD7B, 0x7398, 0x2995, 0x21D7, 0x84FC, 0xAE35,
 0x756C, 0x6D4B, 0x6D4B, 0x6D4C, 0x856D, 0xADD4, 0xB5F7, 0xBDF7, 0xB5F7, 0xB5F7, 0xB5F7, 0xB5F7, 0xB5F7, 0xBE17, 0xBE38, 0xAD75,
 0x8430, 0x528A, 0x4228, 0x4208, 0x4208, 0x39E9, 0x3A2C, 0x4AF1, 0x5BB6, 0x6C18, 0x7459, 0x745A, 0x6C19, 0x63F8, 0x64B9, 0x757B,
 0x7DFC, 0x75DC, 0x5CD9, 0x3375, 0x1AD4, 0x1A93, 0x226F, 0x3A2A, 0x3A08, 0x39E6, 0x4205, 0x5A85, 0x7347, 0x83C8, 0x8C09, 0x8C09,
 0x73CB, 0x6431, 0x64D7, 0x6D3A, 0x6D39, 0x6496, 0x5370, 0x3A4A, 0x31A7, 0x3186, 0x2965, 0x31A6, 0x5AEB, 0x94B2, 0xAD95, 0xB5F7,
 0xB5F7, 0xB5F7, 0xB5F7, 0xB5F7, 0xBDF7, 0xBE17, 0xBE17, 0xA513, 0x83CD, 0x62C9, 0x6267, 0x7286, 0x7AC7, 0x734B, 0x63F2, 0x6456,
 0x960F, 0x8DEE, 0x960E, 0x960E, 0x960E, 0x962F, 0x962F, 0x962F, 0x962F, 0x964F, 0x9E4F, 0x964F, 0x962F, 0x962F, 0x962F, 0x962E,
 0x960E, 0x962F, 0x962F, 0x962F, 0x9E4F, 0xB6B3, 0xB692, 0x9E4F, 0x9E4F, 0x962F, 0x962F, 0x9E2F, 0x962F, 0xA631, 0x3AB7, 0x1138,
 0x7399, 0xBE1C, 0x52B7, 0x2976, 0x94BA, 0x9CDA, 0x4A97, 0x31B7, 0x31D7, 0x39F6, 0x8C7A, 0x9499, 0x31D6, 0x29D8, 0x853C, 0xAE35,
 0x756C, 0x6D4B, 0x6D4B, 0x6D4C, 0x856D, 0xADD4, 0xB5F6, 0xB5F7, 0xBE17, 0xBDF7, 0xB5F7, 0xB5F7, 0xB5F7, 0xBE17, 0xC618, 0xAD75,
 0x8410, 0x528A, 0x4228, 0x4228, 0x4228, 0x4249, 0x4AAC, 0x5351, 0x5BF4, 0x6416, 0x6416, 0x63F6, 0x6395, 0x5333, 0x5393, 0x5C55,
 0x6D18, 0x6518, 0x5456, 0x3332, 0x2A90, 0x2A4D, 0x3A4B, 0x3A09, 0x39E7, 0x39E6, 0x41E6, 0x5266, 0x62E6, 0x7347, 0x83C8, 0x8C09,
 0x844B, 0x74B2, 0x6D59, 0x6D9B, 0x655A, 0x5C96, 0x4B91, 0x32CC, 0x32CB, 0x32CB, 0x2A8A, 0x3228, 0x5B0C, 0x94B2, 0xAD95, 0xB5F7,
 0xB5F7, 0xB5F7, 0xB5F7, 0xB5F7, 0xB617, 0xBE17, 0xBDD6, 0x9C70, 0x7309, 0x6A25, 0x7224, 0x7245, 0x6A66, 0x5AEB, 0x53B2, 0x5C56,
 0x95EF, 0x8DCE, 0x8DCE, 0x8DCE, 0x8DEE, 0x8DEE, 0x8DEE, 0x8DEE, 0x8DEE, 0x8DEE, 0x8DEE, 0x960E, 0x960E, 0x962F, 0x962F, 0x962F,
 0x962F, 0x962F, 0x964F, 0x962F, 0x9E4F, 0xB6B3, 0xAE92, 0x9E2F, 0x962F, 0x962F, 0x962F, 0x9E2F, 0x964F, 0xA631, 0x3AB7, 0x1138,
 0x5B18, 0xA55A, 0x7BF9, 0x3A16, 0x6B78, 0xBE3C, 0xA55A, 0x8459, 0x7C19, 0x7BF9, 0xAD9B, 0x9CFA, 0x39F6, 0x2A19, 0x853C, 0xAE35,
 0x756C, 0x6D4B, 0x6D4B, 0x6D4C, 0x856D, 0xADD4, 0xB5F6, 0xB5F7, 0xB617, 0xB5F7, 0xB5F7, 0xB5F7, 0xB5F7, 0xBE17, 0xBE18, 0xA554,
 0x7BCF, 0x4228, 0x39E7, 0x4208, 0x4208, 0x4249, 0x4AAC, 0x4B30, 0x4B73, 0x4B12, 0x4270, 0x418E, 0x390B, 0x38AA, 0x38CA, 0x392A,
 0x420B, 0x52CC, 0x638F, 0x6BF2, 0x6C13, 0x63D2, 0x5B6F, 0x4ACD, 0x3A2A, 0x31E8, 0x39E8, 0x4208, 0x4227, 0x4A47, 0x5AA7, 0x6B48,
 0x7C0B, 0x742E, 0x5C74, 0x54D6, 0x44F6, 0x3CF5, 0x3576, 0x3618, 0x36BA, 0x36DB, 0x2E38, 0x34D3, 0x5430, 0x9513, 0xADB6, 0xB5F7,
 0xB5F7, 0xB5F7, 0xB5F7, 0xB5F7, 0xB5F7, 0xBE17, 0xBE17, 0xA4F3, 0x83CD, 0x6AE9, 0x6AA8, 0x72C7, 0x7AC7, 0x72E9, 0x5B0D, 0x4B0F,
 0x95EF, 0x8DCE, 0x8DCE, 0x8DCE, 0x8DCE, 0x8DCE, 0x8DCE, 0x8DCE, 0x8DCE, 0x8DCE, 0x8DCE, 0x8DEE, 0x8DEE, 0x8DEE, 0x8DEE, 0x8DEE,
 0x8E0E, 0x960E, 0x960E, 0x960E, 0x9E2F, 0xB6B3, 0xAE92, 0x9E2F, 0x962F, 0x962F, 0x962F, 0x9E2F, 0x962F, 0xA631, 0x3AB7, 0x1138,
 0x4236, 0x73D8, 0x8438, 0x7BD8, 0x9D1A, 0x8459, 0x6338, 0x5B38, 0x5B18, 0x6338, 0x8C99, 0x73D8, 0x29B6, 0x221A, 0x853C, 0xAE35,
 0x756C, 0x6D4B, 0x6D4B, 0x6D4C, 0x858D, 0xADD4, 0xB5F7, 0xBDF7, 0xB5F7, 0xB5F7, 0xB5F7, 0xB5F7, 0xB5F7, 0xBE17, 0xBE17, 0xA534,
 0x738E, 0x4208, 0x31A6, 0x39C7, 0x3A08, 0x4229, 0x42CD, 0x5C14, 0x6CF8, 0x74F9, 0x6C77, 0x5B54, 0x51F0, 0x40AC, 0x404B, 0x50CC,
 0x726F, 0x9C93, 0xBDF8, 0xB5F9, 0x8D57, 0x6C96, 0x6456, 0x4BB4, 0x2A6E, 0x198A, 0x1169, 0x1989, 0x29C8, 0x31C8, 0x39E7, 0x4208,
 0x4A48, 0x428A, 0x3B4E, 0x34F4, 0x365A, 0x377D, 0x3FDF, 0x3FFF, 0x3FFF, 0x3FFF, 0x37BE, 0x373C, 0x4E59, 0x85F7, 0xA5F7, 0xB5F7,
 0xB5F7, 0xB5F7, 0xB5F7, 0xB5F7, 0xBDF7, 0xBE17, 0xC638, 0xB596, 0x9492, 0x738D, 0x632C, 0x734B, 0x7B8B, 0x738C, 0x636E, 0x4B71,
 0x95EF, 0x8DCE, 0x8DEE, 0x8DEE, 0x8DEE, 0x8DCE, 0x8DEE, 0x8DEE, 0x8DCE, 0x8DCE, 0x8DCE, 0x8DCE, 0x8DEE, 0x8DEE, 0x8DEE, 0x8DCE,
 0x8DCE, 0x8DCE, 0x8DCE, 0x8DEE, 0x960F, 0xAE72, 0xA651, 0x95EE, 0x8DEE, 0x8DEE, 0x8E0E, 0x960E, 0x8E0F, 0xA611, 0x3AD7, 0x1118,
 0x2996, 0x6357, 0xAD7B, 0xBE3C, 0xC67D, 0xE75E, 0xEF7E, 0xD6BD, 0xC65D, 0xBE1C, 0x94B9, 0x4256, 0x1937, 0x221A, 0x853C, 0xAE35,
 0x756C, 0x6D2B, 0x6D2B, 0x6D4B, 0x856D, 0xADD4, 0xB5F7, 0xBDF7, 0xBE17, 0xB5F7, 0xB5F7, 0xB5F7, 0xB5F7, 0xBE17, 0xBE18, 0xAD75,
 0x7BEF, 0x4A49, 0x39C7, 0x39C7, 0x3A08, 0x4249, 0x530D, 0x6413, 0x6CF8, 0x74F9, 0x6C98, 0x6395, 0x5230, 0x490D, 0x590D, 0x7230,
 0xAC95, 0xCE5A, 0xCEBB, 0xADF9, 0x8518, 0x6498, 0x5C98, 0x5417, 0x3312, 0x19ED, 0x098B, 0x116B, 0x21AA, 0x31C8, 0x39E7, 0x3A08,
 0x4208, 0x3A08, 0x3229, 0x2B8E, 0x2D35, 0x371C, 0x3FBF, 0x3FFF, 0x3FFF, 0x3FFF, 0x3FFF, 0x3FFF, 0x3F9E, 0x5F1B, 0x8699, 0xAE17,
 0xBDF7, 0xB5F7, 0xBDF7, 0xB617, 0xBDF7, 0xBE17, 0xBE17, 0xAD54, 0x8C4F, 0x738B, 0x738A, 0x7BCA, 0x840B, 0x6BED, 0x5BB0, 0x4BB3,
 0x95EF, 0x8DCE, 0x8DCE, 0x8DCE, 0x8DEE, 0x8DEE, 0x8DEE, 0x8DEE, 0x8DCE, 0x8DCE, 0x8DEE, 0x8DEE, 0x8DEE, 0x8DEE, 0x8DEE, 0x8DEE,
 0x8DEE, 0x8DCE, 0x8DCE, 0x8DCE, 0x960F, 0xAE92, 0xA651, 0x95EE, 0x8DCE, 0x8DCE, 0x8DCE, 0x8DCE, 0x8DEE, 0x9DF0, 0x3AB7, 0x1119,
 0x3A37, 0x8C99, 0x94D9, 0x73B9, 0x6BB9, 0x6BBA, 0x73BA, 0x73B9, 0x73B9, 0x7C19, 0xA53A, 0x5B17, 0x1957, 0x221A, 0x853C, 0xAE35,
 0x756C, 0x6D2B, 0x6D2B, 0x6D4B, 0x856D, 0xADD4, 0xB5F7, 0xBDF7, 0xB5F7, 0xB5F7, 0xB5F7, 0xB5F7, 0xB5F7, 0xBE17, 0xC618, 0xAD75,
 0x8410, 0x528A, 0x4208, 0x4208, 0x4228, 0x426A, 0x52ED, 0x5391, 0x53B2, 0x5351, 0x4AAF, 0x49EC, 0x494B, 0x496B, 0x5A2D, 0x734F,
 0x9CF4, 0xC639, 0xC67A, 0x9D98, 0x7CD7, 0x64B8, 0x5CB9, 0x5457, 0x3B53, 0x1A0E, 0x11AC, 0x19AB, 0x29CA, 0x31E8, 0x39E7, 0x4208,
 0x4A49, 0x4AAB, 0x532D, 0x4BF1, 0x44D5, 0x363A, 0x373D, 0x37DF, 0x3FFF, 0x3FFF, 0x3FDF, 0x37BE, 0x3F9E, 0x4F3C, 0x76BA, 0xA638,
 0xB5F7, 0xB5F7, 0xB5F7, 0xB617, 0xB5F7, 0xBE17, 0xBDF6, 0x9CD0, 0x83EB, 0x7B88, 0x8BE8, 0x8C09, 0x7BEA, 0x6C0E, 0x6475, 0x6519,
 0x960F, 0x8DCE, 0x8DCE, 0x8DCE, 0x8DEE, 0x8DEE, 0x8DEE, 0x8DEE, 0x8DEE, 0x8DEE, 0x8DEE, 0x8DEE, 0x8DEE, 0x8DEE, 0x8DEE, 0x8DEE,
 0x8DEE, 0x8DEE, 0x8DEE, 0x8DCE, 0x960F, 0xAE92, 0xA651, 0x95EE, 0x8DCE, 0x8DEE, 0x8DCE, 0x8DCE, 0x85CE, 0x9DF0, 0x3AB7, 0x0938,
 0x4277, 0x9CDA, 0xA53A, 0x8C59, 0x8439, 0x843A, 0x845A, 0x845A, 0x8419, 0x8C99, 0xA53B, 0x4A97, 0x1937, 0x221A, 0x853C, 0xAE35,
 0x756C, 0x6D2B, 0x6D2B, 0x6D4B, 0x7D6D, 0xADD4, 0xB5F7, 0xB5F7, 0xB617, 0xB5F7, 0xB5F7, 0xB5F7, 0xBDF7, 0xBE17, 0xBE38, 0xAD75,
 0x8410, 0x528A, 0x4228, 0x4228, 0x4208, 0x4229, 0x4ACC, 0x63D2, 0x6413, 0x532F, 0x426B, 0x3A09, 0x4A6B, 0x5B2F, 0x5BB1, 0x63F2,
 0x7432, 0x84B3, 0x8472, 0x6B8F, 0x530D, 0x4AEE, 0x430F, 0x3ACE, 0x2A2C, 0x29CA, 0x29C9, 0x4228, 0x6267, 0x6A87, 0x7AC7, 0x8B28,
 0x9BCB, 0x9C2E, 0x73D1, 0x42F0, 0x2A70, 0x1B32, 0x2517, 0x2E9B, 0x2EBC, 0x2E7A, 0x2D96, 0x2CD3, 0x4CD3, 0x8575, 0xA5F7, 0xB5F7,
 0xB5F7, 0xBDF7, 0xB5F7, 0xB5F7, 0xBE17, 0xBE17, 0xBE17, 0xA512, 0x83EC, 0x7368, 0x7B88, 0x83E9, 0x842A, 0x7C6E, 0x6D16, 0x657A,
 0x960F, 0x8DEE, 0x8DEE, 0x8DEE, 0x8DEE, 0x8DCE, 0x8DEE, 0x8DEE, 0x8DEE, 0x8DEE, 0x8DEE, 0x8DEE, 0x8DEE, 0x8DEE, 0x8DEE, 0x8DEE,
 0x8DEE, 0x8DEE, 0x8DEE, 0x8DEE, 0x960F, 0xAE92, 0xA651, 0x95EE, 0x8DCE, 0x8DEE, 0x8DEE, 0x8DCE, 0x8DEE, 0x9DF0, 0x42B7, 0x0939,
 0x0918, 0x1937, 0x2976, 0x39F6, 0x6358, 0x94DA, 0x9D1A, 0x7BF8, 0x8439, 0xA55B, 0x9499, 0x52B6, 0x1957, 0x21FA, 0x851C, 0xAE15,
 0x756C, 0x6D2B, 0x6D2B, 0x6D4B, 0x856D, 0xADD4, 0xB5F6, 0xB5F7, 0xB5F7, 0xB5F7, 0xB5F7, 0xB5F7, 0xB5F7, 0xBE17, 0xC618, 0xAD75,
 0x8430, 0x528A, 0x4228, 0x4228, 0x4208, 0x39E8, 0x4229, 0x4AAB, 0x530D, 0x4AAB, 0x4229, 0x4208, 0x4A49, 0x4A8B, 0x4AAB, 0x4A8B,
 0x4A6A, 0x4A69, 0x4249, 0x4208, 0x39E7, 0x39E8, 0x4228, 0x4208, 0x39E8, 0x39E7, 0x4A07, 0x7287, 0x9307, 0xBBA9, 0xD44A, 0xE46A,
 0xDC8B, 0xB46D, 0x7BF1, 0x4332, 0x2A71, 0x19B0, 0x09B0, 0x09F0, 0x09B0, 0x096D, 0x1149, 0x2987, 0x5AEB, 0x94D2, 0xAD95, 0xB5F7,
 0xB5F7, 0xB5F7, 0xB5F7, 0xB5F7, 0xBDF7, 0xBE17, 0xC638, 0xB595, 0x9471, 0x738D, 0x6B4B, 0x7B8B, 0x840C, 0x7C2E, 0x6C52, 0x6475,
 0x960F, 0x8DEE, 0x8DEE, 0x8DEE, 0x8DEE, 0x8DEE, 0x8DEE, 0x8DEE, 0x8DCE, 0x8DCE, 0x8DCE, 0x8DCE, 0x8DEE, 0x8DCE, 0x8DEE, 0x8DEE,
 0x8DEE, 0x8DCE, 0x8DCE, 0x8DCE, 0x95EF, 0xAE92, 0xA651, 0x8DEE, 0x8DCE, 0x8DEE, 0x8DEE, 0x8DCE, 0x8DCE, 0x9DF0, 0x3AB7, 0x1139,
 0x29D8, 0x4A78, 0x4A98, 0x4A97, 0x8C7A, 0xD6DD, 0xD6FE, 0x8C99, 0xA51B, 0xA53A, 0xA53A, 0x951A, 0x31F7, 0x21D8, 0x84FB, 0xAE35,
 0x756C, 0x6D2B, 0x6D2B, 0x6D4B, 0x856D, 0xADD4, 0xB5F7, 0xBDF7, 0xB617, 0xB5F7, 0xB5F7, 0xB5F7, 0xB5F7, 0xBE17, 0xC618, 0xAD75,
 0x8430, 0x528A, 0x4249, 0x4249, 0x4269, 0x4249, 0x4228, 0x4228, 0x4228, 0x4208, 0x3A08, 0x3A08, 0x4228, 0x4228, 0x39E8, 0x39E7,
 0x39E7, 0x4228, 0x4208, 0x4208, 0x39E7, 0x39E7, 0x4208, 0x4208, 0x39E9, 0x3A2A, 0x4AAC, 0x636F, 0x7C10, 0x8451, 0x944F, 0x9C2D,
 0xA40D, 0x9470, 0x7CF6, 0x64F9, 0x5437, 0x3292, 0x110F, 0x004D, 0x002C, 0x004B, 0x10A8, 0x2947, 0x5ACB, 0x94B2, 0xAD95, 0xB5F7,
 0xBDF7, 0xB5F7, 0xB5F7, 0xB5F7, 0xB5F7, 0xBE18, 0xC638, 0xB596, 0x9492, 0x738E, 0x632C, 0x6B4D, 0x6B6D, 0x6B6D, 0x6B6E, 0x638F,
 0x960F, 0x8DEE, 0x8DEE, 0x8DEE, 0x8DEE, 0x8DEE, 0x8DEE, 0x8DEE, 0x8DEE, 0x8DEE, 0x8DCE, 0x8DCE, 0x8DCE, 0x8DCE, 0x8DCE, 0x8DCE,
 0x8DCE, 0x8DCE, 0x8DCE, 0x8DCE, 0x95EF, 0xAE92, 0xA651, 0x8DEE, 0x8DCE, 0x8DCE, 0x8DCE, 0x8DCE, 0x85CE, 0x9DD0, 0x3AB7, 0x1159,
 0x4278, 0x6B99, 0x73B9, 0x73B9, 0x9CFA, 0xCE9D, 0xD6DE, 0x9CFA, 0x94BA, 0x8459, 0x9CFA, 0x94FA, 0x31F6, 0x21B7, 0x84FB, 0xAE35,
 0x756C, 0x6D4B, 0x6D4B, 0x6D4B, 0x7D6D, 0xADD4, 0xB5F7, 0xBDF7, 0xB5F7, 0xB5F7, 0xB5F7, 0xB5F7, 0xB5F7, 0xBE17, 0xC618, 0xAD95,
 0x8451, 0x52EC, 0x4AED, 0x5390, 0x5452, 0x5C73, 0x53D0, 0x4B2E, 0x4B2F, 0x5391, 0x53B1, 0x4B70, 0x3AEE, 0x326C, 0x2A2A, 0x2A09,
 0x3A08, 0x4228, 0x4208, 0x31A7, 0x3188, 0x3168, 0x294A, 0x290C, 0x2130, 0x31F2, 0x4315, 0x5477, 0x5CB8, 0x4C15, 0x3311, 0x2A6E,
 0x322C, 0x3A8D, 0x4331, 0x4BB3, 0x4373, 0x2A71, 0x192D, 0x088B, 0x0869, 0x1087, 0x18E5, 0x2966, 0x5ACB, 0x94B2, 0xAD95, 0xB5F7,
 0xB5F7, 0xB5F7, 0xB5F7, 0xB617, 0xBDF7, 0xBE18, 0xC638, 0xB596, 0x9492, 0x738E, 0x632C, 0x6B4D, 0x6B6D, 0x6B6D, 0x632D, 0x632C,
 0x960F, 0x8DEE, 0x8DCE, 0x8DCE, 0x8DCE, 0x8DCE, 0x8DEE, 0x8DEE, 0x8DEE, 0x8DEE, 0x8DEE, 0x8DEE, 0x8DCE, 0x8DCE, 0x8DCE, 0x8DCE,
 0x8DCE, 0x8DCE, 0x8DCE, 0x8DCE, 0x960F, 0xAE92, 0xA651, 0x95EE, 0x8DCE, 0x8DCE, 0x8DCE, 0x8DCE, 0x85EE, 0x95D0, 0x3AB6, 0x1139,
 0x1139, 0x1158, 0x1937, 0x2176, 0x73B9, 0xB5BB, 0xA55B, 0xAD7B, 0x9CF9, 0x6B77, 0x7BF9, 0x73D9, 0x29B5, 0x21B7, 0x84DB, 0xAE35,
 0x756C, 0x6D2B, 0x6D4B, 0x6D4B, 0x7D6D, 0xADD4, 0xB5F7, 0xBDF7, 0xB5F7, 0xB5F7, 0xB5F7, 0xB5F7, 0xB5F7, 0xBE17, 0xBE18, 0xA5B6,
 0x7CD3, 0x5431, 0x5C94, 0x64D6, 0x6558, 0x6598, 0x5D16, 0x5475, 0x5CB7, 0x6D39, 0x6D39, 0x5CB7, 0x3BB3, 0x22CF, 0x1A8E, 0x1A6D,
 0x2A6B, 0x3A4A, 0x31E9, 0x2148, 0x18C9, 0x188A, 0x106C, 0x106F, 0x18D0, 0x3253, 0x4BD7, 0x5D1A, 0x5D19, 0x4C36, 0x3312, 0x1A4F,
 0x11AD, 0x098C, 0x118C, 0x196A, 0x1948, 0x1907, 0x18E6, 0x18C6, 0x18E5, 0x18E4, 0x2104, 0x3165, 0x5ACB, 0x94B2, 0xAD95, 0xB5F7,
 0xB5F7, 0xB5F7, 0xB5F7, 0xB5F7, 0xBDF7, 0xBE17, 0xC638, 0xB596, 0x9492, 0x738E, 0x632C, 0x6B4D, 0x6B4D, 0x6B4D, 0x632C, 0x632B,
 0x9E50, 0x962F, 0x960F, 0x960E, 0x960E, 0x8E0E, 0x8E0E, 0x8DEE, 0x8DCE, 0x8DCE, 0x8DEE, 0x8DEE, 0x8DEE, 0x8DEE, 0x8DCE, 0x8DCE,
 0x8DEE, 0x8DCE, 0x8DEE, 0x8DCE, 0x960F, 0xAE92, 0xA651, 0x8DEE, 0x8DCE, 0x8DCE, 0x8DCE, 0x8DCE, 0x8DEE, 0x95D0, 0x4274, 0x1916,
 0x5B18, 0x94DA, 0xAD7B, 0xB5BC, 0xB5DC, 0xBDDC, 0xB5BC, 0xB59B, 0xB59B, 0xAD5B, 0x9D1A, 0x5B17, 0x2155, 0x29F8, 0x851C, 0xAE35,
 0x754C, 0x6D2B, 0x654C, 0x5D6E, 0x65B1, 0x85F6, 0x8DF8, 0x8E18, 0x8DF8, 0x8DF7, 0x8DD7, 0x8DD7, 0x8DD7, 0x9DD7, 0xA618, 0x95D7,
 0x7555, 0x6576, 0x75FA, 0x863B, 0x7E3B, 0x763A, 0x6598, 0x54D7, 0x5C98, 0x64D9, 0x64D8, 0x4BF5, 0x2AF0, 0x126E, 0x1AAF, 0x2B52,
 0x43F4, 0x5C14, 0x5350, 0x3A4B, 0x2988, 0x2108, 0x20CB, 0x188E, 0x18CF, 0x21D1, 0x3B14, 0x4BF6, 0x43D5, 0x3311, 0x1A2E, 0x11AC,
 0x096B, 0x094A, 0x1129, 0x1926, 0x1904, 0x1904, 0x2104, 0x2104, 0x2104, 0x2104, 0x2944, 0x49C5, 0x730A, 0x9C6F, 0xB511, 0xBD52,
 0xBD52, 0xBD52, 0xBD52, 0xBD52, 0xBD53, 0xBDB4, 0xC617, 0xB596, 0x9492, 0x738E, 0x632C, 0x632D, 0x6B4C, 0x630A, 0x6308, 0x7347,
 0xA670, 0x9E4F, 0x962F, 0x962F, 0x962F, 0x962F, 0x962F, 0x964F, 0x9E4F, 0xAE92, 0xB6B3, 0xB6B2, 0xB6B3, 0xA671, 0x960F, 0x960E,
 0x960E, 0x8E0E, 0x8E0E, 0x8DEE, 0x960F, 0xB693, 0xA671, 0x95EE, 0x8DEE, 0x8DEE, 0x8DCE, 0x8DCE, 0x8DEE, 0x95F0, 0x4274, 0x10D6,
 0x39F6, 0x8459, 0xA55A, 0x949A, 0x94BA, 0x94BA, 0x94BA, 0x94BA, 0x94BA, 0x9CFA, 0x9D1A, 0x4235, 0x18F6, 0x221A, 0x853C, 0xAE35,
 0x754C, 0x654B, 0x5D8E, 0x4616, 0x3E3C, 0x3E3B, 0x3E1B, 0x3DDA, 0x3599, 0x3578, 0x3558, 0x3557, 0x3558, 0x4D98, 0x7DF9, 0x9597,
 0x7CF4, 0x6C93, 0x7536, 0x7578, 0x6D99, 0x6DB8, 0x5D15, 0x43B0, 0x32CF, 0x2AAF, 0x228E, 0x1A4C, 0x120B, 0x1A4C, 0x2B51, 0x4455,
 0x5D19, 0x64F8, 0x53F3, 0x42AC, 0x3A09, 0x39E8, 0x3A0B, 0x320E, 0x29F0, 0x2210, 0x2A70, 0x3B12, 0x4373, 0x4352, 0x3ACF, 0x326D,
 0x29EA, 0x2188, 0x2166, 0x2124, 0x2104, 0x2104, 0x2104, 0x2104, 0x2104, 0x3124, 0x51C4, 0x8AA6, 0xB368, 0xC3C8, 0xCBE9, 0xCBE9,
 0xCBE9, 0xC3C9, 0xC3C9, 0xBBA8, 0xBBC9, 0xC46C, 0xC573, 0xAD75, 0x8CB3, 0x73CF, 0x636E, 0x6B4D, 0x6B4B, 0x6309, 0x6B07, 0x7368,
 0x9E50, 0x962F, 0x962F, 0x962F, 0x962F, 0x962F, 0x962F, 0x9E4F, 0xA691, 0xBED3, 0xAE91, 0x9E4F, 0xB6B2, 0xBED3, 0xA671, 0x962F,
 0x962F, 0x962F, 0x962F, 0x962F, 0x9E4F, 0xB6B3, 0xAE92, 0x9E2F, 0x962F, 0x962F, 0x962F, 0x960E, 0x960E, 0x9610, 0x4275, 0x10D6,
 0x5AF8, 0xAD7B, 0x7BF8, 0x4256, 0x4257, 0x4257, 0x4257, 0x4278, 0x4257, 0x6B58, 0xB5DB, 0x6337, 0x1937, 0x221A, 0x853C, 0xAE35,
 0x756C, 0x654B, 0x5D8E, 0x3E17, 0x363C, 0x35FB, 0x2DBA, 0x2D99, 0x2D78, 0x2D58, 0x2D78, 0x2D99, 0x35DA, 0x4E1B, 0x7E3A, 0x9596,
 0x7C31, 0x5AEB, 0x52EC, 0x532D, 0x534D, 0x534C, 0x530B, 0x4ACA, 0x3ACC, 0x32EE, 0x3AEE, 0x430D, 0x4B4C, 0x53AE, 0x5C53, 0x5CB7,
 0x5CD7, 0x5413, 0x4B0E, 0x3A4A, 0x3A4A, 0x42AD, 0x5391, 0x53F5, 0x3B53, 0x224F, 0x19EE, 0x2A4E, 0x3ACF, 0x4B2E, 0x4B0D, 0x4ACC,
 0x4A8B, 0x4A8B, 0x3A4A, 0x31E8, 0x2986, 0x2145, 0x2104, 0x2104, 0x2104, 0x3124, 0x59E5, 0xA307, 0xCBC8, 0xD3E9, 0xD3E9, 0xCBC8,
 0xC3A8, 0xC387, 0xC387, 0xC3A8, 0xD409, 0xD4AC, 0xC572, 0xA576, 0x8CF6, 0x7C53, 0x8BF1, 0x93EF, 0x8BAE, 0x6B0C, 0x426A, 0x3209,
 0x9E50, 0x964F, 0x962F, 0x962F, 0x962F, 0x962F, 0x962F, 0xA670, 0xB6B3, 0xB6B3, 0x9E4F, 0x962F, 0xA670, 0xB6D3, 0xB6B2, 0x9E4F,
 0x962F, 0x962F, 0x962F, 0x962F, 0x9E50, 0xB6B3, 0xAE92, 0x9E4F, 0x962F, 0x962F, 0x962F, 0x962F, 0x962F, 0x9E31, 0x42B7, 0x1138,
 0x1117, 0x31B6, 0x5B18, 0x6BB9, 0x6B99, 0x6B98, 0x6BD8, 0x6BB7, 0x6B78, 0x6359, 0x3A37, 0x1137, 0x1138, 0x221A, 0x851C, 0xAE35,
 0x756C, 0x654B, 0x5D8E, 0x3DF6, 0x35FB, 0x2DBA, 0x2D99, 0x2D79, 0x2D79, 0x2DBA, 0x35FB, 0x363B, 0x3E3C, 0x4E3B, 0x7E39, 0x8D55,
 0x7BCE, 0x5A68, 0x5226, 0x5A26, 0x6266, 0x7286, 0x72A7, 0x62EA, 0x4AEE, 0x42CE, 0x4A8B, 0x5248, 0x5A46, 0x5A86, 0x5AC9, 0x634D,
 0x6BF1, 0x73F2, 0x6390, 0x4B0E, 0x4310, 0x4B93, 0x4BD5, 0x4374, 0x2A90, 0x11CD, 0x098C, 0x19CC, 0x320B, 0x426A, 0x5ACB, 0x6B8E,
 0x8CB3, 0x9556, 0x84D6, 0x6C55, 0x5BF3, 0x4B30, 0x2A0B, 0x1947, 0x1905, 0x2945, 0x5A05, 0xA327, 0xCBC8, 0xD3C8, 0xCBA8, 0xC388,
 0xC387, 0xCBA8, 0xDBE9, 0xE429, 0xE44A, 0xDCCC, 0xCD10, 0xB490, 0x9BAD, 0x9B2C, 0xBB8C, 0xCBEE, 0xB3CE, 0x834E, 0x4AAF, 0x32AF,
 0x9E50, 0x962F, 0x964F, 0x962F, 0x962F, 0x962F, 0x9E2F, 0xAE91, 0xBED3, 0xAE91, 0x9E2F, 0x962F, 0x9E4F, 0xAE92, 0xB6B3, 0xA650,
 0x962F, 0x962F, 0x962F, 0x962F, 0x9E4F, 0xB6B3, 0xAE92, 0x9E4F, 0x962F, 0x962F, 0x962F, 0x9E2F, 0x962F, 0x9E31, 0x42B7, 0x1139,
 0x1119, 0x0937, 0x1237, 0x12B8, 0x1AB7, 0x249A, 0x2E1C, 0x1BD7, 0x1135, 0x10F8, 0x1118, 0x10F7, 0x10F6, 0x21B8, 0x84DB, 0xAE35,
 0x756C, 0x652B, 0x5D6D, 0x3DB5, 0x2DBA, 0x2D99, 0x2D99, 0x2DBA, 0x35FB, 0x363C, 0x363C, 0x363C, 0x361B, 0x4DFA, 0x75F8, 0x8D14,
 0x7BAD, 0x5A25, 0x61E4, 0x7224, 0x7A45, 0x7265, 0x6288, 0x534F, 0x5415, 0x5C36, 0x5BD3, 0x532E, 0x5A88, 0x6225, 0x6A45, 0x7AA6,
 0x9B6A, 0xABEE, 0x8B8E, 0x52AD, 0x322D, 0x220D, 0x19ED, 0x11AC, 0x096B, 0x094A, 0x118A, 0x2A2A, 0x4B2C, 0x742F, 0x8D12, 0xA5B5,
 0xB617, 0xA5D8, 0x7CD7, 0x5C57, 0x5C37, 0x4BB4, 0x2A8F, 0x118B, 0x0949, 0x1969, 0x5227, 0x9B07, 0xC388, 0xCBA8, 0xC388, 0xCBA8,
 0xD3E8, 0xDC29, 0xE429, 0xE429, 0xE44A, 0xDCAC, 0xCCCF, 0xB40D, 0xAB4B, 0xB34B, 0xCBAD, 0xD40E, 0xC40F, 0x93D0, 0x63D3, 0x5C57,
 0x9E50, 0x962F, 0x962F, 0x962F, 0x962F, 0x962F, 0x9E2F, 0xB6B2, 0xB6D3, 0xA650, 0x962F, 0x9E4F, 0x9E4F, 0xA671, 0xBED4, 0xA671,
 0x962F, 0x962F, 0x962F, 0x962F, 0x9E4F, 0xB6B3, 0xAE92, 0x9E4F, 0x9E2F, 0x962F, 0x9E4F, 0x964F, 0x9E2F, 0x9E31, 0x4296, 0x1117,
 0x10F7, 0x10F6, 0x1AF7, 0x257C, 0x2DDD, 0x3E9E, 0x575E, 0x5EDD, 0x4CB9, 0x32D6, 0x1935, 0x10D6, 0x10F6, 0x21B8, 0x84FC, 0xAE35,
 0x756C, 0x652B, 0x5D6D, 0x3D95, 0x2D99, 0x2DB9, 0x35DA, 0x361B, 0x363C, 0x363C, 0x361B, 0x35FA, 0x35BA, 0x4DD9, 0x75F8, 0x9534,
 0x7BCE, 0x5A46, 0x59E4, 0x61E4, 0x7225, 0x7A65, 0x6AE9, 0x63D1, 0x5C77, 0x64B8, 0x5C77, 0x5BD2, 0x5AEB, 0x5A66, 0x6A66, 0x7AC7,
 0x834B, 0x836E, 0x6B0E, 0x42AE, 0x326E, 0x2A6E, 0x2A4F, 0x2A2F, 0x2A0F, 0x2A0D, 0x222A, 0x1A68, 0x22C8, 0x2B49, 0x3BAA, 0x43EB,
 0x544D, 0x5C91, 0x5C95, 0x5CB8, 0x5CB9, 0x5457, 0x3B33, 0x1A0E, 0x118B, 0x19AB, 0x4A29, 0x9307, 0xBB67, 0xC388, 0xCBA8, 0xDBE9,
 0xE429, 0xE409, 0xDBE9, 0xDC09, 0xDC4A, 0xDCAC, 0xCD10, 0xB4B1, 0x93EF, 0x8B8E, 0x9B8D, 0xB3EE, 0xB40F, 0x8BF0, 0x5BF3, 0x4C57,
 0x9E50, 0x962F, 0x962F, 0x962F, 0x962F, 0x962F, 0x9E70, 0xB6D3, 0xB6B3, 0x9E4F, 0x964F, 0x962F, 0x9E4F, 0x9E70, 0xB6D3, 0xAE92,
 0x9E4F, 0x9E4F, 0x9E4F, 0x962F, 0x9E50, 0xB6B3, 0xAE92, 0x9E4F, 0x9E4F, 0x962F, 0x964F, 0x9E4F, 0x962F, 0xA631, 0x42B6, 0x0938,
 0x1118, 0x1196, 0x2439, 0x2DFC, 0x361C, 0x6EFE, 0x9F7E, 0x7D9A, 0x3AB6, 0x2196, 0x1138, 0x0939, 0x0939, 0x221A, 0x853C, 0xAE35,
 0x756C, 0x652B, 0x554D, 0x3D95, 0x2DB9, 0x35FB, 0x361B, 0x363C, 0x363C, 0x361B, 0x2DDA, 0x2DB9, 0x3599, 0x45B9, 0x75F9, 0x9555,
 0x7C10, 0x5289, 0x4A28, 0x4A27, 0x5A47, 0x6A87, 0x6AE9, 0x636E, 0x5BD3, 0x5C14, 0x5BD1, 0x5B4D, 0x5AEA, 0x5ACA, 0x530D, 0x5B50,
 0x5BD3, 0x5BD5, 0x4B13, 0x31F0, 0x218F, 0x2A11, 0x4B34, 0x5BB7, 0x5B57, 0x4AF4, 0x4333, 0x43B3, 0x4BF3, 0x43F1, 0x2B6C, 0x1B29,
 0x1B48, 0x23AA, 0x340E, 0x4C33, 0x4C15, 0x4394, 0x2A90, 0x19CC, 0x1169, 0x2188, 0x5207, 0x92E6, 0xBB88, 0xD3C8, 0xDC09, 0xE429,
 0xDC09, 0xD3C8, 0xD3C8, 0xDC09, 0xE44A, 0xDCCD, 0xCD72, 0xA596, 0x8D16, 0x7453, 0x6BD1, 0x7BAF, 0x73B0, 0x63F1, 0x4453, 0x3CD6,
 0x9E50, 0x962F, 0x964F, 0x964F, 0x964F, 0x962F, 0xA670, 0xBED3, 0xAE92, 0x962F, 0x962F, 0x962F, 0x962F, 0x9E4F, 0xB6B2, 0xB6B3,
 0x9E50, 0x962F, 0x962F, 0x962F, 0x9E50, 0xB6D3, 0xAEB2, 0x9E4F, 0x9E4F, 0x9E4F, 0x962F, 0x9E2F, 0x962F, 0xA631, 0x3AB7, 0x1139,
 0x1118, 0x10F7, 0x08D5, 0x10F6, 0x10F5, 0x2A15, 0x4B77, 0x3215, 0x10F7, 0x10F7, 0x10D6, 0x10F7, 0x10F7, 0x21F9, 0x851C, 0xAE35,
 0x756C, 0x652B, 0x554D, 0x3DB5, 0x35FA, 0x363B, 0x363C, 0x363C, 0x361B, 0x2DDA, 0x2D99, 0x2D99, 0x35B9, 0x45D9, 0x7E19, 0x9597,
 0x8492, 0x636F, 0x5B6F, 0x5370, 0x4B4F, 0x42ED, 0x3A8B, 0x3AAD, 0x3B31, 0x3BB4, 0x4416, 0x4437, 0x4437, 0x4437, 0x4C77, 0x5CD9,
 0x64F9, 0x5437, 0x3AB3, 0x192F, 0x088E, 0x08CE, 0x29F2, 0x4B55, 0x5396, 0x5395, 0x53F6, 0x64D9, 0x6D7A, 0x6538, 0x4C92, 0x340D,
 0x23C9, 0x1BC9, 0x2389, 0x32EB, 0x3AAC, 0x3A6C, 0x29EA, 0x2167, 0x2125, 0x2944, 0x51E5, 0x9AE6, 0xC3A8, 0xDC09, 0xE429, 0xDC09,
 0xCBA8, 0xCBA8, 0xDBE9, 0xE429, 0xE46A, 0xDCAC, 0xC511, 0x9CB3, 0x7BD1, 0x5AEE, 0x4A6E, 0x422F, 0x4291, 0x4B32, 0x53D4, 0x4BF4,
 0x9E50, 0x962F, 0x964F, 0x964F, 0x964F, 0x964F, 0xAE91, 0xBED3, 0xA671, 0x962F, 0x962F, 0x9E4F, 0x962F, 0x9E4F, 0xAE91, 0xBEB3,
 0xA650, 0x964F, 0x962F, 0x962F, 0x9E50, 0xB6D3, 0xAE92, 0x9E4F, 0x9E4F, 0x9E4F, 0x962F, 0x9E2F, 0x962F, 0x9E11, 0x42B6, 0x10F7,
 0x5AD7, 0x8C79, 0x31F7, 0x10D6, 0x31D6, 0x94B9, 0x8458, 0x6B78, 0x8C7A, 0x8C99, 0x8439, 0x31D5, 0x10F5, 0x21B7, 0x84DB, 0xAE35,
 0x756C, 0x654B, 0x5D6D, 0x3DD6, 0x361B, 0x363C, 0x363C, 0x361B, 0x2DDA, 0x2DBA, 0x2D99, 0x2DB9, 0x35DA, 0x4E1A, 0x7E3A, 0x9DF9,
 0x8D77, 0x6CD6, 0x5474, 0x4453, 0x34B4, 0x34F5, 0x2C52, 0x2B2F, 0x2A8E, 0x224F, 0x1A2E, 0x120E, 0x120F, 0x1A70, 0x3332, 0x4C35,
 0x6D39, 0x7539, 0x5BD5, 0x31D0, 0x18EE, 0x10EE, 0x29D0, 0x3A92, 0x42B1, 0x3A70, 0x3AB0, 0x4B92, 0x5C55, 0x6494, 0x5C30, 0x4BCC,
 0x3B89, 0x338A, 0x338C, 0x434E, 0x4B0E, 0x4ACB, 0x4A48, 0x39A5, 0x3144, 0x3943, 0x5A05, 0xA327, 0xD3E9, 0xE429, 0xDC09, 0xCBA8,
 0xC388, 0xD3E8, 0xE429, 0xE449, 0xE44A, 0xD44B, 0x9BCD, 0x5A4D, 0x312D, 0x18AE, 0x188F, 0x18D0, 0x21D1, 0x3B14, 0x4BF6, 0x43B4,
 0x9E30, 0x960E, 0x962E, 0x962F, 0x962F, 0x962F, 0xAEB2, 0xB6D3, 0xA670, 0x962F, 0x962F, 0x962F, 0x962F, 0x962F, 0xA670, 0xBED4,
 0xA671, 0x9E4F, 0x9E4F, 0x964F, 0x9E50, 0xB6B3, 0xAE92, 0x9E4F, 0x962F, 0x962F, 0x962F, 0x962F, 0x9E2F, 0x9E11, 0x4275, 0x10F6,
 0x73B9, 0xBDFC, 0x4A77, 0x10D6, 0x39F6, 0xB5BB, 0xD6DD, 0xCE9C, 0x5AD6, 0x29B6, 0xA55B, 0x8C98, 0x29B6, 0x21D8, 0x84FB, 0xAE35,
 0x756C, 0x654B, 0x5D6D, 0x3DF6, 0x363C, 0x363C, 0x361B, 0x35DA, 0x2DB9, 0x2DB9, 0x2DBA, 0x35DA, 0x3E1B, 0x4E3B, 0x7E5A, 0x8DD8,
 0x6D15, 0x3CB4, 0x2D16, 0x2DB8, 0x2E39, 0x363A, 0x3578, 0x3414, 0x32F1, 0x1A2E, 0x11AC, 0x096C, 0x094C, 0x096C, 0x11AC, 0x222D,
 0x532F, 0x7BAF, 0x834E, 0x72CC, 0x628C, 0x4A6E, 0x320F, 0x196E, 0x10CD, 0x086C, 0x086B, 0x18CB, 0x3168, 0x5A27, 0x7266, 0x6A66,
 0x5A87, 0x52EC, 0x4B71, 0x4B71, 0x4B0E, 0x4A69, 0x5A05, 0x59E4, 0x59E4, 0x59E4, 0x7A65, 0xB367, 0xDC09, 0xDC09, 0xCBA8, 0xBB67,
 0xCBA8, 0xDC09, 0xE449, 0xE44A, 0xE46A, 0xD46C, 0xAC2E, 0x62CE, 0x39AD, 0x20ED, 0x188E, 0x18D0, 0x3213, 0x4BB6, 0x5CFA, 0x5CD9,
 0x960F, 0x8DEE, 0x8DEE, 0x8DEE, 0x8DEE, 0x960F, 0xAE92, 0xAE92, 0x962F, 0x960E, 0x960E, 0x960E, 0x960E, 0x960E, 0x9E50, 0xB6D3,
 0xAE71, 0x9E4F, 0x962F, 0x962F, 0x9E4F, 0xB6B3, 0xAE92, 0x9E2F, 0x962F, 0x962F, 0x962F, 0x962F, 0x962F, 0x9E11, 0x4295, 0x1117,
 0x6B99, 0xADBB, 0x6337, 0x4257, 0x52B7, 0xADBB, 0xC65C, 0xC65C, 0x73D8, 0x52D7, 0xB5BB, 0x7C18, 0x2196, 0x21F9, 0x851C, 0xAE35,
 0x756C, 0x654B, 0x5D6E, 0x3DF7, 0x363C, 0x363C, 0x35FB, 0x2DBA, 0x2DB9, 0x2DB9, 0x35DA, 0x361B, 0x3E3B, 0x4E3B, 0x7E5A, 0x8DD8,
 0x6D15, 0x3494, 0x2516, 0x2DD8, 0x2E5A, 0x367A, 0x3DB9, 0x4496, 0x43B4, 0x3312, 0x2AB1, 0x1A2F, 0x11AD, 0x096C, 0x118C, 0x2A0B,
 0x72EA, 0xB3CA, 0xD42A, 0xCC4B, 0xAC4E, 0x7453, 0x53F5, 0x32B2, 0x1970, 0x088E, 0x004D, 0x002C, 0x20AA, 0x4966, 0x6A04, 0x7245,
 0x62A8, 0x5B70, 0x5C56, 0x5CB8, 0x5C77, 0x5BD3, 0x5B0C, 0x5A67, 0x6A45, 0x7245, 0x8AC6, 0xBB88, 0xD409, 0xD3C8, 0xC387, 0xBB67,
 0xD3C8, 0xE429, 0xE449, 0xE44A, 0xE46A, 0xDCCC, 0xCD31, 0xA4B2, 0x7BD0, 0x5AAD, 0x41ED, 0x39CF, 0x3A52, 0x4B34, 0x5457, 0x5477,
 0x960F, 0x8DEE, 0x8DCE, 0x8DCE, 0x8DEE, 0x960F, 0xAE72, 0xAE72, 0x960F, 0x8DEE, 0x8DCE, 0x8DCE, 0x8DEE, 0x8DEE, 0x960F, 0xAE92,
 0xA651, 0x960E, 0x8DEE, 0x8DEE, 0x95EF, 0xAE72, 0xA651, 0x95EE, 0x8DEE, 0x8DEE, 0x8DEE, 0x8DEE, 0x8DEE, 0x9DF0, 0x42B7, 0x1158,
 0x4A77, 0x7BF9, 0x7C19, 0x7BF8, 0x6358, 0x8459, 0x6B97, 0x4A76, 0x8439, 0x8C99, 0x73B8, 0x39F5, 0x1937, 0x221A, 0x853C, 0xAE35,
 0x756C, 0x6D4C, 0x5D8E, 0x4617, 0x363C, 0x361B, 0x2DDA, 0x2DB9, 0x2DB9, 0x35DA, 0x361B, 0x361C, 0x3E3B, 0x4E5B, 0x7E5B, 0x9E39,
 0x95B8, 0x7537, 0x54F6, 0x4516, 0x3DB8, 0x3DF9, 0x4597, 0x5CD5, 0x6C75, 0x6455, 0x5C14, 0x4B52, 0x3ACF, 0x3AAF, 0x4B30, 0x63D1,
 0x8C50, 0xB48E, 0xCC8D, 0xCCAD, 0xACB0, 0x8536, 0x7559, 0x5457, 0x3292, 0x110F, 0x086D, 0x088D, 0x212C, 0x49EA, 0x72A8, 0x82E7,
 0x8329, 0x73AE, 0x6434, 0x5C56, 0x5C13, 0x5B4E, 0x5AA9, 0x5A25, 0x59E4, 0x6204, 0x7A86, 0xB367, 0xCBC8, 0xC388, 0xBB47, 0xC388,
 0xDC09, 0xE449, 0xEC4A, 0xE44A, 0xE46A, 0xE4ED, 0xD592, 0xB554, 0x9471, 0x738E, 0x630D, 0x632D, 0x636F, 0x63B1, 0x63F3, 0x6435,
 0x95EF, 0x8DCE, 0x8DCE, 0x8DCE, 0x8DCE, 0x960F, 0xAE72, 0xA651, 0x95EE, 0x8DEE, 0x8DEE, 0x8DCE, 0x8DEE, 0x8DEE, 0x960F, 0xAE72,
 0xA651, 0x95EE, 0x8DEE, 0x8DEE, 0x960F, 0xAE92, 0xA651, 0x8DEE, 0x8DCE, 0x8DCE, 0x8DCE, 0x8DCE, 0x8DEE, 0x9DF0, 0x3AB7, 0x1158,
 0x6B79, 0xAD9B, 0x9CFA, 0xC63C, 0xB5BC, 0xB5FC, 0xB5BB, 0x8C9A, 0x7BF9, 0x8439, 0xC63C, 0x9499, 0x29B7, 0x221A, 0x853C, 0xAE35,
 0x756C, 0x654B, 0x5D8E, 0x3E17, 0x361B, 0x35FB, 0x2DBA, 0x2DB9, 0x2DDA, 0x35FB, 0x363B, 0x363C, 0x3E3C, 0x4E5B, 0x867B, 0xAE7A,
 0xBE59, 0xB619, 0xA5D9, 0x9598, 0x7D57, 0x8577, 0x9DB7, 0xADD7, 0xB5D7, 0xB5D7, 0xADB7, 0xAD96, 0xA576, 0xAD96, 0xADD7, 0xADF8,
 0xAE19, 0xA5D8, 0x9D55, 0xA513, 0xA533, 0x9D35, 0x7CB6, 0x63F4, 0x5312, 0x4270, 0x4A70, 0x6311, 0x7BF2, 0x8C72, 0x9471, 0x9450,
 0x8C0F, 0x7BF0, 0x6BF2, 0x6412, 0x63D1, 0x5B6E, 0x52AA, 0x41E6, 0x3164, 0x3964, 0x6225, 0xA327, 0xC388, 0xB347, 0xB347, 0xCBA8,
 0xDC09, 0xEC49, 0xE449, 0xEC4A, 0xE46A, 0xE4ED, 0xD592, 0xB574, 0x9471, 0x738E, 0x632D, 0x6B6E, 0x6BF1, 0x7433, 0x7454, 0x6C33,
 0x960F, 0x8DCE, 0x8DCE, 0x8DCE, 0x8DCE, 0x960F, 0xAE92, 0xA631, 0x8DEE, 0x8DEE, 0x8DEE, 0x8DCE, 0x8DEE, 0x8DCE, 0x960F, 0xAE72,
 0xAE72, 0x95EE, 0x8DEE, 0x8DCE, 0x960F, 0xAE92, 0xA651, 0x8DEE, 0x8DCE, 0x8DCE, 0x8DCE, 0x8DCE, 0x8DEE, 0x9DF0, 0x3AB7, 0x1118,
 0x73B9, 0xB5DB, 0x5296, 0x9CDA, 0xDF3E, 0xDEFE, 0xB5DB, 0x8CBA, 0x9D1B, 0xA53B, 0xCE7D, 0x8CB8, 0x29D6, 0x221A, 0x853C, 0xAE35,
 0x756C, 0x654B, 0x5D8E, 0x4617, 0x361B, 0x2DDA, 0x2DBA, 0x2DBA, 0x35FB, 0x361B, 0x363B, 0x363C, 0x3E3C, 0x4E5B, 0x865A, 0xA638,
 0xAD96, 0x9D14, 0x9CF3, 0x9CF3, 0x9CF4, 0x9CD3, 0x9CD3, 0x9D14, 0xA514, 0x9CF3, 0x9CF3, 0xA514, 0xA534, 0x9CF3, 0x9CF3, 0xA514,
 0xA534, 0x9CF4, 0x94D3, 0x9CF3, 0xA514, 0x9CF4, 0x94B3, 0x94B3, 0x94D3, 0x8C92, 0x8451, 0x8431, 0x8431, 0x7BCF, 0x632C, 0x5ACB,
 0x4A69, 0x4228, 0x39E7, 0x31A7, 0x29A6, 0x2986, 0x2145, 0x2124, 0x2104, 0x3144, 0x6205, 0xA327, 0xBB67, 0xB347, 0xBB67, 0xD3C8,
 0xE429, 0xEC49, 0xE44A, 0xEC4A, 0xE46A, 0xE4ED, 0xD572, 0xB554, 0x8C72, 0x6BB0, 0x5B71, 0x6352, 0x6372, 0x6392, 0x63D2, 0x6454,
 0x960F, 0x8DEE, 0x8DCE, 0x8DCE, 0x8DEE, 0x962F, 0xB693, 0x9E30, 0x8DEE, 0x8DEE, 0x8DCE, 0x8DCE, 0x8DCE, 0x8DCE, 0x8DEE, 0xA671,
 0xAE92, 0x95EF, 0x8DEE, 0x8DEE, 0x960F, 0xAE92, 0xA671, 0x95EE, 0x8DCE, 0x8DCE, 0x8DCE, 0x8DCE, 0x8DEE, 0x9DD0, 0x4296, 0x10F6,
 0x6358, 0xC63C, 0xAD7B, 0xAD7B, 0x94FA, 0xB5DC, 0x94B9, 0x29B7, 0x2137, 0x2996, 0x9D1A, 0x8C98, 0x31B5, 0x21D8, 0x851C, 0xAE35,
 0x756C, 0x654B, 0x5D8E, 0x45F6, 0x35FB, 0x2DBA, 0x2DBA, 0x2DDA, 0x361B, 0x363B, 0x363C, 0x363C, 0x3E3C, 0x4E5B, 0x867B, 0xAE7A,
 0xB5F8, 0xAD75, 0xAD55, 0xB596, 0xB5B6, 0xAD75, 0xAD55, 0xB596, 0xB5B6, 0xAD75, 0xAD55, 0xB596, 0xB5B6, 0xAD75, 0xAD55, 0xAD75,
 0xB5B6, 0xB596, 0xAD55, 0xB596, 0xB5B6, 0xB596, 0xAD75, 0xB596, 0xB5B6, 0xAD55, 0x9CD3, 0x9492, 0x9492, 0x8410, 0x630C, 0x4A69,
 0x39E7, 0x3186, 0x2945, 0x2104, 0x2104, 0x2104, 0x2104, 0x2104, 0x2104, 0x2944, 0x6205, 0xA327, 0xBB67, 0xBB47, 0xBB67, 0xD3E9,
 0xE429, 0xEC4A, 0xE44A, 0xE44A, 0xE46A, 0xDCAC, 0xC4F1, 0x8C12, 0x6352, 0x5B94, 0x6417, 0x63D7, 0x5B77, 0x5396, 0x5C37, 0x6D19,
 0x960F, 0x8DCE, 0x8DCE, 0x8DCE, 0x8DCE, 0x9E2F, 0xB693, 0x9E10, 0x8DEE, 0x8DEE, 0x8DEE, 0x8DCE, 0x8DCE, 0x8DCE, 0x8DEE, 0xA671,
 0xAE72, 0x95EF, 0x8DEE, 0x8DEE, 0x960F, 0xAE92, 0xA671, 0x95EE, 0x8DEE, 0x8DEE, 0x8DEE, 0x8DEE, 0x8DEE, 0x95D0, 0x4295, 0x10D6,
 0x2156, 0x3A17, 0x4257, 0x4278, 0x3A38, 0x4279, 0x31F8, 0x1139, 0x1119, 0x10F6, 0x31F6, 0x31D6, 0x1916, 0x21D7, 0x84DB, 0xAE35,
 0x754C, 0x654B, 0x5D8E, 0x4616, 0x35FB, 0x2DBA, 0x2DBA, 0x2DDA, 0x361B, 0x363C, 0x363C, 0x363C, 0x3E3C, 0x4E5B, 0x867B, 0xB69A,
 0xBE38, 0xB5B6, 0xAD75, 0xB5D7, 0xBDD7, 0xB596, 0xAD75, 0xB5B6, 0xBDD7, 0xB596, 0xAD75, 0xB5B6, 0xBDF7, 0xB5B6, 0xAD75, 0xB5B6,
 0xBDF7, 0xB5B6, 0xAD75, 0xB5B6, 0xBDF7, 0xB5B6, 0xAD75, 0xB596, 0xBDD7, 0xAD55, 0x9CF3, 0x94B2, 0x94B2, 0x8410, 0x630C, 0x4A69,
 0x39E7, 0x3186, 0x2945, 0x2104, 0x2104, 0x2104, 0x2104, 0x2104, 0x2104, 0x3144, 0x6205, 0xA327, 0xC388, 0xBB67, 0xC388, 0xDC09,
 0xE449, 0xEC4A, 0xEC4A, 0xEC4A, 0xE46A, 0xDCAC, 0xBCD1, 0x8413, 0x6395, 0x6417, 0x6CB9, 0x6C39, 0x5B77, 0x4B55, 0x4B94, 0x5435,
 0x960F, 0x8DEE, 0x8DCE, 0x8DCE, 0x8DCE, 0x9E30, 0xB693, 0x9E10, 0x8DEE, 0x8DEE, 0x8DEE, 0x8DEE, 0x8DEE, 0x8DCE, 0x8DEE, 0xA671,
 0xB693, 0x95EF, 0x8DEE, 0x8DEE, 0x960F, 0xAE92, 0xA651, 0x8DEE, 0x8DCE, 0x8DEE, 0x8DEE, 0x8DCE, 0x8DEE, 0x95F0, 0x4274, 0x10D6,
 0x10D6, 0x10D6, 0x10F6, 0x1139, 0x0939, 0x1139, 0x1159, 0x0939, 0x1139, 0x10F7, 0x10D6, 0x10F6, 0x10D6, 0x21B7, 0x84DB, 0xAE35,
 0x754C, 0x654B, 0x5D8E, 0x3DF6, 0x35DA, 0x2DBA, 0x2DBA, 0x35FA, 0x361B, 0x363B, 0x363C, 0x363C, 0x3E3C, 0x4E5B, 0x867B, 0xB69A,
 0xBE38, 0xB5B6, 0xB576, 0xBDD7, 0xBDD7, 0xB5B6, 0xAD75, 0xB5B6, 0xBDD7, 0xB5B6, 0xAD75, 0xB5B6, 0xBDF7, 0xB5B6, 0xAD75, 0xB5B6,
 0xBDF7, 0xB5B6, 0xAD75, 0xB5B6, 0xBDD7, 0xB5B6, 0xAD75, 0xB596, 0xBDD7, 0xAD75, 0x9CF3, 0x94B2, 0x94B2, 0x8410, 0x630C, 0x4A69,
 0x39E7, 0x3186, 0x2945, 0x2104, 0x2104, 0x2104, 0x2104, 0x2104, 0x2104, 0x3144, 0x6205, 0xAB47, 0xCBA8, 0xC388, 0xCBA8, 0xDC09,
 0xE449, 0xE44A, 0xEC4A, 0xEC4A, 0xE46A, 0xDCCD, 0xCD72, 0xAD97, 0x8D58, 0x7CD7, 0x6C77, 0x63B6, 0x5B74, 0x5330, 0x32CB, 0x2AA9,
 0x95EF, 0x8DCE, 0x8DCE, 0x8DEE, 0x8DEE, 0x9E50, 0xB693, 0x95EF, 0x8DCE, 0x8DEE, 0x8DEE, 0x8DEE, 0x8DEE, 0x8DCE, 0x8DEE, 0xA671,
 0xB693, 0x95EF, 0x8DEE, 0x8DEE, 0x95EF, 0xAE92, 0xA651, 0x8DEE, 0x8DCE, 0x8DCE, 0x8DCE, 0x8DCE, 0x8DCE, 0x95D0, 0x4274, 0x10F6,
 0x10F6, 0x10F6, 0x10F6, 0x1138, 0x0939, 0x1139, 0x1139, 0x1139, 0x1139, 0x1118, 0x10D6, 0x10F6, 0x10F6, 0x21D7, 0x84DB, 0xAE35,
 0x756C, 0x6D4C, 0x5D8E, 0x3DF6, 0x2DDA, 0x2DB9, 0x2DBA, 0x35FB, 0x363B, 0x363C, 0x363C, 0x363C, 0x3E5C, 0x4E5B, 0x867B, 0xB69A,
 0xBE38, 0xB5B6, 0xB576, 0xBDB7, 0xBDD7, 0xB596, 0xAD75, 0xB5B6, 0xBDD7, 0xB5B6, 0xAD75, 0xB5B6, 0xBDD7, 0xB5B6, 0xAD75, 0xB5B6,
 0xBDF7, 0xB5B6, 0xAD75, 0xB5B6, 0xBDD7, 0xB5B6, 0xAD75, 0xB596, 0xBDD7, 0xAD75, 0x9CF3, 0x94B2, 0x94B2, 0x8410, 0x630C, 0x4A69,
 0x39E7, 0x3186, 0x2945, 0x2104, 0x2124, 0x3186, 0x4208, 0x39C7, 0x2945, 0x3144, 0x6205, 0xAB47, 0xCBC8, 0xCBC8, 0xD3C8, 0xE409,
 0xE449, 0xE44A, 0xEC4A, 0xEC4A, 0xEC6A, 0xE4ED, 0xD592, 0xB574, 0x94B2, 0x73CF, 0x636E, 0x634F, 0x634E, 0x634D, 0x5B0C, 0x5B2C,
 0x960F, 0x8DEE, 0x8DEE, 0x8DEE, 0x8DEE, 0x9E50, 0xB6B3, 0x960F, 0x8DCE, 0x8DEE, 0x8DEE, 0x8DEE, 0x8DCE, 0x8DCE, 0x8DEE, 0xA651,
 0xB693, 0x95EE, 0x8DCE, 0x8DEE, 0x960F, 0xAE92, 0xA651, 0x8DEE, 0x8DCE, 0x8DCE, 0x8DCE, 0x8DEE, 0x8DEE, 0x95F0, 0x4275, 0x10D6,
 0x10F6, 0x10F6, 0x10F6, 0x1138, 0x0939, 0x1139, 0x1139, 0x1139, 0x0939, 0x0918, 0x10F6, 0x10F6, 0x10F6, 0x21D7, 0x84DB, 0xAE35,
 0x754C, 0x652B, 0x5D6E, 0x3DF6, 0x2DDA, 0x2DBA, 0x2DBA, 0x35FB, 0x363B, 0x363C, 0x363C, 0x363C, 0x3E5C, 0x4E5B, 0x867B, 0xB69A,
 0xBE39, 0xB5B6, 0xB576, 0xBDD7, 0xBDD7, 0xB5B6, 0xAD75, 0xB5B6, 0xBDD7, 0xB5B6, 0xAD75, 0xB5B6, 0xBDF7, 0xB5B6, 0xAD75, 0xB5B6,
 0xBDF7, 0xB5B6, 0xAD75, 0xB5B6, 0xBDF7, 0xB5B6, 0xAD75, 0xB596, 0xBDD7, 0xAD55, 0x9CF3, 0x94B2, 0x94B2, 0x8410, 0x630C, 0x4A69,
 0x39E7, 0x3186, 0x2945, 0x2124, 0x2965, 0x4A69, 0x6B8D, 0x5AEB, 0x39A6, 0x3164, 0x5A05, 0xAB47, 0xD3E9, 0xDC09, 0xDC09, 0xE429,
 0xE449, 0xE44A, 0xEC4A, 0xEC4A, 0xE46A, 0xE4ED, 0xD592, 0xB574, 0x9471, 0x738E, 0x632C, 0x634D, 0x6B6D, 0x6B6D, 0x6BAF, 0x7452,
 0xAE72, 0xA671, 0xA671, 0xA671, 0xA671, 0xAE92, 0xB6B4, 0xAE92, 0xA671, 0xAE71, 0xAE71, 0xA671, 0xA671, 0xA671, 0xA671, 0xAE93,
 0xB6B4, 0xAE72, 0xA671, 0xA671, 0xAE92, 0xB6B3, 0xA671, 0x960F, 0x8DEE, 0x8DEE, 0x8DEE, 0x8E0E, 0x8E0E, 0x9E31, 0x8CB6, 0x7C18,
 0x7C18, 0x7C18, 0x7418, 0x7C39, 0x743A, 0x743A, 0x7C3A, 0x7C3A, 0x7C3A, 0x7C3A, 0x7419, 0x7C18, 0x7C18, 0x8C9A, 0xBE3C, 0xAE54,
 0x6D4C, 0x654B, 0x5D6E, 0x3DF6, 0x35FB, 0x2DBA, 0x2DBA, 0x35FB, 0x361B, 0x363C, 0x363C, 0x365C, 0x3E5C, 0x4E5B, 0x867B, 0xB69A,
 0xBE39, 0xB5B6, 0xB576, 0xBDD7, 0xBDD7, 0xB5B6, 0xAD75, 0xB5B6, 0xBDD7, 0xB5B6, 0xAD75, 0xBDB6, 0xBDF7, 0xB5B6, 0xAD75, 0xB5B6,
 0xBDF7, 0xB5B6, 0xAD75, 0xB5B6, 0xBDD7, 0xB5B6, 0xAD75, 0xB596, 0xBDD7, 0xAD75, 0x9CF3, 0x94B2, 0x94B2, 0x8410, 0x630C, 0x4A69,
 0x39E7, 0x3186, 0x2945, 0x2124, 0x2965, 0x4A89, 0x73AE, 0x5B0C, 0x39C6, 0x3164, 0x5A05, 0xAB47, 0xD409, 0xE429, 0xE449, 0xE449,
 0xE44A, 0xEC4A, 0xEC4A, 0xEC4A, 0xE46A, 0xE4ED, 0xD592, 0xB574, 0x9491, 0x738E, 0x632C, 0x634D, 0x6B6D, 0x6B6D, 0x634D, 0x636D,
 0xA671, 0x9E50, 0x9E50, 0x9E70, 0x9E70, 0xAE92, 0xBED4, 0xAE71, 0x9E50, 0x9E50, 0x9E50, 0x9E50, 0x9E50, 0x9E50, 0x9E50, 0xAEB2,
 0xBED4, 0xA671, 0x9E50, 0x9E50, 0xA671, 0xB6D3, 0xAE92, 0x9E4F, 0x964F, 0x964F, 0x962F, 0x962F, 0x962F, 0xA651, 0x96D9, 0x6EFC,
 0x66DB, 0x6EDB, 0x6EFC, 0x6EFC, 0x6EFC, 0x6EFC, 0x6EFC, 0x6EFC, 0x6EFC, 0x6EFC, 0x6EFC, 0x6EFC, 0x6EFC, 0x7F3D, 0xB79D, 0xB695,
 0x756C, 0x654B, 0x5D8E, 0x4616, 0x35FB, 0x2DDA, 0x2DBA, 0x35FB, 0x361B, 0x363C, 0x363C, 0x365C, 0x3E5C, 0x4E5B, 0x867B, 0xB69A,
 0xBE39, 0xB5B6, 0xB576, 0xBDD7, 0xBDD7, 0xB5B6, 0xAD75, 0xB5B6, 0xBDD7, 0xB5B6, 0xAD75, 0xB5B6, 0xBDF7, 0xB5B6, 0xAD75, 0xB5B6,
 0xBDF7, 0xB5B6, 0xAD75, 0xB5B6, 0xBDD7, 0xB5B6, 0xAD75, 0xB596, 0xBDD7, 0xAD55, 0x9CD3, 0x94B2, 0x94B2, 0x8410, 0x630C, 0x4A69,
 0x39E7, 0x3186, 0x2945, 0x2124, 0x2965, 0x4A69, 0x6B8E, 0x5B0B, 0x39C6, 0x3164, 0x59E5, 0xAB27, 0xD409, 0xE449, 0xEC4A, 0xE44A,
 0xEC4A, 0xEC4A, 0xEC4A, 0xEC4A, 0xE46A, 0xE4ED, 0xD592, 0xB554, 0x9491, 0x738E, 0x632D, 0x634D, 0x6B6D, 0x6B4D, 0x632C, 0x632B,
 0x9E50, 0x964F, 0x964F, 0x964F, 0x9E4F, 0xA691, 0xBED4, 0xA670, 0x9E4F, 0x964F, 0x964F, 0x964F, 0x962F, 0x962F, 0x964F, 0xAE92,
 0xBED4, 0x9E50, 0x962F, 0x962F, 0x9E4F, 0xB6D3, 0xAE92, 0x9E4F, 0x9E4F, 0x9E4F, 0x9E4F, 0x962F, 0x962F, 0xA671, 0x76FA, 0x3EDC,
 0x2D35, 0x2B8E, 0x33CF, 0x34D3, 0x3576, 0x3E5A, 0x3EDC, 0x3EFC, 0x3F1D, 0x3F1D, 0x3F1D, 0x3F1D, 0x3F1D, 0x475D, 0x97BE, 0xAEB6,
 0x756C, 0x654B, 0x5D8E, 0x3DF6, 0x361B, 0x35DA, 0x35DA, 0x35FB, 0x363B, 0x363C, 0x363C, 0x365C, 0x3E5C, 0x4E5B, 0x867B, 0xB69A,
 0xBE39, 0xB5B6, 0xB576, 0xBDD7, 0xBDD7, 0xB5B6, 0xAD75, 0xB5B6, 0xBDD7, 0xB5B6, 0xB575, 0xB5B6, 0xBDF7, 0xB5B6, 0xAD75, 0xB5B6,
 0xBDD7, 0xB5B6, 0xAD75, 0xB5B6, 0xBDD7, 0xB5B6, 0xAD75, 0xB596, 0xBDD7, 0xAD55, 0x9CD3, 0x94B2, 0x94B2, 0x8410, 0x630C, 0x4A69,
 0x39E7, 0x3186, 0x2945, 0x2104, 0x2124, 0x31A6, 0x4228, 0x39E7, 0x2965, 0x3144, 0x59E5, 0xA307, 0xD3E9, 0xE449, 0xEC4A, 0xE44A,
 0xEC4A, 0xEC4A, 0xEC4A, 0xEC4A, 0xEC6A, 0xE4ED, 0xD592, 0xB5B6, 0x9515, 0x7494, 0x6474, 0x5453, 0x5410, 0x538D, 0x5B29, 0x6328,
 0x9E50, 0x962F, 0x964F, 0x964F, 0x964F, 0xA691, 0xBED4, 0xA670, 0x962F, 0x962F, 0x962F, 0x962F, 0x962F, 0x962F, 0x962F, 0xAE91,
 0xB6D3, 0x9E50, 0x962F, 0x962F, 0x9E4F, 0xB6B3, 0xAE92, 0x9E4F, 0x9E4F, 0x9E4F, 0x962F, 0x962F, 0x962F, 0xA671, 0x76FA, 0x3EFC,
 0x36BB, 0x3659, 0x35D8, 0x34F4, 0x334D, 0x3A8A, 0x3B2D, 0x3BAF, 0x3C72, 0x3D55, 0x3E39, 0x369B, 0x3EFC, 0x473D, 0x97BE, 0xAEB6,
 0x754C, 0x652B, 0x5D6D, 0x3DF6, 0x361C, 0x35FB, 0x35FB, 0x361B, 0x363C, 0x363C, 0x363C, 0x365C, 0x3E5C, 0x4E5B, 0x867B, 0xB69A,
 0xBE39, 0xB5B6, 0xB575, 0xBDB7, 0xBDD7, 0xB596, 0xAD75, 0xB5B6, 0xBDD7, 0xB5B6, 0xAD75, 0xB5B6, 0xBDF7, 0xB5B6, 0xAD75, 0xB5B6,
 0xBDF7, 0xB5B6, 0xAD75, 0xB5B6, 0xBDD7, 0xB5B6, 0xAD75, 0xB596, 0xBDD7, 0xAD55, 0x9CF3, 0x94B2, 0x94B2, 0x8410, 0x630C, 0x4A69,
 0x39E7, 0x3186, 0x2945, 0x2104, 0x2104, 0x2104, 0x2104, 0x2104, 0x2104, 0x2924, 0x59E5, 0xA307, 0xCBC8, 0xE429, 0xEC49, 0xEC4A,
 0xEC4A, 0xEC4A, 0xEC4A, 0xEC4A, 0xEC6A, 0xE4ED, 0xCD92, 0xA5B6, 0x7557, 0x4D16, 0x3D37, 0x35D8, 0x35D8, 0x4515, 0x4C12, 0x53D2,
 0x9E50, 0x962F, 0x962F, 0x962F, 0x962F, 0xA690, 0xBED4, 0xA671, 0x9E4F, 0x964F, 0x964F, 0x964F, 0x9E4F, 0x9E4F, 0x9E4F, 0xAEB2,
 0xB6B3, 0x9E50, 0x9E4F, 0x962F, 0x9E50, 0xB6D3, 0xAE92, 0x9E4F, 0x962F, 0x962F, 0x962F, 0x962F, 0x962F, 0xA651, 0x76FA, 0x471C,
 0x3F1D, 0x3F1D, 0x3F1C, 0x369B, 0x3451, 0x3B4D, 0x3452, 0x3451, 0x3B0C, 0x3B0C, 0x3BF0, 0x3515, 0x365A, 0x473D, 0x97BE, 0xAEB6,
 0x754C, 0x652B, 0x554D, 0x3DD6, 0x361B, 0x361B, 0x361B, 0x361B, 0x363C, 0x363C, 0x363C, 0x365C, 0x3E5C, 0x4E5B, 0x867B, 0xB69A,
 0xBE39, 0xB5B6, 0xB576, 0xBDB7, 0xBDD7, 0xB5B6, 0xAD75, 0xB5B6, 0xBDD7, 0xB596, 0xAD75, 0xB5B6, 0xBDF7, 0xB5B6, 0xAD75, 0xB5B6,
 0xBDD7, 0xB5B6, 0xAD75, 0xB5B6, 0xBDD7, 0xB5B6, 0xAD75, 0xB596, 0xBDD7, 0xAD55, 0x9CF3, 0x94B2, 0x94B2, 0x8410, 0x630C, 0x4A69,
 0x39E7, 0x3186, 0x2945, 0x2104, 0x2104, 0x2104, 0x2104, 0x2104, 0x2104, 0x2924, 0x59E5, 0xA306, 0xCBC8, 0xE429, 0xEC4A, 0xEC4A,
 0xEC6A, 0xEC6A, 0xEC6A, 0xEC4A, 0xEC6A, 0xE4ED, 0xCD92, 0x8D75, 0x5536, 0x2D56, 0x2DF9, 0x2E5A, 0x361A, 0x3D37, 0x3BF4, 0x2AD1,
 0x9E50, 0x962F, 0x962F, 0x962F, 0x962F, 0xA670, 0xBED3, 0xA671, 0x9E4F, 0x964F, 0x9E4F, 0x9E4F, 0x9E4F, 0x9E4F, 0x9E4F, 0xB6B2,
 0xB6B3, 0x9E50, 0x9E4F, 0x964F, 0x9E4F, 0xB6B3, 0xAE92, 0x9E4F, 0x962F, 0x9E4F, 0x9E4F, 0x964F, 0x964F, 0xA671, 0x76DA, 0x3EFC,
 0x35B7, 0x3C92, 0x3C10, 0x33CF, 0x33F0, 0x3451, 0x3514, 0x3618, 0x3E9A, 0x3EFC, 0x3F1D, 0x3F1D, 0x3F1D, 0x473D, 0x97BE, 0xAEB6,
 0x754C, 0x652B, 0x5D4D, 0x3D95, 0x35FB, 0x363B, 0x363C, 0x363C, 0x363C, 0x363C, 0x363C, 0x365C, 0x3E5C, 0x4E5B, 0x867B, 0xAE7A,
 0xB618, 0xAD96, 0xAD55, 0xB596, 0xB5B6, 0xAD75, 0xAD55, 0xB596, 0xB5B6, 0xAD75, 0xAD55, 0xB596, 0xB5B6, 0xAD75, 0xAD55, 0xB596,
 0xB5B6, 0xB596, 0xAD55, 0xB596, 0xB5B6, 0xB596, 0xAD55, 0xAD75, 0xB5B6, 0xAD55, 0x9CD3, 0x9492, 0x9492, 0x8410, 0x630C, 0x4A69,
 0x39E7, 0x3186, 0x2945, 0x2104, 0x2104, 0x2104, 0x2104, 0x2104, 0x2104, 0x2924, 0x59E5, 0x9AE6, 0xCBA8, 0xDC29, 0xE449, 0xE44A,
 0xEC4A, 0xEC6A, 0xEC6A, 0xEC4A, 0xEC6A, 0xE4ED, 0xCD93, 0xA5B7, 0x7557, 0x54F6, 0x44F5, 0x3557, 0x3577, 0x3CB5, 0x3B92, 0x32F0,
 0x9E50, 0x962F, 0x962F, 0x962F, 0x962F, 0xA670, 0xBED3, 0xAE71, 0x9E4F, 0x962F, 0x962F, 0x9E4F, 0x9E4F, 0x962F, 0x9E4F, 0xB6B2,
 0xB6B3, 0x9E4F, 0x9E4F, 0x9E4F, 0x9E50, 0xB6B3, 0xAE92, 0x9E2F, 0x962F, 0x9E4F, 0x9E4F, 0x962F, 0x962F, 0xA671, 0x7EFA, 0x3EDC,
 0x2D55, 0x33CF, 0x3CB3, 0x3E39, 0x3EDC, 0x3F1C, 0x3F1D, 0x3F1D, 0x3F1D, 0x3F1D, 0x3EBB, 0x3639, 0x3EBB, 0x473D, 0x97BE, 0xAEB6,
 0x756C, 0x652B, 0x5D4D, 0x3D94, 0x2DBA, 0x361B, 0x363C, 0x363C, 0x363C, 0x363C, 0x363C, 0x363C, 0x3E5C, 0x4E5B, 0x865B, 0xA639,
 0xADB6, 0xA514, 0xA4F3, 0xA514, 0xA534, 0xA514, 0x9CF3, 0xA514, 0xA534, 0xA514, 0x9CF3, 0xA514, 0xA534, 0xA514, 0x9CF3, 0xA514,
 0xA534, 0xA514, 0x9CF3, 0xA514, 0xA534, 0xA514, 0x9CF3, 0xA514, 0xA534, 0x9CD3, 0x9492, 0x8C51, 0x8C51, 0x7BCF, 0x630C, 0x52AA,
 0x4228, 0x39E7, 0x29A6, 0x2945, 0x2124, 0x2104, 0x2104, 0x2104, 0x2104, 0x2924, 0x59E5, 0x9AE6, 0xC3A8, 0xDC09, 0xE429, 0xE44A,
 0xEC4A, 0xEC6A, 0xEC6A, 0xEC4A, 0xEC6A, 0xE4ED, 0xD593, 0xB5D6, 0x9556, 0x7CD5, 0x6474, 0x5454, 0x4C33, 0x4C12, 0x5BF3, 0x5454,
 0x9E50, 0x962F, 0x962F, 0x9E4F, 0x9E4F, 0xA670, 0xB6D3, 0xAE91, 0x9E4F, 0x962F, 0x962F, 0x962F, 0x964F, 0x962F, 0x9E4F, 0xB6B2,
 0xAEB2, 0x9E4F, 0x9E4F, 0x962F, 0x9E4F, 0xB6B3, 0xAE92, 0x9E4F, 0x9E4F, 0x9E4F, 0x9E2F, 0x962F, 0x962F, 0xA671, 0x76FA, 0x3EDC,
 0x2CF4, 0x332D, 0x3D56, 0x3EFC, 0x3F1D, 0x3659, 0x34B2, 0x3D14, 0x3EDC, 0x3EFC, 0x3514, 0x3B2C, 0x3D76, 0x473D, 0x97BE, 0xAEB6,
 0x756C, 0x654B, 0x5D4D, 0x3574, 0x2D99, 0x35DA, 0x361B, 0x363C, 0x363C, 0x363C, 0x363C, 0x365C, 0x3E5C, 0x4E5C, 0x867B, 0xAE7A,
 0xB639, 0xB5F8, 0xB5F8, 0xBDF7, 0xBDF7, 0xBDD7, 0xBDD7, 0xBDD7, 0xBDD7, 0xBDD7, 0xBDD7, 0xBDD7, 0xBDD7, 0xBDD7, 0xBDD7, 0xBDD7,
 0xBDF7, 0xBDF7, 0xBDD7, 0xBDD7, 0xBDD7, 0xBDD7, 0xBDD7, 0xBDD7, 0xBDD7, 0xB5B6, 0xB596, 0xAD55, 0xA4F3, 0x94D3, 0x9492, 0x8C72,
 0x8452, 0x7C52, 0x6C32, 0x63B1, 0x532E, 0x3A4A, 0x2987, 0x2125, 0x2104, 0x2944, 0x59E5, 0x9AE6, 0xC388, 0xD3E9, 0xE429, 0xE449,
 0xEC4A, 0xEC6A, 0xEC4A, 0xEC4A, 0xEC6A, 0xE4CD, 0xD572, 0xB554, 0x8C51, 0x6B6E, 0x5B0D, 0x5AEC, 0x5B2E, 0x5B70, 0x5BF3, 0x5495,
 0x9E50, 0x962F, 0x962F, 0x962F, 0x962F, 0x9E50, 0xB6B3, 0xAE92, 0x9E4F, 0x962F, 0x962F, 0x962F, 0x962F, 0x962F, 0xA670, 0xB6D3,
 0xAE92, 0x9E4F, 0x962F, 0x962F, 0x9E4F, 0xB6B3, 0xAE92, 0x9E2F, 0x962F, 0x962F, 0x962F, 0x962F, 0x964F, 0xA671, 0x76FA, 0x3EDC,
 0x2CF4, 0x330C, 0x3C51, 0x3D76, 0x3D76, 0x34D3, 0x3B4D, 0x3BAE, 0x3D55, 0x3576, 0x3430, 0x3B0C, 0x3D76, 0x473D, 0x97BE, 0xAEB6,
 0x756C, 0x654B, 0x5D4D, 0x3574, 0x2D79, 0x2DBA, 0x35FB, 0x363C, 0x363C, 0x365C, 0x365C, 0x365C, 0x3E5C, 0x4E5C, 0x765B, 0x961A,
 0x9578, 0x84F7, 0x84D5, 0x8C94, 0xA492, 0xA471, 0x9430, 0x7BF0, 0x73F0, 0x7411, 0x7412, 0x6BF1, 0x6BB0, 0x6BB0, 0x6C11, 0x74B3,
 0x7D35, 0x7CF4, 0x7451, 0x7410, 0x7411, 0x7C53, 0x7C72, 0x7411, 0x6BD0, 0x63AF, 0x6BAF, 0x73CF, 0x8410, 0x9492, 0xA514, 0xB596,
 0xBE38, 0xB619, 0x8537, 0x6C97, 0x6456, 0x4B93, 0x2A4D, 0x1169, 0x1127, 0x2146, 0x51E6, 0x92E6, 0xBB88, 0xD3C8, 0xDC09, 0xE449,
 0xEC4A, 0xEC4A, 0xEC4A, 0xEC4A, 0xEC6A, 0xE4CC, 0xCD30, 0x9450, 0x630B, 0x4208, 0x39E7, 0x4208, 0x426B, 0x4B0F, 0x5415, 0x54D8,
 0x9E50, 0x962F, 0x962F, 0x962F, 0x962F, 0x9E4F, 0xB6B2, 0xB6B3, 0x9E50, 0x962F, 0x962F, 0x962F, 0x962F, 0x962F, 0x9E50, 0xB6B3,
 0xA671, 0x962F, 0x960E, 0x960E, 0x9E2F, 0xB6B3, 0xAE71, 0x960F, 0x960E, 0x960E, 0x960E, 0x960E, 0x960E, 0xA651, 0x76FA, 0x3EDC,
 0x3597, 0x3492, 0x3C72, 0x3C92, 0x3C92, 0x3C92, 0x3C92, 0x3C92, 0x3C92, 0x3C92, 0x3C92, 0x3CD3, 0x3639, 0x4F3D, 0x97BE, 0xAEB6,
 0x756C, 0x654C, 0x5D6D, 0x3D74, 0x2D79, 0x2D99, 0x35DA, 0x363C, 0x365C, 0x365C, 0x365C, 0x365C, 0x3E5C, 0x4E5B, 0x7E3A, 0x9535,
 0x8C10, 0x830B, 0x8AEB, 0xA34C, 0xC3CD, 0xCBEE, 0xABCF, 0x7370, 0x53D4, 0x5C57, 0x5C78, 0x5416, 0x3B12, 0x222E, 0x224E, 0x3331,
 0x54B5, 0x5D36, 0x5474, 0x5455, 0x64B7, 0x6D39, 0x64F8, 0x4C14, 0x2B30, 0x1AAE, 0x22AE, 0x430E, 0x7C10, 0xAD95, 0xCE9A, 0xD6FB,
 0xD6DB, 0xADF9, 0x74F8, 0x6498, 0x5C78, 0x4BF6, 0x32F1, 0x11CD, 0x096B, 0x198A, 0x4A08, 0x92E7, 0xBB88, 0xCBC8, 0xD3E9, 0xE429,
 0xE449, 0xEC4A, 0xEC4A, 0xEC4A, 0xE46A, 0xE4CC, 0xC510, 0x8C0F, 0x5ACB, 0x4208, 0x4208, 0x4228, 0x426A, 0x4B0E, 0x5414, 0x5496,
 0x9E30, 0x960E, 0x8E0E, 0x8DEE, 0x8DEE, 0x960E, 0xAE92, 0xB693, 0x9E2F, 0x8DEE, 0x8DCE, 0x8DCE, 0x8DEE, 0x8DEE, 0x9E2F, 0xB6B3,
 0x9E10, 0x8DEE, 0x8DCE, 0x8DCE, 0x95EE, 0xAE92, 0xA651, 0x8DEE, 0x8DCE, 0x8DEE, 0x8DEE, 0x8DEE, 0x8DEE, 0x9E11, 0x76DA, 0x3EFC,
 0x2D35, 0x33CF, 0x3CD3, 0x3E7A, 0x3EFC, 0x3F1D, 0x3F1C, 0x3EBB, 0x365A, 0x3E5A, 0x3EBB, 0x3EFC, 0x3F1D, 0x475D, 0x97BE, 0xAEB6,
 0x756C, 0x654C, 0x5D8D, 0x3DB5, 0x2DB9, 0x2D99, 0x2DBA, 0x35FB, 0x363C, 0x365C, 0x365C, 0x365C, 0x3E5C, 0x4E5B, 0x7619, 0x9D14,
 0x9BCE, 0xA2EA, 0xBB2A, 0xD3CD, 0xDC2E, 0xD42E, 0xA3AF, 0x6B71, 0x53D5, 0x5C57, 0x5437, 0x43B5, 0x2AB0, 0x11CE, 0x120E, 0x2B12,
 0x4CB6, 0x5D98, 0x5CF7, 0x5CB8, 0x64F9, 0x6D19, 0x5C97, 0x3B72, 0x1A8E, 0x126E, 0x1AAE, 0x32EE, 0x5B6F, 0x8451, 0xAD75, 0xC658,
 0xC659, 0x9D77, 0x6C97, 0x5C98, 0x5C99, 0x5417, 0x3B12, 0x1A0D, 0x118B, 0x198A, 0x4A28, 0x92E7, 0xBB88, 0xCBA8, 0xD3C8, 0xE409,
 0xE449, 0xEC4A, 0xEC6A, 0xEC4A, 0xE46A, 0xE4CC, 0xD572, 0xAD13, 0x8410, 0x6B2C, 0x5AEB, 0x5AEB, 0x5B4E, 0x63B1, 0x6455, 0x5475,
 0x960F, 0x8DEE, 0x8DEE, 0x8DCE, 0x8DCE, 0x8DEE, 0xA651, 0xB693, 0x9E30, 0x8DEE, 0x8DCE, 0x8DCE, 0x8DCE, 0x8DCE, 0x9E30, 0xB693,
 0x960F, 0x8DCE, 0x8DCE, 0x8DCE, 0x95EF, 0xAE92, 0xA651, 0x95EE, 0x8DCE, 0x8DCE, 0x8DCE, 0x8DEE, 0x8DEE, 0x9E31, 0x76DA, 0x471C,
 0x367A, 0x3514, 0x3B4D, 0x3B6D, 0x3CF4, 0x3E59, 0x35B7, 0x33CF, 0x336E, 0x3B6D, 0x3B8E, 0x3D55, 0x3EBB, 0x473D, 0x97BE, 0xAED6,
 0x756C, 0x6D6C, 0x5D8E, 0x3DF6, 0x35FB, 0x2DBA, 0x2DBA, 0x35FB, 0x363C, 0x365C, 0x365C, 0x365C, 0x3E5C, 0x4E5B, 0x7E3A, 0x9535,
 0x93EF, 0x82CA, 0x92CA, 0xB36C, 0xD40E, 0xCC0E, 0x934D, 0x52AD, 0x328F, 0x32B0, 0x2A90, 0x220E, 0x118C, 0x098C, 0x1A4F, 0x3373,
 0x5D37, 0x65D8, 0x54B5, 0x43B3, 0x3B72, 0x3B72, 0x3310, 0x1A6D, 0x122C, 0x126D, 0x2B0F, 0x4BB2, 0x6413, 0x6C54, 0x8494, 0x94F5,
 0x94D3, 0x6BCF, 0x4AEE, 0x42EF, 0x3AEF, 0x328E, 0x21EB, 0x1169, 0x1947, 0x2966, 0x51E6, 0x9AE6, 0xBB88, 0xCBA8, 0xCBC8, 0xDC09,
 0xE429, 0xEC4A, 0xEC4A, 0xEC4A, 0xE46A, 0xE4CD, 0xD572, 0xB533, 0x8C50, 0x6B2C, 0x5ACB, 0x5ACB, 0x5B2D, 0x5B70, 0x5C14, 0x6476,
 0x960F, 0x8DCE, 0x8DEE, 0x8DCE, 0x8DCE, 0x8DCE, 0x9E30, 0xB693, 0xA651, 0x8DEE, 0x8DCE, 0x8DCE, 0x8DCE, 0x8DEE, 0xA651, 0xAE92,
 0x960F, 0x8DEE, 0x8DEE, 0x8DEE, 0x95EF, 0xAE92, 0xA651, 0x95EE, 0x8DCE, 0x8DCE, 0x8DEE, 0x8DEE, 0x8DEE, 0x9E31, 0x76D9, 0x3F1D,
 0x3EFC, 0x3EDC, 0x369A, 0x3596, 0x3410, 0x32CB, 0x3ACB, 0x3CD3, 0x365A, 0x367A, 0x34D3, 0x3B4D, 0x3D76, 0x473D, 0x97BE, 0xAED6,
 0x756C, 0x654B, 0x5D8E, 0x4617, 0x363C, 0x361B, 0x35FA, 0x35DA, 0x361B, 0x363C, 0x365C, 0x365C, 0x3E5C, 0x4E3B, 0x763B, 0x8DD8,
 0x84F6, 0x6C13, 0x63D2, 0x7C12, 0x9492, 0x9471, 0x6B6E, 0x3A4B, 0x21EB, 0x21EC, 0x1A0C, 0x19EC, 0x19EC, 0x222D, 0x3AF0, 0x5BB2,
 0x7C93, 0x7C92, 0x536E, 0x2A8D, 0x226D, 0x226E, 0x1A6D, 0x1A2C, 0x11EB, 0x224C, 0x3AEF, 0x5BD2, 0x63F3, 0x73F2, 0x8BD0, 0x93AE,
 0x834C, 0x5AAB, 0x3A4B, 0x3A6C, 0x326D, 0x2A4C, 0x21CA, 0x1947, 0x1926, 0x2945, 0x59E5, 0x9AE6, 0xC388, 0xCBA8, 0xCBC8, 0xD3E8,
 0xDC29, 0xE449, 0xEC4A, 0xEC4A, 0xE46A, 0xE4CC, 0xCD30, 0x9450, 0x630B, 0x4208, 0x39E7, 0x4208, 0x428B, 0x5370, 0x6CB7, 0x755A,
 0x960F, 0x8DEE, 0x8DEE, 0x8DEE, 0x8DCE, 0x8DCE, 0x960F, 0xAE92, 0xAE71, 0x8DEE, 0x8DCE, 0x8DCE, 0x8DEE, 0x960F, 0xAE72, 0xAE72,
 0x960F, 0x8DEE, 0x8DEE, 0x8DEE, 0x960F, 0xAE92, 0xA651, 0x95EE, 0x8DEE, 0x8DEE, 0x8DEE, 0x8DCE, 0x8DEE, 0x9E31, 0x76DA, 0x3EFC,
 0x2D96, 0x33CF, 0x3B4D, 0x3B4D, 0x3B6E, 0x3B2D, 0x3B0C, 0x3B4D, 0x3B4D, 0x3B4D, 0x3B2C, 0x3B4D, 0x3D97, 0x473D, 0x97BE, 0xAEB6,
 0x756C, 0x652B, 0x5D6D, 0x45F6, 0x363C, 0x365C, 0x363B, 0x35FB, 0x361B, 0x363C, 0x365C, 0x365C, 0x3E5C, 0x4E3B, 0x763A, 0x8DD8,
 0x7D36, 0x64B4, 0x64B5, 0x64D6, 0x6517, 0x6557, 0x5CD5, 0x4BF3, 0x5435, 0x64D8, 0x64F8, 0x5476, 0x3B92, 0x22CF, 0x32CF, 0x5B2F,
 0x9BCF, 0xB3EF, 0x83B0, 0x5BB3, 0x5416, 0x5C78, 0x5458, 0x4394, 0x2A6F, 0x19CC, 0x29CC, 0x524B, 0x82EB, 0xAB4C, 0xCBCD, 0xCC0E,
 0xB3EF, 0x7B90, 0x5BD4, 0x5C58, 0x5C99, 0x5457, 0x3B53, 0x222E, 0x116B, 0x1989, 0x49E7, 0x92C6, 0xC388, 0xCBC8, 0xCBC8, 0xD3C8,
 0xDBE9, 0xE429, 0xEC4A, 0xEC4A, 0xEC6A, 0xE4CC, 0xC510, 0x8C0F, 0x5AEB, 0x4208, 0x4208, 0x4228, 0x426A, 0x4AEE, 0x53B3, 0x5BF5,
 0x960F, 0x8DEE, 0x8DEE, 0x8DEE, 0x8DCE, 0x8DCE, 0x8DEE, 0xAE92, 0xB693, 0x95EF, 0x8DEE, 0x8DCE, 0x8DCE, 0x960F, 0xB693, 0xA651,
 0x8DEE, 0x8DEE, 0x8DEE, 0x8DEE, 0x960F, 0xAE92, 0xA671, 0x95EE, 0x8DEE, 0x8DEE, 0x8DCE, 0x8DCE, 0x8DEE, 0x9E31, 0x76DA, 0x471C,
 0x36FC, 0x3EDC, 0x3E7A, 0x45F7, 0x5574, 0x5D34, 0x5D34, 0x5D55, 0x4D57, 0x3DB9, 0x365B, 0x3EBC, 0x3EFC, 0x473D, 0x97BE, 0xAEB6,
 0x756C, 0x654B, 0x554D, 0x3DB5, 0x361B, 0x363C, 0x365C, 0x363C, 0x363C, 0x363C, 0x363C, 0x365C, 0x3E5C, 0x4E5B, 0x763A, 0x85D7,
 0x6D55, 0x6556, 0x75D9, 0x7DFB, 0x761A, 0x6DFA, 0x5D78, 0x5CD7, 0x64F9, 0x6D3A, 0x6D19, 0x5456, 0x2B31, 0x1A8E, 0x1AAF, 0x3350,
 0x6BD2, 0x7BD2, 0x6351, 0x42F2, 0x4314, 0x4375, 0x4354, 0x2AB1, 0x11CD, 0x11AD, 0x220E, 0x5310, 0x83F2, 0xA473, 0xB492, 0xB451,
 0x9BAF, 0x6B50, 0x5393, 0x53F6, 0x4BF6, 0x4374, 0x2A90, 0x11AD, 0x096C, 0x198A, 0x49E8, 0x8AA6, 0xB347, 0xCBA8, 0xCBC8, 0xD3C8,
 0xD3E8, 0xDC09, 0xE449, 0xEC4A, 0xE46A, 0xE4CD, 0xD571, 0xAD33, 0x8C30, 0x6B2C, 0x5AEB, 0x5AEB, 0x5B0C, 0x5B4E, 0x5B92, 0x5BB3,
 0x960F, 0x8DCE, 0x8DCE, 0x8DCE, 0x8DCE, 0x8DCE, 0x8DEE, 0xA651, 0xB693, 0x9E30, 0x8DEE, 0x85CE, 0x8DEE, 0x9E50, 0xAE93, 0x9E30,
 0x8DEE, 0x8DEE, 0x8DEE, 0x8DEE, 0x960F, 0xAE92, 0xA651, 0x95EE, 0x8DEE, 0x8DEE, 0x8DEE, 0x8DCE, 0x8DCE, 0x9E11, 0x76DA, 0x46FC,
 0x3E18, 0x5470, 0x7B29, 0x73EC, 0x6CD1, 0x6574, 0x6595, 0x85B4, 0x9D11, 0x9C2E, 0x738F, 0x4417, 0x3DFC, 0x473D, 0x97BE, 0xAEB6,
 0x756C, 0x654B, 0x552C, 0x3533, 0x2D79, 0x35FA, 0x363B, 0x363C, 0x365C, 0x363C, 0x363C, 0x365C, 0x3E5C, 0x4E5B, 0x763A, 0x85B7,
 0x7515, 0x6D15, 0x7D98, 0x7DDA, 0x761A, 0x6E1A, 0x6577, 0x4C13, 0x3B52, 0x3B52, 0x3331, 0x22AF, 0x122C, 0x0A2C, 0x1A8F, 0x2B12,
 0x43B5, 0x5BF6, 0x5BD5, 0x42D3, 0x29D0, 0x10EE, 0x08CC, 0x08EB, 0x092A, 0x198B, 0x2A0D, 0x3AAF, 0x52F0, 0x52B0, 0x5A4E, 0x622D,
 0x59CB, 0x418B, 0x218B, 0x21AC, 0x19AC, 0x118B, 0x092A, 0x0909, 0x1128, 0x2167, 0x5A06, 0x9B07, 0xBB67, 0xC367, 0xC388, 0xCBC8,
 0xD3E8, 0xD3E9, 0xDC29, 0xE449, 0xE46A, 0xE4CC, 0xCD51, 0xACF2, 0x8C0F, 0x6B2B, 0x6AC9, 0x7309, 0x734B, 0x63B0, 0x6435, 0x6455,
 0x960F, 0x8DCE, 0x8DCE, 0x8DCE, 0x8DCE, 0x8DCE, 0x8DEE, 0x9E30, 0xAE92, 0xA651, 0x8DEE, 0x8DCE, 0x95EE, 0xA671, 0xAE72, 0x95EF,
 0x8DEE, 0x8DEE, 0x8DEE, 0x8DEE, 0x960F, 0xAE92, 0xA651, 0x95EE, 0x8DEE, 0x8DEE, 0x8DEE, 0x8DCE, 0x8DCE, 0x9E11, 0x76DA, 0x467A,
 0x5C0E, 0x736B, 0x5533, 0x469A, 0x3EFC, 0x3F1D, 0x3F1D, 0x3EFC, 0x4E19, 0x7C2E, 0x9B88, 0x6AEF, 0x4C18, 0x4EDD, 0x97BE, 0xAEB6,
 0x756C, 0x652B, 0x552C, 0x3512, 0x24F7, 0x2D58, 0x2DBA, 0x361B, 0x363C, 0x365C, 0x365C, 0x365C, 0x3E5C, 0x4E5B, 0x7E3A, 0x9597,
 0x7C72, 0x5B8E, 0x63F1, 0x6433, 0x5C54, 0x5474, 0x4BF2, 0x3B2F, 0x2A8D, 0x1A4D, 0x1A2C, 0x120C, 0x122D, 0x1A8F, 0x2B53, 0x4416,
 0x5CD9, 0x64D9, 0x53F6, 0x3272, 0x192F, 0x086D, 0x006C, 0x10CA, 0x196A, 0x324D, 0x4310, 0x5394, 0x5353, 0x4A71, 0x416D, 0x40CC,
 0x386A, 0x304A, 0x2869, 0x18C8, 0x10E7, 0x10E6, 0x1106, 0x1106, 0x1905, 0x2944, 0x5A05, 0xAB47, 0xCBC8, 0xCBC8, 0xCB88, 0xCBA8,
 0xD3C8, 0xD3E9, 0xDC09, 0xE429, 0xE44A, 0xDC8B, 0xBC6D, 0x8B8B, 0x6AA8, 0x6A45, 0x7245, 0x7286, 0x6B2B, 0x63D1, 0x6477, 0x5C98,
 0x960F, 0x8DEE, 0x8DEE, 0x8DEE, 0x8DCE, 0x8DCE, 0x8DCE, 0x95EE, 0xA651, 0xAE93, 0x960F, 0x8DEE, 0xA650, 0xB693, 0xA651, 0x8DEE,
 0x8DEE, 0x8DEE, 0x8DEE, 0x8DEE, 0x960F, 0xAE92, 0xA671, 0x960F, 0x8DEE, 0x8DEE, 0x8DCE, 0x8DCE, 0x8DEE, 0x9E31, 0x76DA, 0x4618,
 0x73AD, 0x5D12, 0x369B, 0x2CB9, 0x2B58, 0x2BFA, 0x3D39, 0x45D6, 0x54B0, 0x8308, 0x8AA8, 0x7352, 0x5479, 0x4EDD, 0x97BE, 0xAEB6,
 0x756C, 0x654B, 0x5D4D, 0x3574, 0x2D58, 0x2D37, 0x2D37, 0x2D78, 0x2DDA, 0x361B, 0x363C, 0x365C, 0x3E5C, 0x4E5B, 0x7E3A, 0x8D56,
 0x73D0, 0x4A4A, 0x39EA, 0x31AC, 0x318E, 0x31B1, 0x3A92, 0x4B95, 0x4C15, 0x43D4, 0x3331, 0x226F, 0x1A2F, 0x1A91, 0x2B75, 0x4C78,
 0x6D7B, 0x7DDB, 0x7519, 0x4B54, 0x29D0, 0x10CD, 0x190A, 0x39E8, 0x52A8, 0x5B6B, 0x6C50, 0x7517, 0x7D5A, 0x74D8, 0x6395, 0x5251,
 0x48CD, 0x404C, 0x386A, 0x30C8, 0x2906, 0x2105, 0x2104, 0x2104, 0x2104, 0x3144, 0x6205, 0xAB47, 0xDC09, 0xE429, 0xDC09, 0xD3C8,
 0xCBC8, 0xD3C8, 0xDBE9, 0xDC29, 0xE44A, 0xD46B, 0xAC0B, 0x8309, 0x6A66, 0x7245, 0x7A65, 0x7266, 0x62A9, 0x532F, 0x53B3, 0x5392,
 0x95EF, 0x8DCE, 0x8DEE, 0x8DEE, 0x8DEE, 0x8DEE, 0x8DEE, 0x8DCE, 0x960F, 0xAE92, 0xAE72, 0xA650, 0xB693, 0xAE72, 0x960F, 0x8DEE,
 0x8DEE, 0x8DEE, 0x8DEE, 0x8DEE, 0x960F, 0xAE92, 0xA671, 0x960F, 0x960E, 0x960E, 0x960E, 0x960F, 0x962F, 0xA651, 0x76DA, 0x3EBB,
 0x54F2, 0x64B0, 0x3DB7, 0x1AD6, 0x18F7, 0x20F8, 0x2958, 0x4A15, 0x5A73, 0x5AF5, 0x6BB9, 0x6C9C, 0x4DFD, 0x473D, 0x97BE, 0xAEB6,
 0x756C, 0x654B, 0x5D8D, 0x3DD5, 0x2DDA, 0x2DBA, 0x2D99, 0x2D79, 0x2D99, 0x2DBA, 0x35FB, 0x361B, 0x3E3C, 0x4E3B, 0x6DB9, 0x6413,
 0x422E, 0x18CC, 0x106C, 0x106E, 0x1890, 0x2151, 0x4335, 0x5CD9, 0x5D3A, 0x5497, 0x3BB4, 0x2290, 0x11CD, 0x11AD, 0x222F, 0x3B33,
 0x6C57, 0x7C57, 0x7375, 0x4AF4, 0x42F3, 0x4331, 0x536E, 0x6BAA, 0x73A8, 0x73C8, 0x742B, 0x7491, 0x7496, 0x6BD5, 0x5A92, 0x51AF,
 0x510E, 0x494E, 0x4A50, 0x4B32, 0x4B92, 0x4370, 0x32AE, 0x222B, 0x19C9, 0x29C8, 0x5A47, 0xA347, 0xD409, 0xE449, 0xE44A, 0xE429,
 0xDC09, 0xD3E9, 0xD3E8, 0xDBE9, 0xDC4A, 0xDCAC, 0xCD30, 0xACD1, 0x8BEE, 0x732B, 0x72E9, 0x7B28, 0x7B49, 0x6B4C, 0x534F, 0x532F,
 0x960F, 0x8DEE, 0x8DEE, 0x8DEE, 0x8DEE, 0x8DEE, 0x8DEE, 0x8DEE, 0x8DEE, 0x960F, 0x9E50, 0xA650, 0x9E50, 0x962F, 0x960E, 0x960E,
 0x960E, 0x962F, 0x962F, 0x962F, 0x9E4F, 0xB6B3, 0xAE92, 0x9E4F, 0x962F, 0x962F, 0x962F, 0x962F, 0x962F, 0xA651, 0x76DA, 0x46FC,
 0x367A, 0x3DD7, 0x4575, 0x3D56, 0x2CB8, 0x2B59, 0x2AB9, 0x32DA, 0x3B5A, 0x443B, 0x457C, 0x3E9D, 0x3EFD, 0x473D, 0x97BE, 0xAEB6,
 0x754C, 0x652B, 0x5D6D, 0x3D94, 0x2DBA, 0x35DA, 0x35DA, 0x35FA, 0x35FA, 0x35DA, 0x35FB, 0x35FB, 0x361B, 0x4E1A, 0x6578, 0x5B92,
 0x31CE, 0x18AC, 0x106E, 0x106F, 0x1890, 0x1930, 0x3293, 0x43D6, 0x4C16, 0x3B73, 0x2AB0, 0x19ED, 0x118B, 0x114B, 0x296D, 0x59F0,
 0x92F4, 0x9B76, 0x8376, 0x6BF7, 0x64D9, 0x6D7A, 0x6D37, 0x6C70, 0x6BCA, 0x73A8, 0x73EA, 0x7C2F, 0x7C75, 0x8477, 0x93D7, 0x9B36,
 0x9AF5, 0x7B76, 0x6C98, 0x6D5A, 0x6D5A, 0x5CB7, 0x3BB3, 0x1ACF, 0x128E, 0x1A6C, 0x4A69, 0x9307, 0xBB88, 0xD3E8, 0xD409, 0xE429,
 0xE429, 0xE429, 0xDC29, 0xDC09, 0xDC2A, 0xDCCC, 0xCD71, 0xAD11, 0x8C2E, 0x738B, 0x738A, 0x83CA, 0x840B, 0x73ED, 0x63F1, 0x5C14,
 0x9E2F, 0x960E, 0x960E, 0x960E, 0x960E, 0x962F, 0x962F, 0x962F, 0x962F, 0x962F, 0x962F, 0x962F, 0x962F, 0x962F, 0x962F, 0x962F,
 0x962F, 0x962F, 0x962F, 0x962F, 0x9E4F, 0xB6B3, 0xAE92, 0x9E4F, 0x962F, 0x9E4F, 0x9E4F, 0x962F, 0x962F, 0xA651, 0x76DA, 0x3EDC,
 0x2D35, 0x33AE, 0x3471, 0x3DD8, 0x3EBB, 0x3F1D, 0x3F1D, 0x3F1D, 0x3EFD, 0x3EDC, 0x3E39, 0x3535, 0x3E19, 0x473D, 0x97BE, 0xAEB6,
 0x756C, 0x654B, 0x5D4C, 0x4D0E, 0x4512, 0x5555, 0x6577, 0x6597, 0x65B8, 0x65D9, 0x6DF9, 0x6E1A, 0x6E19, 0x7E19, 0x95F8, 0x8CF5,
 0x6B6F, 0x420A, 0x31AA, 0x316B, 0x316E, 0x31AF, 0x3A70, 0x4312, 0x4B73, 0x4352, 0x3B11, 0x328E, 0x29EB, 0x29A9, 0x4189, 0x698C,
 0x99CF, 0xA251, 0x8A91, 0x6B30, 0x5BB1, 0x6430, 0x640E, 0x63AA, 0x6348, 0x6329, 0x6B8C, 0x7C12, 0x8497, 0x8CD9, 0x9478, 0xA3D7,
 0x9B55, 0x6B54, 0x53D5, 0x5456, 0x5456, 0x43B3, 0x22AF, 0x122C, 0x122C, 0x120B, 0x31E8, 0x5A46, 0x8B29, 0xAC0C, 0xBC8D, 0xC4AE,
 0xC4CE, 0xCCCE, 0xCCEF, 0xCD0F, 0xD50F, 0xCD51, 0xC593, 0xA4AF, 0x83CA, 0x7B88, 0x8BE8, 0x8C09, 0x7BEA, 0x6C0E, 0x64B5, 0x655A,
 0xA650, 0x9E4F, 0x962F, 0x962F, 0x962F, 0x9E4F, 0x9E4F, 0x962F, 0x962F, 0x962F, 0x960E, 0x962F, 0x962F, 0x962F, 0x962F, 0x9E4F,
 0x962F, 0x962F, 0x962F, 0x962F, 0x9E4F, 0xB6B3, 0xAE92, 0x9E2F, 0x962F, 0x962F, 0x962F, 0x964F, 0x9E4F, 0xA672, 0x7EFA, 0x3F1D,
 0x3EDC, 0x3618, 0x3C72, 0x332D, 0x3B4D, 0x3C92, 0x35B7, 0x3DF8, 0x34B3, 0x33CF, 0x3451, 0x3535, 0x3E5A, 0x473D, 0x97BE, 0xAEB6,
 0x756C, 0x6D4B, 0x6D4B, 0x6D6C, 0x7D8D, 0xA5D4, 0xB5F7, 0xB5F7, 0xB5F7, 0xB5F7, 0xB5F7, 0xB5F7, 0xB5F7, 0xB617, 0xBE38, 0xAD75,
 0x8410, 0x528A, 0x4228, 0x4208, 0x41E9, 0x39E9, 0x426B, 0x532F, 0x63F2, 0x6434, 0x6413, 0x5B90, 0x52EC, 0x4249, 0x4208, 0x4229,
 0x4AAD, 0x5B71, 0x63D3, 0x6C13, 0x6C12, 0x5B6E, 0x52CA, 0x4A68, 0x4227, 0x4207, 0x4A29, 0x526B, 0x5AEE, 0x6351, 0x7B53, 0x9334,
 0x7AD1, 0x4A4D, 0x220B, 0x1A0B, 0x19EB, 0x11CA, 0x09A9, 0x0988, 0x1167, 0x1146, 0x2124, 0x3186, 0x5AEB, 0x94B2, 0xAD95, 0xBDD6,
 0xBDF6, 0xBDF6, 0xBDF6, 0xBDF6, 0xBDF7, 0xBE17, 0xBE17, 0xA533, 0x840D, 0x7369, 0x7388, 0x83E9, 0x8C4A, 0x7C8E, 0x6CF5, 0x6539,
 0x9E50, 0x9E4F, 0x9E4F, 0x962F, 0x962F, 0x964F, 0x9E4F, 0x9E4F, 0x9E4F, 0x962F, 0x962F, 0x960E, 0x960E, 0x962F, 0x962F, 0x962F,
 0x962F, 0x962F, 0x962F, 0x962F, 0x9E4F, 0xB6B3, 0xAE92, 0x9E4F, 0x9E4F, 0x962F, 0x9E2F, 0x9E4F, 0x9E4F, 0xA672, 0x7EDA, 0x3F1C,
 0x3EDC, 0x3E7A, 0x3E59, 0x35D7, 0x3492, 0x3B2C, 0x3A8A, 0x3B0C, 0x3451, 0x3DB7, 0x3E59, 0x3E7A, 0x3EDC, 0x473D, 0x97BE, 0xAED6,
 0x756C, 0x6D4B, 0x6D4B, 0x6D6C, 0x858D, 0xADD4, 0xB5F7, 0xB5F7, 0xB5F7, 0xB5F7, 0xB5F7, 0xB5F7, 0xB5F7, 0xBE17, 0xC618, 0xAD75,
 0x8410, 0x528A, 0x4228, 0x4228, 0x4228, 0x4249, 0x4AAC, 0x534F, 0x5BB2, 0x5BF3, 0x5C13, 0x53D1, 0x4B2D, 0x426A, 0x3A08, 0x39E8,
 0x4229, 0x4A8A, 0x4ACC, 0x4ACC, 0x4ACC, 0x4A8B, 0x4A49, 0x4208, 0x39E7, 0x39E7, 0x4207, 0x4228, 0x4249, 0x4A4B, 0x5A6C, 0x626C,
 0x524B, 0x39E9, 0x2187, 0x1946, 0x1926, 0x1125, 0x1125, 0x1925, 0x1904, 0x1904, 0x2104, 0x2965, 0x5AEB, 0x94B2, 0xAD95, 0xB5F7,
 0xB5F7, 0xB5F7, 0xB5F7, 0xB5F7, 0xB5F7, 0xBE18, 0xBE38, 0xADB7, 0x8CD4, 0x73F0, 0x6BAD, 0x7BCC, 0x842C, 0x7C2E, 0x6432, 0x5C55,
 0x9E50, 0x9E4F, 0x964F, 0x962F, 0x962F, 0x964F, 0x964F, 0x964F, 0x964F, 0x962F, 0x962F, 0x962F, 0x962F, 0x962F, 0x962F, 0x962F,
 0x962F, 0x962F, 0x962F, 0x962F, 0x9E4F, 0xB6D3, 0xAE92, 0x9E4F, 0x9E4F, 0x9E4F, 0x9E2F, 0x962F, 0x964F, 0xA651, 0x76FA, 0x3EFC,
 0x35B7, 0x3451, 0x3BEF, 0x3C10, 0x4C31, 0x6C30, 0x6BF0, 0x6410, 0x4410, 0x3C10, 0x3C10, 0x3C72, 0x3618, 0x473D, 0x97BE, 0xAEB6,
 0x756C, 0x6D2B, 0x6D2B, 0x6D4B, 0x856D, 0xADD4, 0xB5F6, 0xB5F7, 0xB5F7, 0xB5F7, 0xB5F7, 0xB5F7, 0xB5F7, 0xBE17, 0xBE18, 0xA554,
 0x7BCF, 0x4A49, 0x39E7, 0x4208, 0x4228, 0x4229, 0x426A, 0x42AD, 0x3ACE, 0x2ACD, 0x22AB, 0x1AA9, 0x1AA8, 0x1A88, 0x1A67, 0x2247,
 0x3227, 0x4228, 0x4208, 0x41E8, 0x39E7, 0x4208, 0x4228, 0x4208, 0x39E7, 0x39E7, 0x3A08, 0x4208, 0x4208, 0x39E7, 0x39E7, 0x4208,
 0x4208, 0x39E7, 0x3186, 0x2125, 0x2104, 0x2104, 0x2104, 0x2104, 0x2104, 0x2104, 0x2104, 0x2965, 0x5AEB, 0x94B2, 0xAD95, 0xB5F7,
 0xB5F7, 0xB5F7, 0xB5F7, 0xB5F7, 0xBDF7, 0xBE17, 0xBE18, 0xA577, 0x8CD5, 0x7C12, 0x8BF0, 0xA3EF, 0x9BCE, 0x732E, 0x428D, 0x326D,
 0x9E50, 0x964F, 0x964F, 0x964F, 0x964F, 0x964F, 0x964F, 0x964F, 0x964F, 0x962F, 0x962F, 0x962F, 0x962F, 0x964F, 0x962F, 0x962F,
 0x962F, 0x962F, 0x962F, 0x962F, 0x9E4F, 0xB6D3, 0xAE92, 0x9E4F, 0x9E4F, 0x964F, 0x962F, 0x962F, 0x9E4F, 0xA672, 0x76FA, 0x471D,
 0x3F1D, 0x3F1D, 0x3EFD, 0x5E9B, 0xCF7E, 0xF7FF, 0xFFFF, 0xEFBF, 0xA71D, 0x4F1D, 0x3F1D, 0x3F1D, 0x3F1D, 0x473D, 0x97BE, 0xAEB6,
 0x756C, 0x6D4B, 0x652B, 0x6D2B, 0x7D6D, 0xADD4, 0xB5F7, 0xBDF7, 0xB617, 0xB5F7, 0xB5F7, 0xB5F7, 0xB5F7, 0xBE17, 0xBE17, 0xA534,
 0x738E, 0x4208, 0x31A6, 0x39C7, 0x4208, 0x3A08, 0x3A6B, 0x4B51, 0x4BF5, 0x3BD1, 0x234D, 0x1B0A, 0x1B49, 0x1369, 0x1B69, 0x1B49,
 0x2AC9, 0x3A68, 0x4228, 0x424A, 0x4ACC, 0x534E, 0x5B4F, 0x52CC, 0x4249, 0x3A08, 0x3A08, 0x4228, 0x4208, 0x39E7, 0x41E7, 0x4227,
 0x4A48, 0x4A49, 0x424A, 0x428B, 0x428C, 0x428C, 0x3A29, 0x2966, 0x2104, 0x2104, 0x2104, 0x2965, 0x5ACB, 0x94B2, 0xAD95, 0xB5F7,
 0xB5F7, 0xB5F7, 0xB5F7, 0xB5F7, 0xB5F7, 0xBDF7, 0xBDB6, 0xAC91, 0xA38D, 0xAB2B, 0xC38C, 0xD40E, 0xBBCE, 0x836E, 0x52F0, 0x3B11,
 0x9E50, 0x962F, 0x962F, 0x962F, 0x962F, 0x962F, 0x964F, 0x964F, 0x962F, 0x962F, 0x962F, 0x962F, 0x962F, 0x962F, 0x962F, 0x962F,
 0x962F, 0x962F, 0x962F, 0x962F, 0x9E50, 0xB6B3, 0xB692, 0x9E4F, 0x9E4F, 0x964F, 0x962F, 0x962F, 0x9E4F, 0xA672, 0x76FA, 0x471C,
 0x3F1D, 0x3F1D, 0x36BB, 0x4452, 0xCEBB, 0xFFFF, 0xFFFF, 0xE75E, 0x75DA, 0x5F3D, 0x3F1D, 0x3F1D, 0x3F1D, 0x475D, 0x97BE, 0xAEB6,
 0x756C, 0x6D4B, 0x6D2B, 0x6D4B, 0x856D, 0xADD4, 0xB5F7, 0xBDF7, 0xBE17, 0xB5F7, 0xB5F7, 0xB5F7, 0xB5F7, 0xBE17, 0xBE17, 0xAD75,
 0x7BEF, 0x4228, 0x39C7, 0x39C7, 0x3A08, 0x4229, 0x4ACC, 0x5392, 0x5C36, 0x5456, 0x43F3, 0x2B6E, 0x1B2A, 0x1B29, 0x1B49, 0x2309,
 0x2AA9, 0x3A68, 0x4228, 0x424A, 0x4A8C, 0x532F, 0x5392, 0x4B53, 0x3AD1, 0x324D, 0x3A6C, 0x4AED, 0x4B4E, 0x4B2D, 0x430B, 0x4B09,
 0x5308, 0x5309, 0x4B0C, 0x42EE, 0x4ACC, 0x4A69, 0x4A06, 0x41A4, 0x3943, 0x3123, 0x2924, 0x3185, 0x5AEB, 0x94B2, 0xAD95, 0xB5F7,
 0xB5F7, 0xB5F7, 0xB5F7, 0xBDF7, 0xB5F7, 0xBDF7, 0xBD75, 0xAC50, 0xAB6C, 0xB34B, 0xC3AD, 0xD40E, 0xC40F, 0x9BD0, 0x6BD4, 0x5C57,
 0x9E50, 0x962F, 0x962F, 0x962F, 0x962F, 0x964F, 0x964F, 0x964F, 0x962F, 0x962F, 0x962F, 0x962F, 0x962F, 0x962F, 0x962F, 0x962F,
 0x962F, 0x962F, 0x962F, 0x962F, 0x9E4F, 0xB6B3, 0xAE92, 0x9E4F, 0x962F, 0x962F, 0x962F, 0x960E, 0x962F, 0xA651, 0x76FA, 0x471C,
 0x3F1D, 0x3F1D, 0x3EDC, 0x4CB4, 0x7453, 0x8D57, 0x9578, 0x8578, 0x8E5B, 0x5F5D, 0x3F1D, 0x3F1D, 0x3F1D, 0x475D, 0x97BE, 0xAEB6,
 0x756C, 0x6D2B, 0x6D2B, 0x6D4B, 0x856D, 0xADD4, 0xB5F7, 0xBDF7, 0xB5F7, 0xB5F7, 0xB5F7, 0xB5F7, 0xBDF7, 0xBE17, 0xBE38, 0xAD96,
 0x8451, 0x5AEB, 0x4A8A, 0x4A6A, 0x4A6B, 0x4A8C, 0x530E, 0x5391, 0x53D2, 0x5413, 0x5413, 0x43F0, 0x336C, 0x2AC9, 0x3268, 0x3227,
 0x3A07, 0x4228, 0x3A09, 0x29AB, 0x218D, 0x19B0, 0x19F3, 0x1A36, 0x1A97, 0x3336, 0x4C16, 0x64F7, 0x6537, 0x5CF5, 0x4C50, 0x3BAB,
 0x3368, 0x3368, 0x3BCB, 0x4BCF, 0x5390, 0x52EC, 0x5A67, 0x5A25, 0x6204, 0x59E4, 0x41A4, 0x39A5, 0x5AEB, 0x94B2, 0xAD96, 0xB5F7,
 0xB5F7, 0xB5F7, 0xB5F7, 0xB5F7, 0xBDF7, 0xBDF7, 0xBDF8, 0xA556, 0x8C94, 0x7BF1, 0x83AF, 0x9BCF, 0xA3CF, 0x8BAF, 0x6370, 0x5B92,
 0x9E50, 0x964F, 0x962F, 0x962F, 0x962F, 0x964F, 0x964F, 0x962F, 0x962F, 0x962F, 0x962F, 0x962F, 0x962F, 0x962F, 0x962F, 0x962F,
 0x962F, 0x962F, 0x962F, 0x962F, 0x9E4F, 0xB6B3, 0xAE92, 0x962F, 0x960E, 0x960E, 0x95EE, 0x8DEE, 0x8DEE, 0x9E31, 0x76DA, 0x471C,
 0x3F1D, 0x3F1D, 0x3EFD, 0x6E5A, 0x9516, 0x7CD5, 0x7D17, 0x95F9, 0xBF3D, 0x677E, 0x3F1D, 0x3F1D, 0x3F1D, 0x473D, 0x97BE, 0xAEB6,
 0x754C, 0x6D2B, 0x6D2B, 0x6D2B, 0x7D6D, 0xADD4, 0xB5F7, 0xBDF7, 0xB5F7, 0xB5F7, 0xB5F7, 0xB5F7, 0xB5F7, 0xBE17, 0xBE38, 0xB5F8,
 0x9535, 0x7473, 0x6434, 0x5BF4, 0x5B54, 0x5314, 0x5333, 0x4B72, 0x4BD1, 0x4C11, 0x4410, 0x3BCE, 0x334B, 0x2AA8, 0x2A47, 0x3207,
 0x3A07, 0x4208, 0x39E9, 0x218C, 0x1170, 0x0974, 0x09D6, 0x1258, 0x22F8, 0x3BB8, 0x4C57, 0x5493, 0x4C4E, 0x3BEB, 0x33A9, 0x3388,
 0x2B67, 0x33A8, 0x3C0B, 0x5451, 0x5C75, 0x5BF3, 0x5B0D, 0x5A67, 0x6245, 0x6245, 0x49E5, 0x41C6, 0x5AEB, 0x94B2, 0xAD96, 0xB5F7,
 0xB5F7, 0xB5F7, 0xB5F7, 0xB5F7, 0xB5F7, 0xBE18, 0xBE39, 0xA5D8, 0x8D16, 0x7453, 0x6BD0, 0x73AF, 0x738E, 0x736D, 0x634D, 0x632D,
 0x9E50, 0x962F, 0x962F, 0x962F, 0x962F, 0x962F, 0x962F, 0x962F, 0x962F, 0x962F, 0x962F, 0x962F, 0x962F, 0x962F, 0x962F, 0x960E,
 0x960E, 0x960E, 0x8E0E, 0x8DEE, 0x960F, 0xAE92, 0xA651, 0x95EE, 0x8DEE, 0x8DEE, 0x8DEE, 0x8DEE, 0x8DEE, 0x9E31, 0x76DA, 0x471C,
 0x3F1D, 0x3F1D, 0x3F1D, 0x7EDC, 0x9DB8, 0x9537, 0x8537, 0x9DF9, 0xCF7E, 0x677E, 0x3F1D, 0x3F1D, 0x3F1D, 0x473D, 0x97BE, 0xAEB6,
 0x754C, 0x6D2B, 0x652B, 0x6D2B, 0x856D, 0xADD4, 0xB5F7, 0xBDF7, 0xBE17, 0xBDF7, 0xBDF7, 0xB5F7, 0xB5F7, 0xBE17, 0xBE18, 0xA577,
 0x7C96, 0x63F6, 0x6458, 0x74BA, 0x6C59, 0x63B8, 0x5336, 0x4312, 0x3B71, 0x43B1, 0x3BB0, 0x2B6C, 0x1B08, 0x1307, 0x1B27, 0x2308,
 0x32A9, 0x426A, 0x426B, 0x3A8E, 0x3271, 0x2253, 0x1A14, 0x1236, 0x1A76, 0x2AD4, 0x32F2, 0x3B2F, 0x332B, 0x2B08, 0x2B27, 0x3327,
 0x3327, 0x3328, 0x438C, 0x53D0, 0x5BB0, 0x5B4D, 0x532B, 0x4BAD, 0x4430, 0x4451, 0x3C31, 0x3411, 0x44B4, 0x6577, 0x85D8, 0x9DF8,
 0xADF7, 0xB5F7, 0xB5F7, 0xB5F7, 0xBDF7, 0xBE18, 0xC638, 0xB596, 0x9492, 0x738E, 0x632D, 0x634D, 0x6B6D, 0x6B6D, 0x634D, 0x632C,
 0x9E50, 0x962F, 0x962F, 0x962F, 0x962F, 0x962E, 0x962F, 0x962F, 0x960E, 0x8E0E, 0x8E0E, 0x8DEE, 0x8DEE, 0x8DEE, 0x8DCE, 0x8DCE,
 0x8DCE, 0x8DEE, 0x8DEE, 0x8DEE, 0x960F, 0xAE92, 0xA651, 0x8DEE, 0x8DCE, 0x8DEE, 0x8DEE, 0x8DEE, 0x8DEE, 0x9E31, 0x76DA, 0x471C,
 0x3F1D, 0x3F1D, 0x3F1D, 0x875E, 0xBE9B, 0x7474, 0x5C13, 0xAE3A, 0xD79E, 0x677E, 0x3F1D, 0x3F1D, 0x3F1D, 0x475D, 0x97BE, 0xAEB6,
 0x756C, 0x6D2B, 0x6D2B, 0x6D4B, 0x856D, 0xADD4, 0xB5F7, 0xBDF7, 0xBE17, 0xBDF7, 0xBDF7, 0xB5F7, 0xB5F7, 0xBE17, 0xBDF8, 0x9CF5,
 0x6B72, 0x4AB1, 0x5B95, 0x6478, 0x6418, 0x5B77, 0x5336, 0x53D6, 0x64B9, 0x6D5A, 0x6539, 0x54B4, 0x33ED, 0x1BA9, 0x1C09, 0x2C2B,
 0x444F, 0x53F2, 0x4330, 0x3AEF, 0x3B10, 0x4352, 0x4353, 0x32F3, 0x2A70, 0x320C, 0x3A0A, 0x4229, 0x3A49, 0x3A68, 0x4AA7, 0x5308,
 0x5B69, 0x534B, 0x4B4F, 0x5371, 0x5392, 0x53B1, 0x4412, 0x3D16, 0x35DA, 0x361B, 0x361C, 0x363C, 0x3E1C, 0x463B, 0x5E3A, 0x8619,
 0xADF7, 0xB5F7, 0xB5F7, 0xB5F7, 0xBDF7, 0xBE18, 0xC638, 0xB596, 0x9492, 0x6B8E, 0x632C, 0x634D, 0x6B6D, 0x6B6D, 0x634D, 0x632C,
 0x9E2F, 0x960E, 0x8DEE, 0x8DEE, 0x8DEE, 0x8DEE, 0x8DEE, 0x8DCE, 0x8DCE, 0x8DEE, 0x8DEE, 0x8DEE, 0x8DEE, 0x8DEE, 0x8DEE, 0x8DCE,
 0x8DCE, 0x8DEE, 0x8DEE, 0x8DEE, 0x960F, 0xAE92, 0xA671, 0x95EE, 0x8DEE, 0x8DEE, 0x8DEE, 0x8DCE, 0x8DEE, 0x9E31, 0x76DA, 0x471C,
 0x3F1D, 0x3F1D, 0x3F1D, 0x76BC, 0x8D36, 0x8D56, 0xA5F9, 0xBEBC, 0xD79E, 0x677E, 0x3F1D, 0x3F1D, 0x3F1D, 0x475D, 0x97BE, 0xAED6,
 0x756C, 0x6D4B, 0x6D4B, 0x6D6C, 0x858D, 0xADD4, 0xB5F7, 0xB5F7, 0xB5F7, 0xB5F7, 0xB5F7, 0xB5F7, 0xB5F7, 0xBE17, 0xBE18, 0xAD96,
 0x8452, 0x5B2F, 0x5350, 0x5393, 0x5354, 0x5314, 0x52F2, 0x5352, 0x5C55, 0x6D38, 0x7579, 0x6D56, 0x54D2, 0x3C4D, 0x344D, 0x3C4F,
 0x4C73, 0x4BF5, 0x3AF1, 0x19ED, 0x118B, 0x118B, 0x220C, 0x322C, 0x3A2A, 0x4208, 0x4227, 0x5266, 0x5AE6, 0x6B47, 0x73A8, 0x7BC9,
 0x73CA, 0x63EF, 0x5C34, 0x6497, 0x64B7, 0x5CB6, 0x4CD7, 0x3D39, 0x355A, 0x2D3A, 0x2D3A, 0x2D1A, 0x2CDA, 0x3D3A, 0x559A, 0x8DF8,
 0xADF7, 0xB5F7, 0xBDF7, 0xB5F7, 0xB5F7, 0xBE18, 0xC658, 0xB5B7, 0x94D4, 0x73F0, 0x6B6E, 0x6B6E, 0x6B8E, 0x6B6D, 0x634D, 0x632C,
 0x95EF, 0x8DCE, 0x8DEE, 0x8DCE, 0x8DCE, 0x8DCE, 0x8DCE, 0x8DCE, 0x8DCE, 0x8DCE, 0x8DCE, 0x8DEE, 0x8DEE, 0x8DCE, 0x8DCE, 0x8DCE,
 0x8DCE, 0x8DCE, 0x8DEE, 0x8DEE, 0x95EF, 0xAE92, 0xA651, 0x8DEE, 0x8DCE, 0x8DCE, 0x8DCE, 0x8DCE, 0x8DCE, 0x9E31, 0x76DA, 0x471D,
 0x3F1D, 0x3F1D, 0x3F1D, 0x7F3D, 0x9DB7, 0x6433, 0x6C95, 0xA5FA, 0xD79E, 0x677E, 0x3F1D, 0x3F1D, 0x3F1D, 0x475D, 0x97BE, 0xAEB6,
 0x754C, 0x6D2B, 0x652B, 0x6D2B, 0x7D6D, 0xADD4, 0xB5F7, 0xB5F7, 0xBE17, 0xBDF7, 0xBDF7, 0xB5F7, 0xB5F7, 0xBE17, 0xBE38, 0xB5F8,
 0x9536, 0x7474, 0x6434, 0x6413, 0x5C12, 0x5C10, 0x53EE, 0x5B6C, 0x634C, 0x7BEF, 0x8C91, 0x9513, 0x9513, 0x84D2, 0x6473, 0x6496,
 0x64B9, 0x5C99, 0x43B5, 0x2270, 0x11CD, 0x11CD, 0x2A70, 0x42F3, 0x5314, 0x52D2, 0x42AD, 0x3288, 0x32C7, 0x32E7, 0x3306, 0x2B06,
 0x2B08, 0x33AD, 0x4CB4, 0x6579, 0x657A, 0x5D59, 0x4539, 0x3D9A, 0x35BB, 0x2D5B, 0x2CFA, 0x2CDA, 0x2CFA, 0x3D5A, 0x5DB9, 0x8DF8,
 0xADF7, 0xB5F7, 0xBDF7, 0xB5F7, 0xB5F7, 0xBE18, 0xC659, 0xADD8, 0x8D36, 0x7C94, 0x84B4, 0x9D15, 0x94F4, 0x7C52, 0x63D1, 0x5BB2,
 0x960F, 0x8DCE, 0x8DCE, 0x8DCE, 0x8DCE, 0x8DCE, 0x8DCE, 0x8DEE, 0x8DEE, 0x8DEE, 0x8DCE, 0x8DEE, 0x8DEE, 0x8DCE, 0x8DCE, 0x8DCE,
 0x8DCE, 0x8DCE, 0x8DCE, 0x8DEE, 0x960F, 0xAE92, 0xA651, 0x8DEE, 0x8DCE, 0x8DCE, 0x8DCE, 0x8DCE, 0x8DCE, 0x9E11, 0x76DA, 0x471C,
 0x3F1D, 0x3F1D, 0x3F1D, 0x6E9C, 0x8CF5, 0x84F5, 0x9DB9, 0xBE7B, 0xD79E, 0x677E, 0x3F1D, 0x3F1D, 0x3F1D, 0x473D, 0x97BE, 0xAEB6,
 0x754C, 0x6D2B, 0x6D4B, 0x6D4C, 0x856D, 0xADD4, 0xB5F7, 0xBDF7, 0xBE17, 0xBDF7, 0xBDF7, 0xB5F7, 0xB5F7, 0xBE17, 0xBE38, 0xADB6,
 0x8CD2, 0x5BEE, 0x4BED, 0x542E, 0x5510, 0x65D1, 0x6E11, 0x64EE, 0x532A, 0x5268, 0x5A67, 0x6287, 0x72C8, 0x6AE8, 0x630B, 0x5B6E,
 0x5BF3, 0x4BD4, 0x3AF1, 0x220E, 0x19CD, 0x2A50, 0x4B75, 0x6438, 0x63D9, 0x5B57, 0x4AF3, 0x3AEF, 0x334E, 0x336E, 0x2B4C, 0x2329,
 0x1B07, 0x1B68, 0x344D, 0x4CD3, 0x54D5, 0x4C96, 0x3CF7, 0x35BA, 0x35BB, 0x353A, 0x2419, 0x2378, 0x2BF9, 0x3CD9, 0x6599, 0x95D8,
 0xB5F7, 0xB5F7, 0xBDF7, 0xB5F7, 0xB5F7, 0xBE18, 0xBE38, 0xAD96, 0x94D3, 0x94D3, 0xAD96, 0xC679, 0xB619, 0x9558, 0x6CB8, 0x6498,
 0x960F, 0x8DCE, 0x8DCE, 0x8DCE, 0x8DCE, 0x8DCE, 0x8DEE, 0x8DEE, 0x8DEE, 0x8DEE, 0x8DEE, 0x8DCE, 0x8DCE, 0x8DEE, 0x8DEE, 0x8DEE,
 0x8DCE, 0x8DEE, 0x8DCE, 0x8DCE, 0x960F, 0xAE92, 0xA651, 0x95EE, 0x8DCE, 0x8DCE, 0x8DEE, 0x8DEE, 0x8DEE, 0x9E31, 0x76DA, 0x471D,
 0x3F1D, 0x3F1D, 0x3F1D, 0x7F1D, 0xA5F8, 0x6C74, 0x6454, 0xA5F9, 0xD79E, 0x677E, 0x3F1D, 0x3F1D, 0x3F1D, 0x473D, 0x97BE, 0xAEB6,
 0x754C, 0x6D2B, 0x6D2B, 0x6D4B, 0x856D, 0xADD4, 0xB5F7, 0xB5F7, 0xB5F7, 0xB5F7, 0xB5F7, 0xB5F7, 0xB5F7, 0xBE17, 0xBE38, 0xADD6,
 0x84F1, 0x548D, 0x4D2D, 0x5DF0, 0x6EB2, 0x76F3, 0x76B3, 0x5D71, 0x4BAF, 0x4AED, 0x52AA, 0x5A67, 0x6245, 0x6A45, 0x6A45, 0x6266,
 0x5268, 0x320A, 0x19AA, 0x116B, 0x198D, 0x3271, 0x5BF6, 0x6C78, 0x63D8, 0x5337, 0x4B56, 0x5417, 0x64D9, 0x6D39, 0x5CD6, 0x4451,
 0x23AB, 0x1BA9, 0x240A, 0x342D, 0x4410, 0x4433, 0x3CF6, 0x357A, 0x2D5A, 0x2CBA, 0x23F9, 0x23B8, 0x2C39, 0x455A, 0x6DD9, 0x9DF8,
 0xB5F7, 0xB5F7, 0xB5F7, 0xB5F7, 0xBDF7, 0xBE17, 0xBE17, 0xAD75, 0x9CF3, 0xAD55, 0xC658, 0xD6DB, 0xC67A, 0x9DB9, 0x6CB8, 0x5C78,
 0x960F, 0x8DEE, 0x8DCE, 0x8DCE, 0x8DCE, 0x8DCE, 0x8DEE, 0x8DEE, 0x8DEE, 0x8DEE, 0x8DEE, 0x8DCE, 0x8DCE, 0x8DCE, 0x8DCE, 0x8DCE,
 0x8DCE, 0x8DCE, 0x8DEE, 0x8DEE, 0x960F, 0xAE92, 0xA651, 0x8DEE, 0x8DCE, 0x8DEE, 0x8DEE, 0x8DEE, 0x8DEE, 0x9E31, 0x76DA, 0x471C,
 0x3F1D, 0x3F1D, 0x3F1D, 0x873D, 0xC6BB, 0xC67A, 0xAE1A, 0x8DD9, 0xAEFD, 0x675E, 0x3F1D, 0x3F1D, 0x3F1D, 0x473D, 0x97BE, 0xAEB6,
 0x754C, 0x6D4B, 0x6D4B, 0x6D4C, 0x856D, 0xADD4, 0xB5F7, 0xBDF7, 0xB617, 0xB5F7, 0xB5F7, 0xB5F7, 0xBDF7, 0xBE17, 0xBE38, 0xADB6,
 0x84B1, 0x53CC, 0x442C, 0x550E, 0x6611, 0x76B3, 0x6E73, 0x5D32, 0x4C33, 0x5435, 0x5C35, 0x6413, 0x5B90, 0x5AEA, 0x6266, 0x6245,
 0x4A06, 0x29A9, 0x116B, 0x094B, 0x094C, 0x11AC, 0x2A4F, 0x42F2, 0x5314, 0x52F3, 0x52F2, 0x5B73, 0x6C77, 0x74F9, 0x6CF7, 0x5C74,
 0x3BEE, 0x2BAA, 0x23AA, 0x232B, 0x22ED, 0x2351, 0x2C96, 0x2D19, 0x2C99, 0x23B9, 0x2338, 0x2338, 0x2BD8, 0x4CF9, 0x7598, 0xA5D7,
 0xB5F7, 0xBDF7, 0xB5F7, 0xB617, 0xBDF7, 0xBE18, 0xC638, 0xAD95, 0x9492, 0x8410, 0x8430, 0x9CF3, 0xAD97, 0x9D98, 0x7D18, 0x64D7,
 0x960F, 0x8DEE, 0x8DEE, 0x8DCE, 0x8DCE, 0x8DCE, 0x8DCE, 0x8DCE, 0x8DCE, 0x8DEE, 0x8DEE, 0x8DEE, 0x8DEE, 0x8DEE, 0x8DEE, 0x8DEE,
 0x8DCE, 0x8DCE, 0x8DCE, 0x8DCE, 0x960F, 0xAE92, 0xA651, 0x8DEE, 0x8DCE, 0x8DEE, 0x8DEE, 0x8DEE, 0x960E, 0xA651, 0x76FA, 0x471C,
 0x3F1D, 0x3F1D, 0x3EFD, 0x6E3A, 0x9556, 0x7CD5, 0x5C54, 0x7D38, 0xB71D, 0x677E, 0x3F1D, 0x3F1D, 0x3F1D, 0x475D, 0x97BE, 0xAEB6,
 0x756C, 0x6D2B, 0x6D4B, 0x6D4B, 0x856D, 0xADD4, 0xB5F7, 0xBDF7, 0xB617, 0xB5F7, 0xB5F7, 0xB5F7, 0xBDF7, 0xBE17, 0xBE38, 0xB5D7,
 0x94F4, 0x6C12, 0x5BF1, 0x5C11, 0x5CD1, 0x6531, 0x5D11, 0x4471, 0x3412, 0x4435, 0x4C76, 0x54B7, 0x5474, 0x53AF, 0x530C, 0x4ACC,
 0x3A8D, 0x222E, 0x11CD, 0x096C, 0x096C, 0x098C, 0x19CC, 0x320C, 0x422B, 0x41EA, 0x598A, 0x792C, 0x9930, 0xA972, 0xB193, 0xA9D3,
 0x8A52, 0x6312, 0x4371, 0x2AF0, 0x22B0, 0x2332, 0x2477, 0x2CB9, 0x23F9, 0x2378, 0x23B9, 0x2C79, 0x353A, 0x55DA, 0x85F9, 0xADF7,
 0xB5F7, 0xBDF7, 0xB5F7, 0xB5F7, 0xBDF7, 0xBE18, 0xC638, 0xB596, 0x9492, 0x73AF, 0x6B4F, 0x7390, 0x73B1, 0x63D1, 0x43D2, 0x2BD2,
 0x960F, 0x8DEE, 0x8DEE, 0x8DEE, 0x8DEE, 0x8DCE, 0x8DCE, 0x8DCE, 0x8DCE, 0x8DCE, 0x8DCE, 0x8DCE, 0x8DEE, 0x8DEE, 0x8DCE, 0x8DEE,
 0x8DEE, 0x8DCE, 0x8DCE, 0x8DCE, 0x960F, 0xAE92, 0xAE71, 0x960F, 0x960E, 0x962F, 0x962F, 0x962F, 0x962F, 0xA671, 0x76FA, 0x471C,
 0x3F1D, 0x3F1D, 0x3F1D, 0x76BC, 0xA5D8, 0x9D77, 0x9557, 0x8D79, 0xAEDC, 0x677E, 0x3F1D, 0x3F1D, 0x3F1D, 0x475D, 0x97BE, 0xAEB6,
 0x756C, 0x6D4B, 0x6D4B, 0x6D4C, 0x858D, 0xADD4, 0xB5F7, 0xBDF7, 0xB5F7, 0xB5F7, 0xB5F7, 0xBDF7, 0xBDF7, 0xBE17, 0xBE38, 0xB5D7,
 0x8CD3, 0x6BB0, 0x5B4E, 0x530D, 0x4AAB, 0x42AA, 0x4AEC, 0x4BD1, 0x4C54, 0x4474, 0x34D5, 0x3577, 0x3556, 0x3C52, 0x4391, 0x4B92,
 0x4B73, 0x3B11, 0x2A6F, 0x21CC, 0x19AA, 0x21CA, 0x31E9, 0x3A08, 0x39E8, 0x41C7, 0x5168, 0x78EA, 0x988D, 0xB84F, 0xC852, 0xC8D3,
 0xB1D4, 0x8315, 0x5BF6, 0x5457, 0x4C57, 0x44B8, 0x353A, 0x2D1A, 0x2439, 0x23D9, 0x2419, 0x2CBA, 0x3D5A, 0x5DFA, 0x85F9, 0xADF7,
 0xB5F7, 0xBDF7, 0xB617, 0xBDF7, 0xB5F7, 0xBE17, 0xC5F8, 0xACF5, 0x9412, 0x7BB2, 0x7BD4, 0x8BB5, 0x9374, 0x7332, 0x3ACF, 0x22AF,
 0x960F, 0x8DEE, 0x8DEE, 0x8DEE, 0x8DEE, 0x8DCE, 0x8DEE, 0x8DEE, 0x8DEE, 0x8DCE, 0x8DCE, 0x8DCE, 0x8DCE, 0x8DEE, 0x8DEE, 0x8DEE,
 0x8E0E, 0x8E0E, 0x960E, 0x960E, 0x9E4F, 0xB6B3, 0xAE92, 0x9E2F, 0x962F, 0x962F, 0x962F, 0x962F, 0x962F, 0xA651, 0x76FA, 0x471C,
 0x3F1D, 0x3F1D, 0x36DC, 0x3C52, 0x9535, 0xD6DC, 0xD6FC, 0xA61A, 0x6D99, 0x573D, 0x3F1D, 0x3F1D, 0x3F1D, 0x475D, 0x97BE, 0xAEB6,
 0x756C, 0x6D4B, 0x6D4B, 0x6D4C, 0x858D, 0xADD4, 0xB5F7, 0xBDF7, 0xB5F7, 0xB5F7, 0xB5F7, 0xB5F7, 0xBDF7, 0xBE17, 0xBE18, 0xAD95,
 0x8430, 0x52AA, 0x4249, 0x4228, 0x4208, 0x3A08, 0x426A, 0x532E, 0x5BF1, 0x5C33, 0x4C53, 0x3C53, 0x33D0, 0x3AEC, 0x3A4A, 0x3A4A,
 0x424A, 0x3A4A, 0x3A0A, 0x31E9, 0x31C8, 0x39E8, 0x4208, 0x4208, 0x41E8, 0x41E7, 0x49E8, 0x5A0A, 0x6A0C, 0x81AD, 0xA110, 0xB111,
 0x9951, 0x6A0F, 0x428F, 0x32CF, 0x2B11, 0x2BF4, 0x2D19, 0x2D5A, 0x2CBA, 0x2C59, 0x2419, 0x23D9, 0x3459, 0x5D59, 0x8DD8, 0xADF7,
 0xB5F7, 0xBDF7, 0xB5F7, 0xBDF7, 0xB5F7, 0xBDF7, 0xBD77, 0xAC34, 0xA374, 0x93F6, 0x9498, 0xA438, 0xA397, 0x8B76, 0x63D5, 0x5457,
 0x960F, 0x8DEE, 0x8DEE, 0x8DEE, 0x8DEE, 0x8DEE, 0x8DCE, 0x8DEE, 0x8DEE, 0x8DEE, 0x8DEE, 0x8DEE, 0x8E0E, 0x960E, 0x962F, 0x962F,
 0x962F, 0x964F, 0x964F, 0x962F, 0x9E50, 0xB6B3, 0xAE92, 0x9E4F, 0x962F, 0x962F, 0x962F, 0x962F, 0x962F, 0xA671, 0x76FA, 0x471C,
 0x3F1D, 0x3F1D, 0x36BB, 0x3411, 0x84D4, 0x9D98, 0x9DD9, 0x95F9, 0x6578, 0x571D, 0x3F1D, 0x3F1D, 0x3F1D, 0x473D, 0x97BE, 0xAEB6,
 0x756C, 0x6D4B, 0x6D4B, 0x6D4C, 0x858D, 0xADD4, 0xB5F7, 0xBDF7, 0xB617, 0xB5F7, 0xB5F7, 0xB5F7, 0xB5F7, 0xBE17, 0xC618, 0xAD75,
 0x8430, 0x52AA, 0x4249, 0x4A29, 0x4208, 0x41E8, 0x41E8, 0x4228, 0x4249, 0x424A, 0x424A, 0x3A49, 0x4249, 0x4249, 0x4229, 0x5249,
 0x6AA9, 0x7B29, 0x6B09, 0x52AA, 0x42CC, 0x4AED, 0x42CC, 0x3A4A, 0x39E8, 0x3A08, 0x426A, 0x5B4E, 0x63F2, 0x6BF3, 0x6B72, 0x6B11,
 0x5A8E, 0x420A, 0x3187, 0x2166, 0x21E9, 0x236F, 0x2C97, 0x2C79, 0x2439, 0x2C59, 0x2C7A, 0x2CB9, 0x4539, 0x6DD8, 0x9E16, 0xB615,
 0xBE15, 0xBE35, 0xBE35, 0xBE15, 0xBE35, 0xBE16, 0xBDF8, 0xAD78, 0x9CF8, 0x94D8, 0x94B8, 0xAC38, 0xBBD7, 0x9BD7, 0x7457, 0x6D19,
 0x960F, 0x8DCE, 0x8DCE, 0x8DEE, 0x8DEE, 0x8DEE, 0x8E0E, 0x960E, 0x960E, 0x962F, 0x962F, 0x962F, 0x962F, 0x962F, 0x962F, 0x962F,
 0x962F, 0x962F, 0x962F, 0x962F, 0x9E4F, 0xB6D3, 0xAE92, 0x9E4F, 0x964F, 0x964F, 0x964F, 0x9E2F, 0x962F, 0xA651, 0x7EDA, 0x471C,
 0x3F1D, 0x3F1D, 0x3F1D, 0x5F1D, 0xB75E, 0xE79E, 0xE79E, 0xD79E, 0x973E, 0x471D, 0x3F1D, 0x3F1D, 0x3F1D, 0x4F3D, 0x97BE, 0xAEB6,
 0x756C, 0x6D4B, 0x6D2B, 0x6D4B, 0x856D, 0xADD4, 0xB5F6, 0xBDF7, 0xBE17, 0xBDF7, 0xB5F7, 0xB5F7, 0xB5F7, 0xBE17, 0xBE38, 0xADD8,
 0x9515, 0x7432, 0x6BB1, 0x7B52, 0x8B11, 0x82AF, 0x62AE, 0x530F, 0x5391, 0x53D2, 0x5391, 0x430E, 0x3ACC, 0x3AED, 0x538F, 0x742F,
 0xACEE, 0xCD6D, 0xB52E, 0x84F2, 0x6D17, 0x6539, 0x5475, 0x430E, 0x3A29, 0x39E8, 0x3A08, 0x4249, 0x4249, 0x4249, 0x4229, 0x4229,
 0x4229, 0x4208, 0x39E8, 0x3209, 0x32AC, 0x3413, 0x2CF8, 0x2C59, 0x2378, 0x2378, 0x2C39, 0x355A, 0x4E18, 0x8673, 0xB691, 0xCEB0,
 0xCE8F, 0xCE8F, 0xCEAF, 0xCEB0, 0xD6D0, 0xCED2, 0xCE95, 0xB5F7, 0x9535, 0x7C73, 0x7BF2, 0x8B92, 0x8B91, 0x7B70, 0x6B6F, 0x63B0,
 0x960F, 0x960E, 0x960E, 0x960E, 0x960F, 0x962F, 0x964F, 0x962F, 0x962F, 0x962F, 0x964F, 0x964F, 0x964F, 0x964F, 0x962F, 0x962F,
 0x962F, 0x962F, 0x962F, 0x962F, 0x9E50, 0xB6B3, 0xAE92, 0x9E4F, 0x962F, 0x962F, 0x962F, 0x962F, 0x962F, 0xA651, 0x9D93, 0x94F3,
 0x8CF3, 0x8CF3, 0x8CF3, 0x8CF3, 0x9513, 0xA555, 0xAD75, 0x9D34, 0x94F3, 0x9514, 0x9534, 0x9D55, 0x9D55, 0xADB7, 0xCE99, 0xAE53,
 0x756C, 0x6D4B, 0x6D4B, 0x6D4B, 0x856D, 0xADD4, 0xB5F7, 0xBDF7, 0xB617, 0xB5F7, 0xB5F7, 0xB5F7, 0xB5F7, 0xB5F7, 0xAD97, 0x9D17,
 0x94B7, 0x94B8, 0x94D9, 0xA479, 0xBBF8, 0xB397, 0x83D6, 0x6C98, 0x6D3A, 0x6D5A, 0x5CD8, 0x3BD3, 0x22F0, 0x1AEF, 0x43AE, 0x84AE,
 0xCDCE, 0xD5EE, 0xAD2E, 0x7CD3, 0x64F7, 0x5CD9, 0x5435, 0x42EE, 0x3A09, 0x31C7, 0x39E7, 0x4208, 0x4208, 0x39E7, 0x41E7, 0x4229,
 0x4AAB, 0x530E, 0x53B2, 0x5434, 0x4C95, 0x3D38, 0x359A, 0x2CFA, 0x23D9, 0x2378, 0x23F9, 0x3539, 0x5E17, 0x9691, 0xBEAF, 0xCEAF,
 0xCEAF, 0xD6CF, 0xDF10, 0xDF30, 0xDF31, 0xD6F2, 0xC695, 0xADF7, 0x8D36, 0x7C73, 0x7BF1, 0x83CF, 0x838E, 0x6B4D, 0x52AC, 0x426B,
 0x9E50, 0x962F, 0x962F, 0x962F, 0x962F, 0x962F, 0x962F, 0x962F, 0x962E, 0x962F, 0x962F, 0x964F, 0x964F, 0x962F, 0x962F, 0x962F,
 0x962F, 0x960E, 0x960E, 0x962F, 0x9E4F, 0xB6D3, 0xAE92, 0x9E4F, 0x9E4F, 0x962F, 0x962F, 0x962F, 0x962F, 0x9E10, 0x4268, 0x0862,
 0x0861, 0x0861, 0x0861, 0x2125, 0x6B6D, 0xC638, 0xDEFB, 0xB5B6, 0x5AEB, 0x18E3, 0x1904, 0x2966, 0x31A7, 0x528A, 0x9492, 0xA5F2,
 0x756C, 0x6D4B, 0x6D4B, 0x6D4B, 0x856D, 0xADD4, 0xB5F6, 0xB5F7, 0xB5F7, 0xB5F7, 0xB5F7, 0xB5F7, 0xB5F7, 0xB5D7, 0xB516, 0xA3D3,
 0x9B33, 0x9BB5, 0x94B8, 0x9499, 0xABB7, 0xA356, 0x7354, 0x5BF5, 0x5C57, 0x5456, 0x43D4, 0x2AEF, 0x124D, 0x1A8D, 0x3B4E, 0x7C4D,
 0xC54D, 0xCD6D, 0x9C8D, 0x63AF, 0x4352, 0x3B32, 0x3AD0, 0x322B, 0x29A7, 0x2986, 0x2986, 0x3186, 0x3186, 0x31A6, 0x39C7, 0x4229,
 0x4ACC, 0x53D2, 0x5CD8, 0x5D5A, 0x559A, 0x3DDB, 0x35FB, 0x2D3A, 0x23F9, 0x2358, 0x23F9, 0x3539, 0x5E16, 0x9671, 0xBE6F, 0xCE8F,
 0xD6CF, 0xDF30, 0xE751, 0xE771, 0xE751, 0xDF33, 0xCE94, 0xAD33, 0x9410, 0x8B6D, 0xAB8D, 0xC3EE, 0xB3CE, 0x7B2E, 0x426D, 0x2A2D,
 0x9E50, 0x962F, 0x962F, 0x962F, 0x962F, 0x962F, 0x962F, 0x962F, 0x962F, 0x962F, 0x962F, 0x964F, 0x964F, 0x964F, 0x964F, 0x962F,
 0x962F, 0x962F, 0x962F, 0x962F, 0x9E4F, 0xB6D3, 0xAE92, 0x9E4F, 0x9E4F, 0x9E4F, 0x9E4F, 0x964F, 0x9E2F, 0x9E10, 0x4A88, 0x0882,
 0x0861, 0x0841, 0x2104, 0x630C, 0xA555, 0xDEDB, 0xEF5D, 0xF79E, 0xDEDB, 0x6B4D, 0x2125, 0x2145, 0x3186, 0x528A, 0x94B2, 0xA5F2,
 0x756C, 0x6D4B, 0x6D4B, 0x6D4C, 0x858D, 0xADD4, 0xB5F6, 0xB5F7, 0xB5F7, 0xB5F7, 0xB5F7, 0xB5F7, 0xB5F7, 0xBDF7, 0xBDB7, 0xACB4,
 0x93B1, 0x7331, 0x6B93, 0x8395, 0x9B55, 0x8AF3, 0x528F, 0x328E, 0x2AAF, 0x228E, 0x1A6D, 0x122C, 0x1A2C, 0x2ACE, 0x4B6F, 0x73CF,
 0x944E, 0x948F, 0x7C71, 0x6412, 0x5BD2, 0x4B30, 0x3A6C, 0x3A09, 0x31C7, 0x3186, 0x2965, 0x2945, 0x2965, 0x31A6, 0x39C7, 0x39E8,
 0x3A8C, 0x4BD3, 0x5D19, 0x65BC, 0x55FC, 0x463C, 0x3E3C, 0x35FC, 0x2D5B, 0x2CBA, 0x2C99, 0x3D39, 0x6615, 0x9E50, 0xBE8F, 0xD6CF,
 0xDF30, 0xE751, 0xEF71, 0xEF92, 0xEF93, 0xE734, 0xCE33, 0xB48F, 0xAB6C, 0xB32B, 0xCBAC, 0xD40E, 0xBBEE, 0x8B8F, 0x5B72, 0x4BB4,
 0x9E50, 0x962F, 0x962F, 0x962F, 0x962F, 0x962F, 0x962F, 0x962F, 0x962F, 0x962F, 0x962F, 0x962F, 0x964F, 0x9E4F, 0x9E4F, 0x9E4F,
 0x964F, 0x962F, 0x962F, 0x962F, 0x9E4F, 0xB6B3, 0xAE92, 0x9E4F, 0x9E4F, 0x9E4F, 0x9E4F, 0x9E2F, 0x962F, 0x9E10, 0x4A88, 0x0862,
 0x0861, 0x18E3, 0x4A49, 0x7BEF, 0xA514, 0xD699, 0xEF5B, 0xF79D, 0xF7BE, 0xCE9A, 0x634E, 0x29C7, 0x31C7, 0x526A, 0x94B2, 0xA5F2,
 0x754C, 0x652B, 0x6D2B, 0x6D4C, 0x858D, 0xADD4, 0xB5F7, 0xBDF7, 0xBE17, 0xBDF7, 0xBDF7, 0xB5F7, 0xB5F7, 0xBE17, 0xC618, 0xAD75,
 0x8430, 0x5ACB, 0x528B, 0x62AD, 0x6AAD, 0x5A8C, 0x426C, 0x3A8D, 0x32AE, 0x32CF, 0x3AEF, 0x3AEF, 0x42CE, 0x4ACC, 0x5ACB, 0x6B2B,
 0x83EC, 0x8C4E, 0x7C2F, 0x63AF, 0x5B70, 0x4B2E, 0x428B, 0x3A08, 0x39C7, 0x31A7, 0x31C7, 0x3A09, 0x428C, 0x4AED, 0x52ED, 0x42AC,
 0x42AD, 0x4330, 0x53F4, 0x5497, 0x4D39, 0x3DDA, 0x3E1B, 0x363C, 0x363C, 0x361C, 0x35FB, 0x4619, 0x6E54, 0xA690, 0xC6CF, 0xDF30,
 0xE751, 0xEF91, 0xEFB2, 0xF7D3, 0xEFB3, 0xE733, 0xCE33, 0xB4B0, 0x9BAD, 0xA34C, 0xB38D, 0xC3EE, 0xC40F, 0x9BD0, 0x6BD2, 0x5C36,
 0x9E50, 0x962F, 0x962F, 0x962F, 0x962F, 0x962F, 0x962F, 0x962F, 0x962F, 0x962F, 0x962F, 0x962F, 0x962F, 0x964F, 0x964F, 0x964F,
 0x962F, 0x962F, 0x962F, 0x962F, 0x9E70, 0xB6D3, 0xAE92, 0x9E4F, 0x964F, 0x962F, 0x962F, 0x960F, 0x960E, 0x9DF0, 0x4288, 0x0861,
 0x10A2, 0x39A6, 0x5ACB, 0x6B6E, 0x9492, 0xCE58, 0xEF3B, 0xEF5C, 0xBDF7, 0xA555, 0x8DB8, 0x865B, 0x763B, 0x75B8, 0x9DF8, 0xA613,
 0x754C, 0x652B, 0x6D2B, 0x6D4C, 0x858D, 0xADD4, 0xB5F7, 0xB5F7, 0xB617, 0xB5F7, 0xBDF7, 0xB5F7, 0xB5F7, 0xBE17, 0xBE18, 0xAD55,
 0x7BCF, 0x4A49, 0x39E7, 0x4208, 0x4228, 0x4A49, 0x4A8B, 0x4AEE, 0x4310, 0x42D1, 0x424F, 0x39AD, 0x390B, 0x40E9, 0x5168, 0x7A88,
 0xAC2B, 0xB50E, 0x9CF0, 0x7CD4, 0x6CF7, 0x6D18, 0x5C95, 0x432F, 0x3209, 0x31C8, 0x3A4A, 0x4B70, 0x5414, 0x4BD4, 0x3B31, 0x328E,
 0x2A2C, 0x2A0B, 0x29EA, 0x29EA, 0x224B, 0x22ED, 0x236F, 0x2B90, 0x2BD1, 0x2C11, 0x44B2, 0x6DB2, 0x9E50, 0xC6D0, 0xDF10, 0xE751,
 0xE771, 0xEFB2, 0xF7D3, 0xF7D3, 0xEF92, 0xDF13, 0xC695, 0xA5D6, 0x8CF6, 0x7453, 0x7BD1, 0x8BCF, 0x93AE, 0x7B8E, 0x634E, 0x5B4F,
 0x9E50, 0x962F, 0x962F, 0x962F, 0x962F, 0x962F, 0x962F, 0x962F, 0x962F, 0x962F, 0x962F, 0x962F, 0x962F, 0x962F, 0x962F, 0x962F,
 0x962F, 0x962F, 0x962F, 0x964F, 0x9E50, 0xB6B3, 0xAE92, 0x960F, 0x960E, 0x8DEE, 0x8DEE, 0x8DEE, 0x8DEE, 0x9DF0, 0x4268, 0x0862,
 0x10A2, 0x31A6, 0x5ACB, 0x7BF0, 0x7BF0, 0x632D, 0x632D, 0xAD75, 0xDEFC, 0x9DF9, 0x96DD, 0x975E, 0x86FE, 0x977E, 0xAF3D, 0xA655,
 0x754C, 0x6D2B, 0x6D2B, 0x6D4B, 0x7D6D, 0xADD4, 0xB5F7, 0xB5F7, 0xB5F7, 0xB5F7, 0xB5F7, 0xB5F7, 0xB5F7, 0xBE17, 0xBE17, 0xA534,
 0x738E, 0x4208, 0x31A6, 0x39C7, 0x4208, 0x3A29, 0x42CC, 0x5BF3, 0x6CB8, 0x6C98, 0x6416, 0x5313, 0x49EF, 0x410C, 0x40CC, 0x494D,
 0x5A6F, 0x5B91, 0x63F2, 0x6434, 0x6475, 0x5C95, 0x53F3, 0x42CD, 0x31E8, 0x31C8, 0x3A6B, 0x53D2, 0x5497, 0x4C36, 0x3312, 0x1A4F,
 0x11AC, 0x118C, 0x19AB, 0x21A9, 0x2187, 0x2166, 0x2145, 0x2124, 0x2144, 0x2985, 0x5AE7, 0x94EB, 0xC66E, 0xDF10, 0xE750, 0xE791,
 0xEFB2, 0xF7D3, 0xF7D3, 0xEFB2, 0xEF92, 0xE754, 0xD6D6, 0xB5D6, 0x94D3, 0x73D0, 0x6B6E, 0x6B6D, 0x6B6D, 0x6B4D, 0x632C, 0x5B0C,
 0x9E50, 0x962F, 0x962F, 0x962F, 0x962F, 0x962F, 0x962F, 0x962F, 0x962F, 0x962F, 0x962F, 0x962F, 0x962F, 0x962F, 0x962F, 0x962F,
 0x960E, 0x960E, 0x960E, 0x8DEE, 0x960F, 0xAE92, 0xA651, 0x8DEE, 0x8DCE, 0x8DEE, 0x8DEE, 0x8DEE, 0x8DEE, 0x9DF0, 0x4A68, 0x1082,
 0x2945, 0x4249, 0x634E, 0x8C92, 0x8451, 0x6B6D, 0x634D, 0x7C10, 0x8D36, 0x5D9A, 0x5E3B, 0x7E7B, 0x7E3C, 0x769D, 0xAEFC, 0xA674,
 0x754C, 0x6D2B, 0x6D2B, 0x6D4B, 0x7D6D, 0xADD4, 0xB5F7, 0xBDF7, 0xBE17, 0xBDF7, 0xBDF7, 0xB5F7, 0xB5F7, 0xBE17, 0xBE18, 0xAD55,
 0x7BCF, 0x4228, 0x31A6, 0x39C7, 0x4208, 0x4A69, 0x532E, 0x6475, 0x7559, 0x75BB, 0x6DDA, 0x5E1A, 0x4618, 0x3DB7, 0x3596, 0x35B7,
 0x3DF7, 0x3DB6, 0x4492, 0x3AEC, 0x3A29, 0x31E8, 0x31C8, 0x2987, 0x2987, 0x29C9, 0x3A6D, 0x4BB3, 0x4C15, 0x3B72, 0x226F, 0x19ED,
 0x098C, 0x11AC, 0x222F, 0x4332, 0x4BB3, 0x4330, 0x2A2B, 0x1948, 0x1126, 0x2165, 0x52C7, 0x9D0B, 0xCEAF, 0xDF30, 0xE751, 0xEF91,
 0xF7B2, 0xF7B3, 0xEFB2, 0xEFB2, 0xEFB3, 0xE775, 0xD6F6, 0xB616, 0x9535, 0x7473, 0x6452, 0x6432, 0x5BAF, 0x4B0D, 0x326B, 0x2A4B,
 0x9E50, 0x962F, 0x962F, 0x962F, 0x962F, 0x964F, 0x962F, 0x962F, 0x962F, 0x962F, 0x9E4F, 0x964F, 0x960E, 0x960E, 0x960E, 0x8E0E,
 0x8DEE, 0x8DCE, 0x8DCE, 0x8DCE, 0x95EF, 0xAE92, 0xA651, 0x8DEE, 0x8DCE, 0x8DCE, 0x8DCE, 0x8DEE, 0x8DCE, 0x95CF, 0x4268, 0x18C3,
 0x52CB, 0x8CB2, 0x94B3, 0x94F4, 0xB5D7, 0xDEFB, 0xE71C, 0xE73C, 0xDEFC, 0xB639, 0xBE59, 0xB65A, 0xAE5B, 0xB67B, 0xB5D7, 0xA5F2,
 0x754C, 0x6D2B, 0x6D2B, 0x6D4B, 0x856D, 0xADD4, 0xB5F7, 0xBDF7, 0xBE17, 0xBDF7, 0xBDF7, 0xB5F7, 0xB5F7, 0xBE17, 0xC618, 0xAD75,
 0x8410, 0x5289, 0x4A28, 0x5288, 0x6309, 0x73AB, 0x6C0F, 0x6C74, 0x6497, 0x5C95, 0x54B4, 0x45D6, 0x3F19, 0x3FBB, 0x3FDB, 0x3FDB,
 0x3FDB, 0x3F39, 0x3574, 0x3B4D, 0x3249, 0x39C7, 0x31A8, 0x2969, 0x216B, 0x29EE, 0x3270, 0x3B12, 0x3B32, 0x32B0, 0x224E, 0x2A4D,
 0x326E, 0x32AF, 0x3B11, 0x4BB5, 0x5416, 0x4B94, 0x2A6F, 0x118B, 0x0949, 0x19A8, 0x5308, 0x9D2C, 0xCECF, 0xE750, 0xE771, 0xEF92,
 0xEFB2, 0xEF92, 0xEFB2, 0xEFB3, 0xEFB4, 0xDF54, 0xBE95, 0x9E17, 0x8DF9, 0x85B9, 0x75B9, 0x6DD8, 0x5CD5, 0x43B2, 0x32F0, 0x2ACF,
 0x9E50, 0x962F, 0x962F, 0x962F, 0x962F, 0x962F, 0x964F, 0x962F, 0x962F, 0x960E, 0x960E, 0x8E0E, 0x8DEE, 0x8DEE, 0x8DEE, 0x8DCE,
 0x8DCE, 0x8DCE, 0x8DCE, 0x8DEE, 0x960F, 0xAE92, 0xA651, 0x95EE, 0x8DCE, 0x8DCE, 0x8DCE, 0x8DEE, 0x8DCE, 0x95CF, 0x4A89, 0x21A9,
 0x7CF5, 0xA618, 0x8D14, 0x94F5, 0xAE3A, 0xAE5B, 0xCEDC, 0xF7BE, 0xE75D, 0xBE59, 0xC69A, 0xCF3D, 0x9D97, 0x7C32, 0x9CF5, 0xA5D2,
 0x6D4C, 0x652B, 0x652B, 0x6D4B, 0x856D, 0xADD4, 0xB5F6, 0xBDF7, 0xB5F7, 0xB5F7, 0xB5F7, 0xBDF7, 0xBDF7, 0xBDF7, 0xBDF6, 0xA512,
 0x83CC, 0x62E7, 0x6B07, 0x7B88, 0x8C29, 0x8C6B, 0x74B1, 0x6D37, 0x655A, 0x6518, 0x5517, 0x45D7, 0x3F19, 0x3FDB, 0x3FFB, 0x3FFB,
 0x3FFB, 0x3F9A, 0x3636, 0x33EF, 0x32AB, 0x3229, 0x2A0A, 0x19EC, 0x19ED, 0x226F, 0x3B32, 0x5C56, 0x74D8, 0x74F8, 0x74D7, 0x7CD6,
 0x8CF5, 0x7CD6, 0x6497, 0x6499, 0x5CB9, 0x5457, 0x3B53, 0x1A0E, 0x098B, 0x19EB, 0x534A, 0xA56D, 0xD6F0, 0xE771, 0xE771, 0xEF92,
 0xEF92, 0xE772, 0xEFB2, 0xF7D3, 0xEFB4, 0xD734, 0x9E34, 0x7DB6, 0x75D8, 0x7E1A, 0x761B, 0x6DFA, 0x6558, 0x5CD7, 0x64D9, 0x64F9,
 0x9E50, 0x962F, 0x962F, 0x962F, 0x960E, 0x960E, 0x8E0E, 0x8DEE, 0x8DEE, 0x8DCE, 0x8DEE, 0x8DEE, 0x8DEE, 0x8DEE, 0x8DEE, 0x8DEE,
 0x8DEE, 0x8DEE, 0x8DEE, 0x8DEE, 0x960F, 0xAE92, 0xA671, 0x95EE, 0x8DEE, 0x8DEE, 0x8DEE, 0x8DEE, 0x8DCE, 0x9DF0, 0x52EA, 0x218A,
 0x5CD6, 0x9EDC, 0x963A, 0x965B, 0xB75E, 0xBF3E, 0xD75E, 0xEFBF, 0xCF7E, 0xB73D, 0xBF7E, 0x9E7B, 0x4BB2, 0x4B0F, 0x94F5, 0xA5F3,
 0x756C, 0x6D2B, 0x6D2B, 0x6D4B, 0x856D, 0xADD4, 0xB5F7, 0xB5F7, 0xB5F7, 0xB5F7, 0xB5F7, 0xB5F7, 0xBDF7, 0xB5F7, 0xB5B5, 0x948F,
 0x7BAA, 0x7B67, 0x8BC8, 0x8C09, 0x8409, 0x7BEB, 0x6431, 0x64F8, 0x6D7B, 0x6D9A, 0x5D99, 0x4DF8, 0x3F19, 0x3FDB, 0x3FFB, 0x3FFB,
 0x3FFB, 0x3FBA, 0x3E77, 0x3C31, 0x42CE, 0x426F, 0x328F, 0x1A6F, 0x124E, 0x124E, 0x1AAF, 0x3B73, 0x5C36, 0x5C56, 0x4372, 0x328F,
 0x222D, 0x222D, 0x32D0, 0x4394, 0x4BF5, 0x4394, 0x2A90, 0x19CC, 0x1169, 0x21C8, 0x5B29, 0xA58C, 0xD6F0, 0xE771, 0xEF91, 0xEF92,
 0xE771, 0xE772, 0xF7B3, 0xF7D4, 0xF7D4, 0xDF54, 0xBE95, 0x95B5, 0x7D15, 0x6CD5, 0x6517, 0x6D57, 0x64D5, 0x6475, 0x6496, 0x6CF8,
 0x9E30, 0x960E, 0x8DEE, 0x8DEE, 0x8DCE, 0x8DCE, 0x8DCE, 0x8DCE, 0x8DCE, 0x8DCE, 0x8DCE, 0x8DCE, 0x8DCE, 0x8DEE, 0x8DEE, 0x8DEE,
 0x8DEE, 0x8DEE, 0x8DEE, 0x8DCE, 0x960F, 0xAE92, 0xA651, 0x95EE, 0x8DEE, 0x8DEE, 0x8DEE, 0x8DCE, 0x8DCE, 0x95D0, 0x52EB, 0x1969,
 0x330F, 0x5496, 0x3D7B, 0x3E5D, 0x56DE, 0x6EFE, 0x8F3E, 0x9F3E, 0x9F3E, 0x7EBE, 0x5DFD, 0x54FB, 0x3C16, 0x5BB2, 0x9536, 0xA5F3,
 0x756C, 0x6D4B, 0x6D4B, 0x756C, 0x858D, 0xADD4, 0xB5F7, 0xBDF7, 0xBE17, 0xB5F7, 0xB5F7, 0xB5F7, 0xB5F7, 0xBDF7, 0xB5D6, 0x9CF2,
 0x7BCC, 0x62E8, 0x6B08, 0x7368, 0x83E9, 0x7BEB, 0x63CE, 0x5BF2, 0x5C56, 0x64B7, 0x64F7, 0x55B7, 0x46F9, 0x3FBB, 0x3FDB, 0x3FFB,
 0x3FFB, 0x3FBB, 0x3E98, 0x4BF2, 0x59EE, 0x690D, 0x616E, 0x41EF, 0x1A0E, 0x122E, 0x1AB0, 0x3B94, 0x5458, 0x5478, 0x43B5, 0x2AB0,
 0x11AC, 0x098C, 0x1A0E, 0x3AF0, 0x4B71, 0x4310, 0x322B, 0x2167, 0x2125, 0x2985, 0x6327, 0xAD8C, 0xD6F0, 0xE771, 0xE771, 0xE771,
 0xE751, 0xEF92, 0xF7D4, 0xF7F4, 0xF7D4, 0xE775, 0xDED6, 0xB5D5, 0x94B2, 0x73F0, 0x63F0, 0x6C10, 0x6BCF, 0x6B8E, 0x636E, 0x636E,
 0x960F, 0x8DEE, 0x8DEE, 0x8DEE, 0x8DCE, 0x8DEE, 0x8DEE, 0x8DEE, 0x8DEE, 0x8DCE, 0x8DCE, 0x8DCE, 0x8DCE, 0x8DCE, 0x8DCE, 0x8DCE,
 0x8DCE, 0x8DCE, 0x8DCE, 0x8DEE, 0x960F, 0xAE92, 0xA651, 0x95EE, 0x8DEE, 0x8DEE, 0x8DEE, 0x8DCE, 0x8DCE, 0x95F0, 0x530C, 0x222E,
 0x3B75, 0x3C98, 0x367D, 0x3F9F, 0x47BF, 0x7FDF, 0xDFDF, 0xF7FF, 0xD7DF, 0x7F3E, 0x45FC, 0x557D, 0x4C9B, 0x5BF6, 0x8D37, 0xA5D3,
 0x754C, 0x6D4B, 0x6D4B, 0x756C, 0x856D, 0xADD4, 0xB5F7, 0xBDF7, 0xBE17, 0xBDF7, 0xBDF7, 0xBDF7, 0xBDF7, 0xBE17, 0xBE17, 0xAD75,
 0x840F, 0x5289, 0x4A27, 0x5A47, 0x6AC7, 0x7B07, 0x7B28, 0x6B2B, 0x532F, 0x4B50, 0x4B4F, 0x4BAE, 0x44B0, 0x3D72, 0x45B3, 0x45F5,
 0x4638, 0x4DF8, 0x4C94, 0x5A6F, 0x690C, 0x706B, 0x708C, 0x598D, 0x4AAF, 0x4330, 0x4B71, 0x53F4, 0x5C77, 0x5C77, 0x4BB4, 0x32D0,
 0x2A0D, 0x2A0C, 0x2A4E, 0x2A4F, 0x29EE, 0x194C, 0x10C9, 0x10A8, 0x18C6, 0x2145, 0x5B07, 0xAD8C, 0xD6F0, 0xE771, 0xE751, 0xE751,
 0xE771, 0xF7B3, 0xF7F4, 0xF7F4, 0xF7D4, 0xEF75, 0xDEF7, 0xBDF6, 0x9CF3, 0x8410, 0x73CF, 0x7BCF, 0x7BEF, 0x7BEF, 0x7BCF, 0x73AF,
 0x95EF, 0x8DCE, 0x8DEE, 0x8DEE, 0x8DCE, 0x8DCE, 0x8DCE, 0x8DCE, 0x8DEE, 0x8DEE, 0x8DEE, 0x8DEE, 0x8DEE, 0x8DEE, 0x8DCE, 0x8DCE,
 0x8DCE, 0x8DEE, 0x8DEE, 0x8DEE, 0x960F, 0xAE92, 0xA651, 0x8DEE, 0x8DCE, 0x8DEE, 0x8DEE, 0x8DEE, 0x8DCE, 0x9DF0, 0x5B50, 0x3AB2,
 0x4BB6, 0x3C98, 0x2DFD, 0x36FE, 0x3F5E, 0x77BF, 0xDFDF, 0xFFFF, 0xE7DF, 0x871E, 0x45BC, 0x4C9C, 0x4BD8, 0x5393, 0x9516, 0xA5F3,
 0x756C, 0x6D2B, 0x6D4B, 0x6D4C, 0x856D, 0xADD4, 0xB5F7, 0xBDF7, 0xB5F7, 0xB5F7, 0xB5F7, 0xBDF7, 0xBDF7, 0xBE17, 0xBE17, 0xAD34,
 0x83AD, 0x5A26, 0x6204, 0x7225, 0x7245, 0x7265, 0x6288, 0x530D, 0x4B72, 0x4B92, 0x4B2E, 0x4A8A, 0x5246, 0x5A45, 0x6246, 0x6287,
 0x626B, 0x5A0D, 0x614C, 0x68AB, 0x686A, 0x688A, 0x612B, 0x626C, 0x630D, 0x5AEC, 0x5AAA, 0x62CA, 0x7B2A, 0x8B6B, 0x938B, 0x936A,
 0x938B, 0x8BAD, 0x6390, 0x42F2, 0x2A11, 0x112F, 0x088D, 0x002C, 0x084B, 0x18CA, 0x5AC9, 0xA56C, 0xD6F0, 0xDF50, 0xDF30, 0xDF30,
 0xEF72, 0xF7D3, 0xF7F4, 0xF7F4, 0xF7D4, 0xEF75, 0xDF17, 0xCE78, 0xBE17, 0xB5D6, 0xB5B6, 0xB5B6, 0xB5B6, 0xB5B6, 0xB5B6, 0xB5B6,
 0x95EF, 0x8DEE, 0x8DEE, 0x8DEE, 0x8DEE, 0x8DEE, 0x8DCE, 0x8DCE, 0x8DCE, 0x8DEE, 0x8DEE, 0x8DEE, 0x8DCE, 0x8DCE, 0x8DCE, 0x8DCE,
 0x8DCE, 0x8DEE, 0x8DEE, 0x8DEE, 0x95EF, 0xAE92, 0xA651, 0x8DEE, 0x8DEE, 0x8DEE, 0x8E0E, 0x960E, 0x960E, 0x9E30, 0x5B2F, 0x2A10,
 0x42F4, 0x33F8, 0x2DDD, 0x373E, 0x3F7F, 0x77BF, 0xDFDF, 0xFFFF, 0xF7DF, 0x9EDE, 0x4CDC, 0x543A, 0x4333, 0x4AEE, 0x94D4, 0xA5F3,
 0x758C, 0x6D4B, 0x6D4B, 0x6D4C, 0x856D, 0xADD4, 0xB5F6, 0xBDF7, 0xB617, 0xB5F7, 0xB5F7, 0xB5F7, 0xB5F7, 0xBE17, 0xBE17, 0xAD54,
 0x83CD, 0x6246, 0x6204, 0x7224, 0x7245, 0x7265, 0x62C9, 0x5BB1, 0x5C77, 0x64B8, 0x5C77, 0x5BB2, 0x5AEB, 0x6266, 0x6A45, 0x6A86,
 0x72CA, 0x6AEE, 0x6A8F, 0x622D, 0x59CB, 0x51A9, 0x49E9, 0x4A29, 0x4A28, 0x4228, 0x4A28, 0x6AA8, 0x8B28, 0xABA9, 0xCC2A, 0xD44A,
 0xD48C, 0xAC8F, 0x7CF5, 0x6497, 0x4BB6, 0x2A31, 0x10EE, 0x004D, 0x004C, 0x10CB, 0x52AA, 0xA54C, 0xD6F0, 0xDF30, 0xDF10, 0xDF30,
 0xEF92, 0xF7D3, 0xF7F4, 0xF7F4, 0xF7B4, 0xE775, 0xD6B5, 0xAD74, 0x9492, 0x8430, 0x8410, 0x8410, 0x8410, 0x7BEF, 0x7BEF, 0x7BEF,
 0x95EF, 0x8DCE, 0x8DEE, 0x8DCE, 0x8DEE, 0x8DCE, 0x8DCE, 0x8DCE, 0x8DCE, 0x8DEE, 0x9E2F, 0xA651, 0xAE72, 0x9E30, 0x8DEE, 0x8DCE,
 0x8DCE, 0x8DEE, 0x8DEE, 0x8DEE, 0x960F, 0xAE92, 0xAE71, 0x960F, 0x962F, 0x962F, 0x962F, 0x962F, 0x962F, 0x9E10, 0x4AAA, 0x10E9,
 0x21AF, 0x22D4, 0x24FB, 0x2E5D, 0x369E, 0x4EDE, 0x76FE, 0x8EFE, 0x969E, 0x65BD, 0x3C1B, 0x32F8, 0x3232, 0x4AAE, 0x94D3, 0xA5D2,
 0x754C, 0x6D4B, 0x6D2B, 0x6D0B, 0x7D2D, 0xA594, 0xAD96, 0xAD97, 0xAD97, 0xAD97, 0xAD96, 0xAD96, 0xAD97, 0xB5D7, 0xBE18, 0xBDF7,
 0xAD54, 0x9491, 0x944F, 0x940E, 0x93AB, 0x938A, 0x8B8B, 0x73D0, 0x6435, 0x6435, 0x5BD2, 0x5B2D, 0x62A9, 0x6AC8, 0x836A, 0x940D,
 0x9CD2, 0xA556, 0xA597, 0x9D35, 0x94D4, 0x8C92, 0x8C71, 0x8C71, 0x8C71, 0x8C51, 0x8C71, 0x94D3, 0x9535, 0x9D55, 0xA512, 0xACD0,
 0xB48E, 0xA46F, 0x7CB4, 0x6CD7, 0x5C57, 0x3AD3, 0x194F, 0x086C, 0x086A, 0x18E9, 0x5AE8, 0xAD6C, 0xD6F0, 0xDF30, 0xDF10, 0xDF30,
 0xEF92, 0xF7D4, 0xF7F4, 0xF7F4, 0xF7B4, 0xE755, 0xC654, 0x8C70, 0x632C, 0x4A89, 0x4A29, 0x4208, 0x39C7, 0x31A6, 0x3186, 0x2965,
 0x95EF, 0x8DCE, 0x8DCE, 0x8DEE, 0x8DEE, 0x8DCE, 0x8DCE, 0x8DCD, 0x8DCE, 0x9E30, 0xAE72, 0xA651, 0xAE92, 0xB693, 0x9E30, 0x8DEE,
 0x8DCE, 0x8DEE, 0x8DEE, 0x960E, 0x9E2F, 0xB6B3, 0xAE92, 0x9E4F, 0x9E4F, 0x964F, 0x964F, 0x962F, 0x962F, 0x9E10, 0x4A88, 0x1906,
 0x3A0E, 0x32B2, 0x2D3A, 0x3F1E, 0x3F9F, 0x7FBF, 0xD7BF, 0xEFBF, 0xE77F, 0x9E1B, 0x5BB7, 0x5314, 0x4270, 0x4290, 0x8CB4, 0xA5F2,
 0x756C, 0x6D2B, 0x5C4A, 0x3A8D, 0x31B2, 0x4214, 0x4235, 0x4A55, 0x4A55, 0x4A55, 0x4A55, 0x4A55, 0x4A75, 0x6335, 0x94B7, 0xB5D8,
 0xBDF7, 0xB5B6, 0xB596, 0xB596, 0xB575, 0xAD33, 0xA4F3, 0x94D4, 0x84D5, 0x7CB5, 0x7C94, 0x8472, 0x8C71, 0x94B1, 0xA513, 0xAD74,
 0xB5B6, 0xB5B6, 0xB596, 0xB5B6, 0xB5B6, 0xB5B6, 0xB596, 0xB5B6, 0xB5B6, 0xAD96, 0xAD55, 0xA514, 0x9CF4, 0x8CD3, 0x7C73, 0x7411,
 0x6B8E, 0x632D, 0x5AEC, 0x426B, 0x31EA, 0x2149, 0x18E7, 0x18C6, 0x18E5, 0x2965, 0x6307, 0xAD6C, 0xD6EF, 0xDF30, 0xDF10, 0xDF30,
 0xEF92, 0xF7D4, 0xF7F4, 0xF7F4, 0xF7B4, 0xE754, 0xC613, 0x7BEE, 0x4A69, 0x3186, 0x2945, 0x2124, 0x2103, 0x18E3, 0x18E3, 0x18E3,
 0x95EF, 0x8DCE, 0x8DCE, 0x8DCE, 0x8DEE, 0x8DEE, 0x8DEE, 0x8DEE, 0x960F, 0xAE92, 0x9E30, 0x8DCE, 0x9E2F, 0xAE92, 0xAE92, 0x9E50,
 0xA671, 0xB693, 0xBED3, 0xAE91, 0x9E50, 0xB6B3, 0xAE92, 0x9E4F, 0x962F, 0x962F, 0x964F, 0x962F, 0x962F, 0x9E10, 0x4A89, 0x08A6,
 0x298C, 0x42B0, 0x3BF6, 0x2D1B, 0x2D7D, 0x4E3D, 0x8E5D, 0xA61D, 0x7D5B, 0x5BB7, 0x6376, 0x6BB6, 0x5312, 0x4AAE, 0x8CB3, 0xA5D2,
 0x756C, 0x6D0B, 0x540A, 0x29B0, 0x1896, 0x18B7, 0x18B7, 0x18B7, 0x18B6, 0x1895, 0x1095, 0x1094, 0x18D5, 0x39D6, 0x7BB7, 0xA538,
 0xAD56, 0xA514, 0x9CF3, 0xA514, 0xA534, 0xA514, 0x9CD3, 0xA514, 0xA534, 0x9CF4, 0x9CF4, 0xA514, 0xA535, 0xA514, 0x9CF3, 0xA514,
 0xAD55, 0xA534, 0x9CF3, 0xA534, 0xAD55, 0xA534, 0xA514, 0xA534, 0xAD55, 0x9CF3, 0x9492, 0x8C51, 0x8C51, 0x7BCF, 0x5AEB, 0x4A69,
 0x4208, 0x31A6, 0x2965, 0x2124, 0x2104, 0x2104, 0x2104, 0x2104, 0x2104, 0x2984, 0x6307, 0xA56C, 0xD6EF, 0xDF30, 0xDF10, 0xDF30,
 0xEF92, 0xF7D4, 0xF7F4, 0xF7F4, 0xF7D4, 0xE754, 0xBE13, 0x7BCD, 0x4228, 0x2965, 0x2124, 0x2104, 0x18E3, 0x18E3, 0x18E3, 0x18E3,
 0x960F, 0x8DEE, 0x8DEE, 0x8DEE, 0x8DEE, 0x8DEE, 0x8DEE, 0x95EE, 0xA651, 0xAE72, 0x960F, 0x9E2F, 0xA671, 0xB6B3, 0xBED4, 0xB6B3,
 0xAE71, 0xAE71, 0xBED3, 0xAE92, 0x9E50, 0xB6D3, 0xAE92, 0x9E4F, 0x964F, 0x9E4F, 0x9E4F, 0x962F, 0x962F, 0x9E10, 0x4A89, 0x10A6,
 0x29AC, 0x4290, 0x3C15, 0x3E7D, 0x3F7F, 0x6F3E, 0xC71E, 0xF79F, 0xF7DF, 0xBDDB, 0x5B37, 0x4AD5, 0x3A4F, 0x4A8B, 0x9492, 0xA5F2,
 0x756C, 0x6D0B, 0x540B, 0x31D2, 0x18D8, 0x18B7, 0x18B7, 0x1896, 0x1095, 0x1095, 0x1895, 0x18B6, 0x2118, 0x41F8, 0x7BD9, 0xB599,
 0xBDD8, 0xB596, 0xAD75, 0xB5B6, 0xBDD7, 0xB596, 0xAD75, 0xB5B6, 0xBDD7, 0xB596, 0xAD75, 0xB5B6, 0xBDD7, 0xB596, 0xAD75, 0xB596,
 0xBDD7, 0xB5B6, 0xAD75, 0xB5B6, 0xBDD7, 0xB5B6, 0xAD75, 0xB596, 0xBDD7, 0xAD55, 0x9CD3, 0x94B2, 0x94B2, 0x8410, 0x630C, 0x4A69,
 0x39E7, 0x3186, 0x2945, 0x2104, 0x2104, 0x2104, 0x2104, 0x2104, 0x2104, 0x2984, 0x5B07, 0xA54C, 0xD6EF, 0xDF50, 0xDF30, 0xDF30,
 0xEF92, 0xF7D3, 0xF7F4, 0xF7F4, 0xF7B4, 0xE754, 0xBE13, 0x7BCD, 0x4228, 0x2965, 0x2124, 0x2124, 0x1903, 0x18E3, 0x18E3, 0x18E3,
 0x960F, 0x8DEE, 0x8DEE, 0x8DEE, 0x8DEE, 0x8DEE, 0x8DEE, 0x9E0F, 0xB692, 0xB6B3, 0xAE92, 0xB6B3, 0xB6B2, 0xA671, 0x9E50, 0x9E4F,
 0x9E4F, 0xA670, 0xBED3, 0xAE92, 0x9E50, 0xB6B3, 0xAE92, 0x9E4F, 0x9E4F, 0x9E4F, 0x9E4F, 0x9E2F, 0x962F, 0x9E10, 0x4288, 0x10C4,
 0x29CC, 0x42D0, 0x45D9, 0x3F5E, 0x355A, 0x2B99, 0x4C3B, 0xBEBE, 0xFFDF, 0xC63C, 0x6337, 0x4AB6, 0x3A51, 0x4AAE, 0x94B3, 0xA5D2,
 0x756C, 0x650B, 0x540B, 0x31D2, 0x18B7, 0x1896, 0x1896, 0x1095, 0x1095, 0x1896, 0x18B7, 0x20D8, 0x2919, 0x41F8, 0x7BD9, 0xB599,
 0xBDF8, 0xB5B6, 0xAD96, 0xBDD7, 0xBDD7, 0xB5B6, 0xAD75, 0xBDD7, 0xBDD7, 0xB5B6, 0xAD75, 0xB5B6, 0xBDF7, 0xB5B6, 0xAD75, 0xB5B6,
 0xBDD7, 0xB5B6, 0xAD75, 0xB5B6, 0xBDD7, 0xB5B6, 0xAD75, 0xB596, 0xBDD7, 0xAD75, 0x9CF3, 0x94B2, 0x94B2, 0x8410, 0x630C, 0x4A69,
 0x39E7, 0x3186, 0x2945, 0x2104, 0x2104, 0x2104, 0x2104, 0x2104, 0x2104, 0x2964, 0x5AE7, 0xA52C, 0xD6CF, 0xE750, 0xDF30, 0xE731,
 0xEF92, 0xF7D3, 0xF7F4, 0xF7F4, 0xF7D4, 0xE754, 0xBE13, 0x7BCD, 0x4228, 0x2965, 0x2124, 0x2124, 0x1903, 0x18E3, 0x18E3, 0x18E3,
 0x960F, 0x8DCE, 0x8DCE, 0x8DEE, 0x960F, 0x9E50, 0xAE92, 0xB6B3, 0xB6B3, 0xAE92, 0x9E50, 0x9E2F, 0x962F, 0x962F, 0x962F, 0x962F,
 0x962F, 0xA670, 0xBED3, 0xAE92, 0x9E70, 0xB6D3, 0xAE92, 0x9E2F, 0x962F, 0x9E2F, 0x962F, 0x9E2F, 0x9E4F, 0x9E30, 0x4289, 0x1906,
 0x424E, 0x42D0, 0x4578, 0x3F7E, 0x3F7E, 0x773E, 0xD77E, 0xF7BE, 0xD6BD, 0x8477, 0x5B55, 0x6395, 0x5312, 0x5310, 0x94F4, 0xA5D2,
 0x754C, 0x650B, 0x540B, 0x29B1, 0x1896, 0x1095, 0x1095, 0x1896, 0x18B7, 0x20D8, 0x20D8, 0x20D8, 0x2118, 0x41F8, 0x7BD9, 0xB579,
 0xBDF8, 0xB5B6, 0xAD76, 0xB5D7, 0xBDD7, 0xB5B6, 0xAD75, 0xB5B6, 0xBDD7, 0xB596, 0xAD75, 0xB5B6, 0xBDF7, 0xB5B6, 0xB575, 0xB5B6,
 0xBDD7, 0xB5B6, 0xAD75, 0xB5B6, 0xBDD7, 0xB5B6, 0xAD75, 0xB596, 0xBDD7, 0xAD55, 0x9CF3, 0x94B2, 0x94B2, 0x8410, 0x630C, 0x4A69,
 0x39E7, 0x3186, 0x2945, 0x2104, 0x2104, 0x2104, 0x2124, 0x2124, 0x2124, 0x2964, 0x5AC6, 0x9D0B, 0xCEAF, 0xDF30, 0xE750, 0xE771,
 0xF7B2, 0xF7D4, 0xF7F4, 0xF7F4, 0xF7D4, 0xE754, 0xBE13, 0x7BCD, 0x4248, 0x3186, 0x2985, 0x2144, 0x1904, 0x18E3, 0x18E3, 0x2104,
 0x960F, 0x8DEE, 0x960F, 0xAE92, 0xBED4, 0xAE92, 0xA670, 0x9E2F, 0x962F, 0x962F, 0x962F, 0x962F, 0x962F, 0x964F, 0x962F, 0x962F,
 0x962F, 0x9E50, 0xB6D3, 0xAE92, 0x9E50, 0xB6D3, 0xAEB2, 0x9E4F, 0x962F, 0x962F, 0x962F, 0x964F, 0x9E4F, 0x9E30, 0x52CA, 0x31CB,
 0x426F, 0x4AB0, 0x4B32, 0x3CD6, 0x3DB9, 0x5579, 0x7CD8, 0xA53A, 0xAD9A, 0x8CD8, 0x6BB4, 0x7C16, 0x7C17, 0x6B93, 0x94D3, 0xA5D2,
 0x754C, 0x650B, 0x540A, 0x29B0, 0x1095, 0x1895, 0x18B6, 0x20B7, 0x20D8, 0x18B7, 0x18B7, 0x18B7, 0x2118, 0x41F8, 0x7BD9, 0xB579,
 0xBDF8, 0xB5B6, 0xAD76, 0xB5D7, 0xBDD7, 0xB5B6, 0xAD75, 0xB5B6, 0xBDD7, 0xB596, 0xAD75, 0xB5B6, 0xBDF7, 0xB5B6, 0xB575, 0xB5B6,
 0xBDD7, 0xB5B6, 0xAD75, 0xB5B6, 0xBDD7, 0xB5B6, 0xAD75, 0xB596, 0xBDD7, 0xAD75, 0x9CF3, 0x94B2, 0x94B2, 0x8410, 0x630C, 0x4A69,
 0x39E7, 0x3186, 0x2945, 0x2124, 0x2945, 0x3A08, 0x5ACB, 0x4A69, 0x3186, 0x3185, 0x5AC6, 0x9CEB, 0xCE8F, 0xDF30, 0xE750, 0xE791,
 0xF7B3, 0xF7F4, 0xF7F4, 0xF7F4, 0xF7D4, 0xE754, 0xBE13, 0x7BCD, 0x4A69, 0x4248, 0x4A69, 0x39C7, 0x2124, 0x1903, 0x18E3, 0x2124,
 0x9E50, 0x962F, 0x9E4F, 0xB6B2, 0xB6D3, 0x9E4F, 0x9E4F, 0x9E4F, 0x9E4F, 0x962F, 0x962F, 0x962F, 0x9E4F, 0x9E4F, 0x9E4F, 0x9E4F,
 0x964F, 0xA670, 0xBED3, 0xAE92, 0x9E50, 0xB6D3, 0xAE92, 0x9E4F, 0x964F, 0x962F, 0x962F, 0x962F, 0x962F, 0x9E10, 0x52EB, 0x424C,
 0x4A8F, 0x42D0, 0x4517, 0x473E, 0x46FD, 0x4D99, 0x5C14, 0xBDFA, 0xF7DF, 0xCE7C, 0x73F5, 0x5B74, 0x4AD0, 0x4AAC, 0x8CB2, 0xA5F3,
 0x756C, 0x650B, 0x53EA, 0x29B0, 0x1896, 0x18B7, 0x20D8, 0x20D8, 0x18B7, 0x1896, 0x18B6, 0x20D7, 0x2918, 0x41F8, 0x7BD9, 0xB599,
 0xBDF8, 0xB5B6, 0xAD96, 0xBDD7, 0xBDD7, 0xB5B6, 0xAD75, 0xB5B6, 0xBDD7, 0xB5B6, 0xAD75, 0xB5B6, 0xBDF7, 0xB5B6, 0xAD75, 0xB5B6,
 0xBDD7, 0xB5B6, 0xAD75, 0xB5B6, 0xBDD7, 0xB5B6, 0xAD75, 0xB596, 0xBDD7, 0xAD75, 0x9CF3, 0x94B2, 0x94B2, 0x8410, 0x630C, 0x4A69,
 0x39E7, 0x3186, 0x2945, 0x2124, 0x2965, 0x4A89, 0x73AE, 0x5B0C, 0x39C6, 0x3185, 0x5AC6, 0x94CB, 0xC66E, 0xDF10, 0xE750, 0xE791,
 0xEFB2, 0xF7D3, 0xF7F4, 0xF7F4, 0xF7D4, 0xE754, 0xBE13, 0x7BCD, 0x4A89, 0x4A69, 0x528A, 0x39E7, 0x2124, 0x2104, 0x18E3, 0x2124,
 0xA650, 0x962F, 0x9E4F, 0xB6B2, 0xB6B3, 0x9E4F, 0x962F, 0x962F, 0x962F, 0x962F, 0x962F, 0x962F, 0x962F, 0x962F, 0x962F, 0x962F,
 0x962F, 0xA670, 0xBED3, 0xAE92, 0x9E50, 0xB6D3, 0xAE92, 0x9E4F, 0x962F, 0x960E, 0x8E0E, 0x8DEE, 0x8DEE, 0x95CF, 0x4288, 0x2146,
 0x3A4C, 0x42F0, 0x4599, 0x3F5E, 0x3DFA, 0x6558, 0xAE3A, 0xEF9E, 0xF7BF, 0xB5FA, 0x6BB4, 0x5B52, 0x426D, 0x4A6B, 0x9492, 0xA5F2,
 0x756C, 0x6D2B, 0x540A, 0x29D1, 0x18B7, 0x20D8, 0x20D8, 0x18B7, 0x1095, 0x1896, 0x18B7, 0x20D8, 0x2919, 0x41F9, 0x7BD9, 0xB599,
 0xBDF8, 0xB5B6, 0xAD96, 0xBDD7, 0xBDD7, 0xB5B6, 0xAD75, 0xB5B6, 0xBDD7, 0xB5B6, 0xAD75, 0xB5B6, 0xBDF7, 0xB5B6, 0xAD75, 0xB5B6,
 0xBDF7, 0xB5B6, 0xAD75, 0xB5B6, 0xBDD7, 0xB5B6, 0xAD75, 0xB596, 0xBDD7, 0xAD75, 0x9CF3, 0x94B2, 0x94B2, 0x8410, 0x630C, 0x4A69,
 0x39E7, 0x3186, 0x2945, 0x2124, 0x2965, 0x4A89, 0x73AE, 0x5B0C, 0x39C6, 0x3185, 0x5AC6, 0x94CA, 0xBE2E, 0xD6EF, 0xDF30, 0xE771,
 0xEF92, 0xF7D3, 0xF7F4, 0xF7F4, 0xF7D4, 0xE754, 0xC613, 0x7BCD, 0x5289, 0x4A69, 0x52AA, 0x39E7, 0x2144, 0x2104, 0x18E3, 0x2124,
 0x9E50, 0x962F, 0x9E4F, 0xB6B2, 0xB6D3, 0x9E4F, 0x962F, 0x962F, 0x960E, 0x962F, 0x962F, 0x962F, 0x962F, 0x962F, 0x962F, 0x962F,
 0x962F, 0x9E50, 0xB6D3, 0xAE92, 0x9E50, 0xB6D3, 0xAE92, 0x962F, 0x960E, 0x8DEE, 0x8DCE, 0x8DEE, 0x8DCE, 0x95CF, 0x4268, 0x10C3,
 0x424A, 0x532E, 0x4C74, 0x3E7B, 0x3F5E, 0x777E, 0xC75D, 0xD6BB, 0xA579, 0x73F4, 0x6BF3, 0x6BB1, 0x4A6A, 0x528A, 0x94B2, 0xA5F2,
 0x754C, 0x6D2B, 0x542B, 0x31D1, 0x18D8, 0x20D8, 0x20B8, 0x1896, 0x1095, 0x1896, 0x20D8, 0x20F9, 0x2919, 0x41F9, 0x7BD9, 0xB599,
 0xBDF8, 0xB5B6, 0xAD76, 0xBDD7, 0xBDD7, 0xB5B6, 0xAD75, 0xB5B6, 0xBDD7, 0xB5B6, 0xAD75, 0xB5B6, 0xBDF7, 0xB5B6, 0xAD75, 0xB5B6,
 0xBDD7, 0xB5B6, 0xAD75, 0xB5B6, 0xBDD7, 0xB5B6, 0xAD75, 0xB596, 0xBDD7, 0xAD55, 0x9CF3, 0x94B2, 0x94B2, 0x8410, 0x630C, 0x4A69,
 0x39E7, 0x3186, 0x2945, 0x2124, 0x2945, 0x4A49, 0x632C, 0x52CA, 0x31A6, 0x3185, 0x52C6, 0x94CA, 0xBE2E, 0xD6CF, 0xDF10, 0xE771,
 0xEF91, 0xF7D3, 0xF7F4, 0xF7F4, 0xF7D4, 0xE754, 0xBE13, 0x7BCD, 0x4A89, 0x4A69, 0x528A, 0x39E7, 0x2124, 0x1903, 0x18E3, 0x2124,
 0x9E50, 0x962F, 0x9E4F, 0xB6B2, 0xB6B3, 0x9E2F, 0x962F, 0x962F, 0x962F, 0x962F, 0x962F, 0x962F, 0x962F, 0x962F, 0x962F, 0x962F,
 0x9E4F, 0xA670, 0xBED3, 0xAE92, 0x9E2F, 0xB6B3, 0xA651, 0x95EE, 0x8DCE, 0x8DCE, 0x8DCE, 0x8DEE, 0x8DCE, 0x95CF, 0x4A88, 0x2145,
 0x52EC, 0x636F, 0x5432, 0x3CB5, 0x3C34, 0x6D99, 0x8D57, 0xA557, 0xD6DC, 0xBE19, 0x7C53, 0x7C52, 0x638E, 0x5AEB, 0x94B2, 0xA5D2,
 0x754C, 0x650B, 0x542B, 0x31F2, 0x20D8, 0x18D8, 0x1896, 0x1074, 0x1895, 0x20D7, 0x20D8, 0x20F9, 0x2919, 0x41F9, 0x7BD9, 0xB579,
 0xBDF8, 0xB5B6, 0xAD76, 0xBDD7, 0xBDD7, 0xB5B6, 0xAD75, 0xBDD7, 0xBDD7, 0xB5B6, 0xAD75, 0xB5B6, 0xBDF7, 0xB5B6, 0xAD75, 0xB5B6,
 0xBDD7, 0xB5B6, 0xAD75, 0xB5B6, 0xBDD7, 0xB5B6, 0xAD75, 0xB596, 0xBDD7, 0xAD55, 0x9CF3, 0x94B2, 0x94B2, 0x8410, 0x630C, 0x4A69,
 0x39E7, 0x3186, 0x2945, 0x2104, 0x2104, 0x2945, 0x2965, 0x2965, 0x2124, 0x2964, 0x52C6, 0x94CA, 0xBE0D, 0xCEAF, 0xDEF0, 0xE750,
 0xE771, 0xEFB2, 0xF7D3, 0xF7F4, 0xF7D4, 0xE754, 0xBE13, 0x7BCD, 0x4A48, 0x31C6, 0x31A6, 0x2965, 0x2104, 0x18E3, 0x18E3, 0x2104,
 0x9E50, 0x962F, 0x9E4F, 0xB6B3, 0xB6D3, 0x9E4F, 0x964F, 0x962F, 0x962F, 0x962F, 0x962F, 0x962F, 0x962F, 0x962F, 0x962F, 0x962F,
 0x962F, 0x9E2F, 0xB693, 0xA651, 0x960F, 0xAE92, 0xA671, 0x95EE, 0x8DCE, 0x8DCE, 0x8DCE, 0x8DEE, 0x8DEE, 0x95D0, 0x4AA9, 0x3A29,
 0x52ED, 0x532E, 0x4DB8, 0x3F3D, 0x3DB8, 0x86BC, 0xB69A, 0xCE79, 0xEF9E, 0xBE39, 0x7C53, 0x84B4, 0x8CB4, 0x73AF, 0x94B2, 0xA5F2,
 0x754C, 0x650B, 0x5C2B, 0x31F3, 0x20D8, 0x18B6, 0x1074, 0x1074, 0x1896, 0x20D8, 0x20D9, 0x20F9, 0x2919, 0x41F9, 0x7BD9, 0xB579,
 0xBDF8, 0xB5B6, 0xAD76, 0xB5D6, 0xBDD7, 0xB5B6, 0xAD75, 0xB5B6, 0xBDD7, 0xB5B6, 0xAD75, 0xB5B6, 0xBDF7, 0xB5B6, 0xAD75, 0xB5B6,
 0xBDF7, 0xB5B6, 0xAD75, 0xB5B6, 0xBDD7, 0xB5B6, 0xAD75, 0xB596, 0xBDD7, 0xAD55, 0x9CF3, 0x94B2, 0x94B2, 0x8410, 0x630C, 0x4A69,
 0x39E7, 0x3186, 0x2945, 0x2104, 0x2104, 0x2104, 0x2104, 0x2104, 0x2104, 0x2964, 0x5AC6, 0x94CB, 0xBE0D, 0xCE8E, 0xD6CF, 0xDF30,
 0xE771, 0xEF92, 0xF7D3, 0xF7F4, 0xF7B4, 0xE754, 0xBE13, 0x7BCD, 0x4228, 0x2965, 0x2124, 0x2124, 0x1903, 0x18E3, 0x18E3, 0x18E3,
 0x9E50, 0x964F, 0x9E4F, 0xB6B2, 0xB6B3, 0x9E4F, 0x9E4F, 0x962F, 0x962F, 0x964F, 0x962F, 0x962F, 0x962F, 0x9E4F, 0xA671, 0xA651,
 0x95EE, 0x960F, 0xAE93, 0xA651, 0x95EF, 0xAE92, 0xA671, 0x8DEE, 0x8DCE, 0x8DCE, 0x8DCE, 0x8DCE, 0x8DCE, 0x95D0, 0x52CA, 0x4A8B,
 0x530D, 0x4B2E, 0x4DB8, 0x3F9E, 0x3F7E, 0x7F9F, 0xD7BE, 0xF79E, 0xEF5D, 0xB5F8, 0x7C53, 0x73D1, 0x52AB, 0x526A, 0x9492, 0xA5D2,
 0x754C, 0x650B, 0x542B, 0x31F3, 0x18B7, 0x1095, 0x1073, 0x1075, 0x18B7, 0x20D9, 0x20D9, 0x20F9, 0x2919, 0x41F9, 0x7BD9, 0xB579,
 0xBDF8, 0xB5B6, 0xAD76, 0xB5D6, 0xBDD7, 0xB596, 0xAD75, 0xB5B6, 0xBDD7, 0xB596, 0xAD75, 0xB5B6, 0xBDD7, 0xB5B6, 0xAD75, 0xB5B6,
 0xBDD7, 0xB5B6, 0xAD75, 0xB5B6, 0xBDD7, 0xB5B6, 0xAD75, 0xB596, 0xBDD7, 0xAD55, 0x9CD3, 0x94B2, 0x94B2, 0x8410, 0x630C, 0x4A69,
 0x39E7, 0x3186, 0x2945, 0x2104, 0x2104, 0x2104, 0x2104, 0x2104, 0x2104, 0x2984, 0x5AE7, 0x9D0B, 0xBE2E, 0xC66E, 0xCEAF, 0xDF10,
 0xE750, 0xE771, 0xEFB2, 0xF7D3, 0xF7B4, 0xE754, 0xBE13, 0x7BCD, 0x4228, 0x2965, 0x2124, 0x2124, 0x1903, 0x18E3, 0x18E3, 0x18E3,
 0x9E50, 0x962F, 0x9E4F, 0xB6B2, 0xB6B3, 0x962F, 0x962F, 0x964F, 0x964F, 0x9E4F, 0x9E50, 0xA671, 0xAE92, 0xAE92, 0xAE92, 0xB693,
 0x960F, 0x960F, 0xB693, 0xA651, 0x95EF, 0xAE92, 0xA671, 0x95EE, 0x8DCE, 0x8DCE, 0x8DCE, 0x8DCE, 0x8DCE, 0x95D0, 0x4AA9, 0x31C7,
 0x4ACC, 0x530E, 0x4453, 0x3D77, 0x3598, 0x5536, 0x7494, 0xAD97, 0xBE39, 0xA577, 0x8473, 0x7C32, 0x5B0D, 0x528A, 0x94B2, 0xA5F2,
 0x754C, 0x650B, 0x540B, 0x31F2, 0x18B6, 0x1074, 0x1073, 0x1895, 0x18D8, 0x20D9, 0x20D9, 0x20F9, 0x2919, 0x41F8, 0x7BB9, 0xAD58,
 0xB597, 0xAD55, 0xA514, 0xAD55, 0xAD75, 0xA534, 0xA514, 0xAD55, 0xAD75, 0xA534, 0xA514, 0xAD55, 0xAD75, 0xAD55, 0xA514, 0xAD55,
 0xAD75, 0xAD55, 0xA534, 0xAD55, 0xAD75, 0xAD55, 0xA534, 0xAD55, 0xAD75, 0x9D14, 0x94B2, 0x8C71, 0x8C71, 0x7BEF, 0x5AEB, 0x4A69,
 0x39E7, 0x31A6, 0x2945, 0x2124, 0x2104, 0x2104, 0x2104, 0x2104, 0x2124, 0x2984, 0x5B07, 0xA54C, 0xC66E, 0xCE8F, 0xCE8F, 0xD6CF,
 0xDF30, 0xE771, 0xEF91, 0xEFB2, 0xF7B3, 0xE754, 0xBE13, 0x73CD, 0x4228, 0x2965, 0x2124, 0x2124, 0x1903, 0x18E3, 0x18E3, 0x18E3,
 0x9E50, 0x962F, 0x9E4F, 0xB6B2, 0xB6B3, 0x962F, 0x962E, 0x9E50, 0xA671, 0xAE92, 0xAE92, 0xA651, 0x960F, 0x95EF, 0xA630, 0xB693,
 0x960F, 0x960F, 0xB693, 0xA651, 0x960F, 0xAE92, 0xA671, 0x95EE, 0x8DCE, 0x8DCE, 0x8DCE, 0x8DCE, 0x8DCE, 0x95D0, 0x530B, 0x4229,
 0x5B0D, 0x5B6F, 0x44F5, 0x3EDC, 0x3F3D, 0x4DF9, 0x6452, 0xC639, 0xFFDF, 0xD6BB, 0x8494, 0x8CD5, 0x8472, 0x5AEC, 0x9492, 0xA5F2,
 0x754C, 0x650B, 0x540B, 0x31D2, 0x18B6, 0x1074, 0x1074, 0x1896, 0x18D8, 0x20D9, 0x20F9, 0x20F9, 0x2919, 0x41F8, 0x7BB9, 0xA538,
 0xAD76, 0xAD54, 0xA534, 0xA555, 0xA534, 0x9D14, 0x94D4, 0x9D14, 0xA535, 0xA534, 0xA514, 0xA534, 0xA555, 0xA534, 0xA534, 0xA554,
 0xAD55, 0xA555, 0xA534, 0xAD55, 0xAD75, 0xAD55, 0xA534, 0xA554, 0xA555, 0x9D35, 0x8CF5, 0x84D4, 0x84B4, 0x7C52, 0x6BAF, 0x632D,
 0x5AEB, 0x528A, 0x4229, 0x39E7, 0x31A6, 0x2945, 0x2124, 0x2104, 0x2104, 0x2984, 0x6307, 0xA54C, 0xCEAF, 0xD6AF, 0xCE8F, 0xCEAF,
 0xDF10, 0xE750, 0xE771, 0xEF92, 0xEF93, 0xE734, 0xBE13, 0x7BCD, 0x4248, 0x2965, 0x2124, 0x2104, 0x18E3, 0x18E3, 0x18E3, 0x18E3,
 0x9E50, 0x962F, 0x9E4F, 0xB6B2, 0xB6B3, 0x960E, 0x8DEE, 0xAE92, 0xB693, 0x9E10, 0x8DEE, 0x8DEE, 0x8DEE, 0x8DEE, 0xA650, 0xB693,
 0x960F, 0x960F, 0xB693, 0xA651, 0x960F, 0xAE92, 0xA651, 0x8DEE, 0x8DCE, 0x8DCE, 0x8DCE, 0x8DCE, 0x8DCE, 0x95F0, 0x5B4B, 0x630D,
 0x6BB0, 0x63F2, 0x4E39, 0x3F5E, 0x3DB9, 0x6D36, 0xA5D8, 0xE75D, 0xFFDF, 0xCE9B, 0x8CD5, 0x94F5, 0x7C31, 0x5AEB, 0x94B2, 0xA5F2,
 0x756C, 0x6D0B, 0x542B, 0x31F3, 0x18B7, 0x1075, 0x1074, 0x18B6, 0x20D8, 0x20D9, 0x20F9, 0x20F9, 0x2919, 0x41F9, 0x7BD9, 0xAD59,
 0xB5D8, 0xB5B6, 0xB5B6, 0xB5D7, 0xBDD7, 0xB5F8, 0xADD8, 0x9D99, 0x9579, 0x8D78, 0x8517, 0x7C94, 0x8473, 0x8CB4, 0x9D14, 0xA555,
 0xAD75, 0xAD75, 0xAD75, 0xAD75, 0xAD75, 0xAD75, 0xAD75, 0xAD75, 0xA555, 0x9536, 0x8517, 0x7518, 0x74F8, 0x7496, 0x7412, 0x7BD0,
 0x7BAF, 0x738F, 0x6391, 0x53B2, 0x5371, 0x42EF, 0x2A2C, 0x1988, 0x1946, 0x29A6, 0x5B07, 0xA54C, 0xD6CF, 0xDEF0, 0xD6CF, 0xCEAF,
 0xD6EF, 0xDF30, 0xE751, 0xE771, 0xE772, 0xDF34, 0xC634, 0x8C4F, 0x5AEB, 0x4228, 0x39C7, 0x3186, 0x2965, 0x2145, 0x2124, 0x2104,
 0x9E50, 0x960F, 0x962F, 0xAE92, 0xAE72, 0x8DCE, 0x8DCE, 0xAE92, 0xB693, 0x95EE, 0x8DCE, 0x8DCE, 0x8DCE, 0x8DCE, 0x9E30, 0xB693,
 0x960F, 0x962F, 0xB693, 0xA651, 0x960F, 0xAE92, 0xA651, 0x8DEE, 0x8DCE, 0x8DCE, 0x8DCE, 0x8DEE, 0x8DEE, 0x9E10, 0x4AA9, 0x4229,
 0x6390, 0x6BD1, 0x54F6, 0x46BB, 0x3F5E, 0x7F7E, 0xD77E, 0xDEFC, 0xB5D8, 0x8C94, 0x94F5, 0xA577, 0x8451, 0x5ACB, 0x9492, 0xA5F2,
 0x756C, 0x650B, 0x542B, 0x31F3, 0x18B7, 0x1895, 0x1895, 0x18B7, 0x20D8, 0x20D9, 0x20D9, 0x20F9, 0x2919, 0x41F8, 0x7BB8, 0x9CD6,
 0x9493, 0x8C71, 0xA514, 0xBDF7, 0xCE99, 0xCEBA, 0xB639, 0x8517, 0x6477, 0x5C36, 0x4BD4, 0x32B0, 0x19CC, 0x198B, 0x21CB, 0x320A,
 0x424A, 0x4A8A, 0x4A8A, 0x4A49, 0x4228, 0x4228, 0x4A49, 0x4A8A, 0x52EC, 0x5B6F, 0x5C13, 0x5CB7, 0x5CB7, 0x53D2, 0x42CD, 0x3A2A,
 0x39E8, 0x424A, 0x4B30, 0x5436, 0x5C98, 0x5458, 0x3B54, 0x222F, 0x118C, 0x19CA, 0x5329, 0x9D2C, 0xCEAF, 0xDF10, 0xDF10, 0xD6EF,
 0xD6CF, 0xDF10, 0xE750, 0xE751, 0xE751, 0xDF33, 0xCE74, 0x9CF2, 0x7BCE, 0x6B4D, 0x632C, 0x630C, 0x630C, 0x5AEB, 0x5ACB, 0x52AA,
 0x960F, 0x8DEE, 0x8DEE, 0xAE72, 0xAE72, 0x8DCE, 0x8DEE, 0xAE92, 0xB693, 0x95EF, 0x8DCE, 0x8DCE, 0x8DCE, 0x8DEE, 0x9E30, 0xAE93,
 0x960F, 0x960F, 0xB693, 0xA651, 0x960F, 0xAE92, 0xA651, 0x8DEE, 0x8DEE, 0x8DEE, 0x960E, 0x962F, 0x962F, 0x9E30, 0x4A68, 0x10A3,
 0x52AB, 0x6BD1, 0x6BD1, 0x5CB5, 0x45FA, 0x76DD, 0xCF5D, 0xEF5D, 0xD6DB, 0xA597, 0x9D36, 0x8CB4, 0x52CB, 0x4A69, 0x9492, 0xA5F2,
 0x756C, 0x6D2B, 0x542B, 0x31F3, 0x18D8, 0x1896, 0x1896, 0x18B7, 0x20D9, 0x20D9, 0x20D9, 0x20F9, 0x2919, 0x41F8, 0x7BB8, 0x94B6,
 0x9492, 0x8C51, 0xA534, 0xCE59, 0xDEFB, 0xCEDB, 0xA5F9, 0x7CF8, 0x64B9, 0x5CB9, 0x5458, 0x3B53, 0x1A0E, 0x098C, 0x098C, 0x11AC,
 0x19CC, 0x19CC, 0x19CB, 0x198A, 0x1989, 0x2988, 0x31C7, 0x39E7, 0x3A2A, 0x430F, 0x5435, 0x655A, 0x6D9B, 0x6539, 0x5414, 0x42EE,
 0x31C8, 0x29A7, 0x3A2A, 0x42F0, 0x4352, 0x3B12, 0x222E, 0x118C, 0x096B, 0x19CB, 0x5329, 0x9D2C, 0xC68F, 0xDF10, 0xDF10, 0xDF10,
 0xDEF0, 0xDF10, 0xDF30, 0xE750, 0xE751, 0xDF32, 0xDEF6, 0xCE77, 0xBDF7, 0xB5B6, 0xB596, 0xB596, 0xB596, 0xB596, 0xB596, 0xB596,
 0x95EF, 0x8DCE, 0x95EE, 0xAE72, 0xAE72, 0x8DEE, 0x8DEE, 0xAE92, 0xB693, 0x8DEE, 0x8DCE, 0x8DCE, 0x8DEE, 0x8DEE, 0x9E30, 0xB693,
 0x960F, 0x960F, 0xB693, 0xA651, 0x960F, 0xAE92, 0xA651, 0x960F, 0x960E, 0x960E, 0x962F, 0x962F, 0x9E2F, 0x9E10, 0x4AA9, 0x31E8,
 0x73D1, 0x7433, 0x55B8, 0x3F3D, 0x3EDC, 0x65D8, 0xA5D8, 0xE73D, 0xFFDF, 0xD6FC, 0x9D36, 0x8451, 0x4A8A, 0x4A6A, 0x9492, 0xA5D2,
 0x754C, 0x6D0B, 0x540B, 0x31F2, 0x20D8, 0x18B7, 0x18B7, 0x20D7, 0x20D8, 0x20F9, 0x20F9, 0x20F9, 0x2919, 0x41F9, 0x7BB8, 0x94B6,
 0x8473, 0x6BD0, 0x7411, 0x8CF5, 0xADD8, 0xADD8, 0x8CD5, 0x63F5, 0x5416, 0x5437, 0x4BD6, 0x32F2, 0x222F, 0x1A0F, 0x2291, 0x32F2,
 0x3334, 0x2AF3, 0x1A71, 0x1211, 0x1210, 0x1A4F, 0x324D, 0x3A4B, 0x426B, 0x42EF, 0x4B93, 0x5C77, 0x6CD8, 0x64B7, 0x53F3, 0x42CD,
 0x31C7, 0x2145, 0x1946, 0x1168, 0x1169, 0x1149, 0x0909, 0x0908, 0x1127, 0x2186, 0x52E7, 0x9D0B, 0xC66E, 0xD6CF, 0xD6EF, 0xDF10,
 0xDF30, 0xDF30, 0xDF50, 0xE750, 0xE731, 0xDF12, 0xCEB5, 0xBE17, 0xA576, 0x8CB3, 0x8452, 0x8451, 0x8451, 0x8430, 0x8410, 0x7C10,
 0x95EF, 0x8DEE, 0x95EE, 0xAE72, 0xAE72, 0x8DEE, 0x8DEE, 0xAE72, 0xB693, 0x8DEE, 0x8DCE, 0x8DCE, 0x8DEE, 0x8DEE, 0x9E30, 0xAE12,
 0x8D2F, 0x84CE, 0x8CF0, 0x8CD0, 0x8CD0, 0x8CF0, 0x8CCF, 0x84CE, 0x84AE, 0x84AE, 0x84CE, 0x84CE, 0x84CE, 0x84AF, 0x634C, 0x634D,
 0x73F0, 0x7411, 0x64F4, 0x5D55, 0x5C92, 0x73D0, 0x7BF0, 0x9CF4, 0xAD75, 0xA514, 0x8472, 0x7C10, 0x632D, 0x630C, 0x8410, 0x8C90,
 0x746D, 0x744C, 0x63CC, 0x52F0, 0x4A52, 0x4A52, 0x4A52, 0x5252, 0x5273, 0x5273, 0x5273, 0x5273, 0x5293, 0x5AF3, 0x73B3, 0x8433,
 0x8452, 0x7431, 0x7412, 0x7C32, 0x7C52, 0x7C11, 0x6B8F, 0x5B2F, 0x6350, 0x6371, 0x6371, 0x5B30, 0x5B0F, 0x5B71, 0x6C13, 0x7474,
 0x6C13, 0x4BB2, 0x43B5, 0x22F4, 0x1A93, 0x1AD4, 0x2B14, 0x4312, 0x4AF1, 0x4B11, 0x4B52, 0x53B3, 0x5415, 0x5C35, 0x53F2, 0x434F,
 0x2AAA, 0x2247, 0x19E6, 0x1166, 0x1126, 0x1106, 0x10E5, 0x1105, 0x1904, 0x2964, 0x5AC6, 0x9CEB, 0xC64E, 0xD6CF, 0xD6CF, 0xD6F0,
 0xDF10, 0xE750, 0xE750, 0xE750, 0xDF31, 0xD6F2, 0xC694, 0xA5D7, 0x8536, 0x7494, 0x6CB2, 0x74D1, 0x7490, 0x6BEF, 0x636F, 0x5B90,
 0x960F, 0x8DEE, 0x95EE, 0xAE72, 0xAE72, 0x8DEE, 0x8DEE, 0xAE92, 0xB693, 0x95EE, 0x8DEE, 0x8DCE, 0x856D, 0x74CB, 0x63EA, 0x8470,
 0xA534, 0xAD74, 0xAD94, 0xAD94, 0xAD95, 0xAD94, 0xAD94, 0xAD94, 0xAD95, 0xAD94, 0xAD94, 0xAD94, 0xAD94, 0xAD94, 0xA534, 0xAD55,
 0xAD55, 0xAD75, 0xAD76, 0xA596, 0x9D96, 0xA5B6, 0xADB6, 0xB596, 0xAD75, 0xAD76, 0xAD96, 0xB596, 0xB596, 0xA534, 0xAD55, 0xAD95,
 0xA573, 0xA573, 0xA554, 0x9D15, 0x94B6, 0x9CD6, 0xA4F6, 0x9CD6, 0x94B6, 0x94B6, 0xA4F5, 0x9CF6, 0x94B6, 0x9CD6, 0xA536, 0xAD76,
 0xA556, 0x9D55, 0x9D55, 0x9555, 0x9576, 0x9D96, 0x9D76, 0x9535, 0x9D35, 0x94F4, 0x8CB3, 0x8C92, 0xB5B6, 0xE73D, 0xFFBF, 0xF79E,
 0xDEBA, 0x94F4, 0x53F3, 0x3B95, 0x22B3, 0x1232, 0x11B0, 0x194F, 0x216F, 0x31D0, 0x3A71, 0x4BB5, 0x64D9, 0x6D7A, 0x6537, 0x54B3,
 0x340D, 0x23C9, 0x1B88, 0x1A86, 0x19A5, 0x1924, 0x2104, 0x2104, 0x2104, 0x2964, 0x52A6, 0x94AA, 0xBE0D, 0xCE8F, 0xD6AF, 0xD6CF,
 0xD6EF, 0xDF10, 0xDF30, 0xE750, 0xE730, 0xD6F1, 0xBE73, 0x8DB2, 0x6D10, 0x5CEF, 0x65D1, 0x7672, 0x6DF2, 0x5CD2, 0x5414, 0x5C36,
 0x960F, 0x8DEE, 0x8DEE, 0xAE72, 0xAE72, 0x8DEE, 0x8DEE, 0xAE92, 0xAE73, 0x8DAE, 0x7D2C, 0x640A, 0x5348, 0x5329, 0x6BCB, 0x7C2E,
 0x8490, 0x9DB0, 0x9DF0, 0x9DD1, 0x9DB1, 0x9DD1, 0x9E10, 0xA5D1, 0x9DB1, 0x9DF0, 0x9DF0, 0x9DD1, 0x9DB1, 0xA5F2, 0x7C0F, 0x8431,
 0x94F4, 0x9D56, 0xA576, 0x8D96, 0x6DF9, 0x865A, 0xB659, 0xC618, 0xC659, 0xB5F8, 0xB5B7, 0xBDD8, 0xAD96, 0x7BF0, 0x94D3, 0xA573,
 0x854E, 0x7D0D, 0x7CAE, 0x6B93, 0x5276, 0x5A97, 0x6B56, 0x5AF6, 0x5257, 0x5277, 0x6B56, 0x6B36, 0x5277, 0x6317, 0x8C76, 0x9D16,
 0x7CF5, 0x64D4, 0x6535, 0x4D97, 0x4DD8, 0x6596, 0x6515, 0x5C33, 0x6BF1, 0x8493, 0xADB7, 0xE71C, 0xEF7E, 0xD6DC, 0xA577, 0xA556,
 0xBDF7, 0x9CD3, 0x632D, 0x63D2, 0x4373, 0x3292, 0x1990, 0x08AE, 0x084D, 0x086D, 0x10EE, 0x2A72, 0x53F6, 0x5CB7, 0x5474, 0x3BEF,
 0x2369, 0x1B68, 0x1367, 0x1A86, 0x19A4, 0x1924, 0x2104, 0x2104, 0x2104, 0x2984, 0x5AC6, 0x94CA, 0xBE0D, 0xCE6E, 0xCE8F, 0xD6AF,
 0xD6CF, 0xD6CF, 0xD6EF, 0xDF10, 0xDF10, 0xCEF1, 0xB652, 0x7DB0, 0x5D6F, 0x5DF0, 0x6E92, 0x76F3, 0x6E32, 0x5CF1, 0x4B8F, 0x52ED,
 0x960F, 0x8DEE, 0x8DEE, 0xAE72, 0xAE72, 0x8DEE, 0x858D, 0x9570, 0xB615, 0xBE17, 0xB5D7, 0xB5D6, 0xB5D7, 0xB5F7, 0xBE17, 0xBDF7,
 0xBDF7, 0xBE17, 0xB5F7, 0xB5F7, 0xBDF7, 0xBDF6, 0xBDF6, 0xBDF6, 0xBDF6, 0xBDF6, 0xBDF6, 0xBDF6, 0xBDF6, 0xBDF6, 0xB596, 0xB596,
 0xB5D7, 0xBDD7, 0xB5D7, 0xB5F7, 0xAE18, 0xB618, 0xBE18, 0xBE18, 0xC618, 0xBDF7, 0xBDD7, 0xBDF7, 0xBDD7, 0xB5B6, 0xB5D6, 0xBDD7,
 0xB5D6, 0xB5D6, 0xB5B6, 0xAD96, 0xAD77, 0xB577, 0xB577, 0xB577, 0xAD77, 0xAD77, 0xB577, 0xB577, 0xB577, 0xB597, 0xB5B7, 0xB5D7,
 0xB5B7, 0xB5D7, 0xADD7, 0xADD7, 0xADF7, 0xB5D7, 0xBE38, 0xD6BA, 0xEF7D, 0xF7BF, 0xEF7E, 0xD6DC, 0x84D5, 0x9537, 0xA577, 0x9D35,
 0xB5B6, 0x9CD2, 0x5ACB, 0x63D1, 0x5C13, 0x4BB4, 0x3292, 0x112F, 0x006D, 0x004D, 0x08AD, 0x19AD, 0x2ACE, 0x336E, 0x336C, 0x2329,
 0x1AE7, 0x12A6, 0x1A45, 0x1984, 0x2124, 0x2104, 0x2104, 0x2104, 0x2104, 0x2984, 0x6307, 0xA54C, 0xCEAF, 0xD6F0, 0xD6EF, 0xD6EF,
 0xD6CF, 0xD6CF, 0xD6CF, 0xD6CF, 0xD6D0, 0xCEB1, 0xBE53, 0x95B3, 0x7512, 0x64D0, 0x5D31, 0x6DF2, 0x75D1, 0x648E, 0x52E9, 0x5247,
 0x960F, 0x8DCE, 0x8DEE, 0xAE72, 0xAE52, 0x7D0C, 0x6C4B, 0x84AE, 0xC678, 0xDF3B, 0xCF17, 0xCF16, 0xCF16, 0xCF16, 0xCF37, 0xDF7A,
 0xD738, 0xCF16, 0xCF16, 0xDF59, 0xDF59, 0xCF16, 0xCF16, 0xD737, 0xDF7A, 0xD718, 0xCF16, 0xCF16, 0xD738, 0xDF5A, 0xB5B6, 0xBE18,
 0xDF1C, 0xDEFC, 0xB73D, 0xA7BF, 0xBFDF, 0xC7BF, 0xE7DF, 0xFFFF, 0xFFFF, 0xF7BF, 0xE75D, 0xCE59, 0xCE59, 0xB5B6, 0xC638, 0xD6F9,
 0xD739, 0xC6D6, 0xA5F4, 0x9D18, 0xBDFC, 0x9C9C, 0x8C5B, 0xA4FC, 0xBDDD, 0x94BC, 0x8C5C, 0x949C, 0xBDDD, 0xB59C, 0xB5DC, 0xC67C,
 0xD6FC, 0xCEFD, 0xB67B, 0xBE9C, 0xC71C, 0xAE9A, 0xB659, 0xE75D, 0xEF7D, 0xC678, 0xADB5, 0xC658, 0x9D55, 0xADD8, 0x9DB9, 0x9515,
 0xA514, 0x94B3, 0x4ACC, 0x42AC, 0x3A4A, 0x3A4A, 0x324C, 0x19CD, 0x11AD, 0x1A0E, 0x2AB0, 0x4371, 0x53D1, 0x53D0, 0x538E, 0x4B0C,
 0x3A68, 0x3206, 0x2985, 0x2124, 0x2104, 0x2104, 0x2104, 0x2104, 0x2104, 0x2944, 0x4A46, 0x7BE9, 0xA56D, 0xC670, 0xCEB1, 0xD6D1,
 0xCEB1, 0xCEB1, 0xCE91, 0xCE91, 0xC671, 0xC673, 0xBE56, 0xA5D7, 0x8D16, 0x7453, 0x6C11, 0x6C0F, 0x6BEE, 0x6B8D, 0x632C, 0x5AEB,
 0x95EF, 0x8DCE, 0x8DEE, 0xA611, 0x9590, 0x7CAD, 0x7CAD, 0x8D2F, 0xC698, 0xD6F9, 0xB6B3, 0xB6B3, 0xB6B3, 0xAE92, 0xB693, 0xD738,
 0xBED4, 0xB6B3, 0xB6B3, 0xCF16, 0xCF16, 0xB6B3, 0xB6B3, 0xB6B4, 0xCF37, 0xC6F5, 0xB6B3, 0xB6B3, 0xC6F5, 0xD739, 0xB5F7, 0xB619,
 0xD6DB, 0xD71C, 0xA71D, 0x87BF, 0xAFBF, 0xBF9E, 0xDF7E, 0xE73D, 0xEF9E, 0xEF7E, 0xE75E, 0xE73D, 0xD6BA, 0xA534, 0xB596, 0xBE55,
 0xC6D6, 0xAE73, 0x8530, 0x73B5, 0xA51B, 0x7BDA, 0x631A, 0x739A, 0x9CFB, 0x739A, 0x62FA, 0x735A, 0xA51C, 0x9CBB, 0x9CFA, 0xADBA,
 0xBE3A, 0xB65B, 0x9598, 0x9D98, 0xC65A, 0xA575, 0xAD54, 0xDEDB, 0xE71B, 0xC615, 0xB5B3, 0xCE77, 0x9512, 0xA5B6, 0xB65B, 0xB619,
 0xAD75, 0x94D3, 0x4AED, 0x3AAC, 0x3A09, 0x3228, 0x32EA, 0x2C4D, 0x2D4F, 0x3590, 0x3551, 0x4450, 0x434F, 0x42CC, 0x426A, 0x4228,
 0x39E7, 0x31A6, 0x2985, 0x2144, 0x2104, 0x2104, 0x2104, 0x2104, 0x2104, 0x2104, 0x2924, 0x39C6, 0x634B, 0x9D11, 0xB5D4, 0xBE15,
 0xBE15, 0xBE15, 0xBE15, 0xBE15, 0xBE16, 0xBE37, 0xC638, 0xB5B6, 0x94B2, 0x73AF, 0x634D, 0x634D, 0x6B6D, 0x6B6D, 0x634D, 0x632C,
 0x95EF, 0x8DAE, 0x8D6E, 0x954F, 0x8D4F, 0x8D6F, 0x8D8E, 0x9E0F, 0xCED7, 0xCEF9, 0xAE91, 0xA671, 0xA671, 0xA671, 0xB6B3, 0xCF16,
 0xAEB2, 0xAE91, 0xAE92, 0xC715, 0xC6F5, 0xAE92, 0xAE92, 0xAE92, 0xCF17, 0xBED5, 0xAE92, 0xAE92, 0xB6B4, 0xD718, 0xCE99, 0xBE39,
 0xD6DB, 0xDF3C, 0xCEDC, 0xC6FC, 0xDF3D, 0xD6FC, 0xCEBB, 0xCE9A, 0xE73D, 0xE75D, 0xDF3D, 0xEF7D, 0xE75D, 0xC639, 0xC638, 0xBE76,
 0xC6D6, 0xAE73, 0x8530, 0x6B95, 0x949A, 0x947B, 0x6B3A, 0x62F9, 0xA4FB, 0x7BDB, 0x62FA, 0x735B, 0xA51C, 0x9CBB, 0x9CF9, 0xB578,
 0xBDD7, 0xBD75, 0xA471, 0xB4F3, 0xE638, 0xDD74, 0xCDB6, 0xE6FC, 0xE73C, 0xBE5A, 0x9DD9, 0xBE9B, 0xA598, 0xADD9, 0xAE19, 0xB5F8,
 0xC618, 0x9CF4, 0x426B, 0x3A4B, 0x3A49, 0x42CB, 0x43EE, 0x3D2F, 0x35D0, 0x3DD1, 0x4593, 0x5D57, 0x6558, 0x6495, 0x536F, 0x4AAB,
 0x4208, 0x39E7, 0x39C6, 0x39A5, 0x3984, 0x3963, 0x3963, 0x3943, 0x3143, 0x3123, 0x2924, 0x3185, 0x5ACB, 0x94B2, 0xAD95, 0xB5F7,
 0xB5F7, 0xB5F7, 0xB5F7, 0xB5F7, 0xBDF7, 0xBE18, 0xC638, 0xB596, 0x9492, 0x738E, 0x632C, 0x634D, 0x6B6D, 0x6B6D, 0x634D, 0x632C,
 0x9E11, 0x9DD0, 0x958F, 0x8D6E, 0x856D, 0x8DAE, 0x8DCE, 0x95EF, 0xC6B7, 0xCED9, 0xA691, 0xA671, 0xA670, 0x9E50, 0xB6B3, 0xC6F5,
 0xA650, 0x9E50, 0xA650, 0xBEF4, 0xBEF5, 0xA671, 0xA670, 0xA671, 0xC716, 0xB6B4, 0x9E30, 0x9E30, 0xAE72, 0xD6F7, 0xDD92, 0xED0E,
 0xEE13, 0xF614, 0xDC8E, 0xDC8E, 0xE593, 0xDD11, 0xDC4D, 0xD46E, 0xEE35, 0xEDD2, 0xED70, 0xED91, 0xF655, 0xF6B7, 0xF6F9, 0xCE96,
 0xBEB5, 0xAE52, 0x850F, 0x6B74, 0x83F9, 0x9CDB, 0x6B59, 0x5AB9, 0x9CDB, 0x8C3B, 0x6B1A, 0x737B, 0xA51C, 0x9CBB, 0xA4F9, 0xBD57,
 0xCDB7, 0xD574, 0xCCB1, 0xDD54, 0xEE79, 0xE595, 0xCD75, 0xDEFB, 0xE73C, 0xB65C, 0xA5FB, 0xBE7C, 0x9D78, 0xB619, 0xDEFC, 0xDEDB,
 0xB596, 0x73CF, 0x5B6F, 0x5B90, 0x5371, 0x53D4, 0x4BD4, 0x3310, 0x1A2C, 0x1A2C, 0x22AE, 0x4414, 0x6579, 0x6DB9, 0x64D5, 0x53B0,
 0x42CB, 0x3A6A, 0x3A8B, 0x42AC, 0x42AD, 0x4AAC, 0x4A68, 0x5205, 0x59E4, 0x59E4, 0x49C4, 0x39C5, 0x5AEB, 0x94B2, 0xAD95, 0xB5F7,
 0xB5F7, 0xB5F7, 0xB5F7, 0xB5F7, 0xBDF7, 0xBE18, 0xC638, 0xB596, 0x9492, 0x738E, 0x632C, 0x634D, 0x6B6D, 0x6B6D, 0x634D, 0x632C,

};

const unsigned char Goal[6735] = {9,13,19,22,25,27,24,20,19,11,5,4,6,12,18,23,26,25,19,15,13,9,10,11,13,16,17,17,21,21,20,17,14,11,11,10,11,15,16,16,18,19,17,16,16,14,11,10,13,16,20,22,20,16,14,11,11,13,15,15,17,16,15,15,15,17,17,17,16,12,10,9,11,13,16,17,14,14,15,17,16,14,14,18,20,18,18,18,17,14,12,11,12,13,17,18,18,19,16,15,14,15,17,16,15,15,18,21,22,22,21,19,16,12,11,10,11,11,13,16,18,18,20,21,21,19,16,13,13,13,14,15,18,17,16,18,19,17,17,17,18,18,17,17,15,13,8,6,6,8,15,23,25,26,24,19,15,12,8,10,10,10,12,14,16,18,18,17,15,13,12,11,11,14,17,19,21,19,16,18,16,15,17,20,18,15,11,9,10,10,13,18,20,20,18,14,11,9,10,13,17,20,22,21,18,16,14,13,12,12,11,11,14,15,17,18,19,19,17,17,17,15,13,12,12,12,13,14,15,16,18,22,25,23,20,16,11,8,9,12,15,15,17,17,16,16,16,16,16,15,15,16,18,19,19,21,21,16,12,10,14,16,17,18,17,17,16,15,14,14,16,16,14,14,15,14,13,16,19,20,21,20,18,15,13,13,15,16,15,13,12,14,14,15,17,20,20,19,14,12,9,8,11,15,19,22,20,17,14,13,13,12,13,14,14,12,14,18,18,18,18,16,15,15,14,14,15,14,15,16,15,14,17,18,17,13,14,16,13,13,15,13,13,15,17,17,18,18,17,17,16,19,19,17,14,13,11,10,12,14,16,17,19,19,18,17,16,13,11,13,15,17,20,20,20,19,16,14,10,11,15,17,17,14,13,15,15,15,15,16,17,16,14,13,16,17,15,14,17,18,17,18,18,17,14,13,12,13,15,15,16,19,21,22,17,13,13,11,11,14,18,18,17,21,21,21,18,17,16,15,11,10,9,9,10,14,18,20,19,21,20,17,17,16,15,14,15,13,12,13,15,16,17,18,19,15,12,12,15,17,17,16,13,12,10,10,14,18,20,20,22,21,20,18,15,12,8,10,12,11,12,14,14,15,16,19,20,19,18,15,12,10,13,16,15,15,15,12,11,12,15,19,22,23,22,19,15,11,10,11,14,17,17,18,17,16,14,12,11,13,15,14,13,17,19,17,18,18,18,17,14,13,13,14,15,17,19,21,18,14,9,10,12,14,16,16,17,17,15,18,21,22,24,25,21,19,16,13,13,13,13,14,16,15,16,19,19,20,19,14,12,11,11,13,16,17,17,19,18,17,16,14,15,14,12,13,16,15,17,16,15,12,11,12,14,18,19,18,19,17,14,11,8,8,10,12,15,18,18,16,15,12,11,11,12,14,17,18,19,20,17,14,14,12,9,11,11,14,19,22,24,24,21,18,14,11,8,8,8,12,15,20,24,25,23,21,16,13,7,6,7,9,12,19,25,27,26,23,17,13,11,8,9,11,12,16,19,21,25,24,19,14,11,11,11,13,16,18,18,17,15,14,14,16,19,20,19,21,22,19,14,10,11,12,13,15,18,20,17,16,16,15,17,18,18,16,14,11,10,10,10,13,17,21,20,21,19,16,13,13,12,11,12,12,14,13,17,19,20,22,23,22,19,13,8,7,7,8,13,17,20,19,17,15,13,11,12,15,17,19,17,15,13,12,12,14,16,17,18,17,15,12,11,11,14,16,18,19,19,20,19,17,16,14,10,10,12,14,16,17,17,17,17,18,17,14,14,14,11,9,12,15,20,25,28,25,20,17,12,10,10,11,11,14,15,14,18,22,20,18,17,17,15,13,13,15,17,15,13,16,18,18,19,19,18,15,14,15,17,16,16,17,16,13,13,14,16,17,19,19,17,17,17,16,16,16,15,14,13,14,18,20,20,19,15,12,11,10,13,15,14,15,16,15,18,20,21,18,12,8,6,7,11,16,20,24,24,20,18,12,10,10,8,8,14,16,16,16,16,17,16,16,15,14,16,16,15,14,15,13,12,11,13,16,17,20,18,14,14,15,16,17,15,15,17,17,17,17,15,13,13,11,13,18,20,20,17,16,15,16,16,14,12,11,12,16,20,24,23,21,18,14,9,7,8,11,14,18,22,25,25,23,21,13,10,10,10,9,12,17,20,23,25,23,19,17,16,13,11,9,9,9,12,15,18,22,25,26,24,18,16,12,10,9,12,15,14,13,12,12,14,20,23,21,17,13,8,8,10,13,16,16,20,21,21,17,15,14,13,13,16,18,16,11,9,9,12,13,15,16,16,14,15,19,23,23,19,15,11,10,10,9,12,15,18,19,19,17,16,14,12,12,15,17,18,18,19,17,16,16,17,16,16,15,15,16,15,16,16,16,13,14,12,13,16,16,15,14,15,18,18,18,19,15,13,11,11,13,16,17,16,16,17,16,16,17,14,12,14,13,14,17,17,19,19,16,14,17,21,21,18,17,14,15,13,12,13,15,16,19,22,21,20,19,18,17,15,12,13,12,13,14,16,19,21,21,21,20,16,15,12,10,9,10,12,14,16,18,20,18,18,17,13,11,10,11,10,12,13,15,18,19,18,18,19,17,16,13,10,7,7,10,14,19,23,23,19,17,15,12,10,11,13,16,15,13,16,19,18,17,18,16,15,15,14,14,13,14,15,18,20,22,18,14,12,11,11,14,16,16,17,16,17,17,16,14,16,16,16,17,17,16,16,16,16,17,17,15,14,11,8,9,11,15,19,21,21,21,17,12,10,9,13,16,19,23,26,23,20,16,13,11,10,10,12,15,17,18,19,19,16,13,11,12,15,18,22,24,23,20,16,14,14,14,14,14,13,14,17,18,20,18,16,15,13,11,11,11,12,13,17,23,25,24,20,15,10,7,7,10,12,16,19,23,23,19,14,10,9,10,12,16,18,18,18,16,15,15,15,13,13,12,12,13,15,21,25,25,21,15,8,1,2,8,14,19,22,24,20,15,14,13,14,13,12,12,12,12,14,16,18,20,21,22,23,21,16,12,8,8,10,13,17,19,21,19,17,16,16,14,11,10,9,11,14,17,21,21,21,19,18,18,14,12,12,12,11,15,21,24,24,20,18,15,11,10,10,9,12,15,22,25,24,24,21,16,14,13,12,14,14,13,16,18,18,15,15,14,14,15,17,20,20,14,13,15,16,17,18,17,15,14,15,16,16,15,15,16,17,18,18,15,14,15,12,10,9,10,10,14,18,21,20,17,15,14,13,12,14,16,14,13,16,18,19,18,16,16,13,12,14,16,16,14,13,14,13,14,15,13,13,12,15,20,22,23,23,21,15,8,5,6,8,11,17,21,21,18,17,17,14,13,12,12,12,10,12,15,18,22,21,21,19,19,17,16,14,12,13,13,14,19,24,22,18,13,8,5,7,12,17,20,22,22,23,22,19,15,14,15,15,15,15,15,14,14,13,13,16,19,21,20,18,14,12,10,10,13,14,16,19,23,25,21,17,16,12,10,13,12,12,11,14,18,21,22,21,19,13,8,8,10,13,18,23,24,23,23,22,18,12,5,4,5,7,12,18,23,25,23,19,14,11,10,11,12,14,15,15,15,19,19,17,18,15,15,14,12,9,11,14,17,19,19,19,16,12,11,12,13,14,14,17,20,19,18,17,16,15,14,11,11,13,14,13,14,15,16,17,16,17,17,17,16,13,10,10,14,18,21,21,21,21,16,12,13,13,11,10,13,18,20,20,20,19,17,12,9,9,9,10,13,19,23,26,27,26,19,13,9,7,8,11,16,20,20,22,20,20,18,15,13,13,14,15,15,14,13,14,14,16,19,19,21,20,19,18,14,9,6,8,8,11,16,22,25,25,22,17,14,12,11,10,11,14,18,20,21,22,20,16,12,11,11,12,13,16,16,17,18,19,17,16,17,17,15,14,11,12,14,14,15,16,17,17,16,15,15,15,14,15,14,12,14,18,20,18,16,14,13,12,13,15,18,18,18,16,16,14,12,11,14,15,16,15,13,12,11,14,20,23,20,18,16,11,9,10,15,17,17,17,16,15,16,18,16,15,13,14,14,14,17,18,20,21,20,19,15,13,12,13,16,17,18,16,11,10,11,12,14,17,22,25,23,19,18,13,10,10,11,13,17,18,21,21,18,16,16,13,12,13,12,12,12,12,12,16,19,22,20,18,13,11,10,9,13,19,23,24,20,19,17,12,10,10,12,14,17,19,20,18,14,13,11,10,12,16,20,21,22,19,19,17,13,13,15,14,14,15,16,18,20,18,15,13,12,12,11,13,13,16,17,17,19,21,20,18,15,13,11,9,11,17,20,19,20,18,15,14,12,10,10,10,10,13,17,22,22,20,19,18,14,11,11,12,14,14,14,15,14,15,17,20,22,21,17,14,9,5,5,9,15,20,24,25,24,21,16,12,11,11,11,12,14,16,19,22,23,21,18,16,12,10,10,12,15,16,18,17,17,18,18,17,16,13,13,13,14,15,19,22,22,20,18,17,15,12,12,12,13,16,18,19,16,13,11,10,11,12,14,19,22,23,22,22,21,15,10,7,7,8,10,16,21,23,23,22,16,12,8,7,9,10,13,15,19,21,21,21,19,17,14,13,11,11,12,16,17,16,14,14,15,13,15,19,19,16,14,14,14,17,17,17,16,16,12,12,11,14,15,15,16,19,21,19,17,13,9,6,7,12,17,22,24,21,19,17,14,15,15,14,12,10,11,15,19,21,23,24,19,15,12,9,10,11,14,18,22,24,23,20,16,15,12,11,11,13,16,20,21,22,21,18,14,13,12,11,12,16,19,20,19,17,14,10,8,10,15,18,19,18,19,19,19,17,13,9,5,5,8,13,16,23,27,25,19,14,10,8,6,7,12,16,23,26,25,21,16,10,6,6,8,11,15,21,24,26,22,15,8,5,5,9,15,20,22,21,21,21,19,17,15,12,11,9,10,12,12,14,19,23,23,22,20,14,11,11,11,13,17,23,25,24,21,19,18,14,11,10,9,10,14,17,18,17,18,19,16,16,15,13,12,13,17,18,15,13,10,11,13,16,20,22,21,18,14,10,8,6,8,14,18,20,21,22,21,20,18,16,14,14,14,12,12,11,14,14,16,18,17,16,15,12,11,12,16,19,20,19,20,18,16,16,15,15,13,12,11,15,18,17,17,18,20,22,20,18,12,9,8,10,15,21,23,24,25,22,16,13,9,7,8,12,17,20,18,15,16,12,10,11,14,16,17,17,20,22,19,15,14,13,11,11,12,13,16,18,18,17,18,18,14,12,12,12,12,11,12,13,15,19,21,21,21,18,17,16,16,15,10,9,7,6,9,17,21,23,23,20,16,11,11,12,13,16,19,22,23,20,18,16,16,15,14,15,12,10,11,12,14,17,17,18,19,17,14,13,12,12,13,17,20,21,19,19,18,17,16,15,14,13,11,13,13,15,16,16,19,20,19,15,13,12,12,15,21,24,23,22,20,15,10,8,8,10,13,17,20,21,21,18,15,11,10,11,13,14,15,16,15,16,17,19,19,20,16,14,13,13,12,12,13,14,14,14,13,15,15,16,18,18,15,16,16,16,15,17,19,17,14,14,15,13,15,17,18,19,16,15,14,17,18,18,19,17,13,10,8,7,9,15,21,23,23,24,21,16,14,12,9,10,10,13,17,17,19,19,17,14,14,14,14,12,12,15,17,16,16,15,14,11,14,16,17,18,17,16,15,14,15,17,21,19,15,13,12,9,10,13,14,17,18,18,16,16,17,19,20,18,15,11,9,10,11,14,16,16,18,21,20,18,19,18,18,15,16,17,18,17,17,18,16,12,11,12,17,22,21,19,18,14,11,11,14,17,19,19,18,20,19,18,17,17,16,14,11,9,8,9,13,17,22,24,22,17,13,12,11,12,13,14,14,17,19,22,21,17,15,13,9,7,10,15,17,18,21,20,17,13,12,13,14,14,14,15,13,11,11,10,12,15,19,19,20,19,16,13,12,12,11,11,13,16,19,20,18,17,13,8,5,7,11,16,20,22,20,17,17,16,16,16,17,17,14,11,11,11,14,17,21,23,23,19,14,10,9,11,15,20,23,24,23,20,17,14,12,12,15,16,17,18,19,20,18,13,13,14,12,16,18,18,17,18,18,16,15,16,14,13,15,14,15,17,19,18,16,13,12,13,13,15,19,22,21,18,15,11,10,10,13,17,18,18,19,21,17,13,11,11,11,11,14,19,21,20,17,16,15,10,8,11,12,14,20,25,24,22,18,14,11,9,9,11,12,14,18,19,20,20,19,17,13,12,11,9,9,13,17,19,21,24,23,17,12,9,7,7,8,11,19,24,23,20,17,11,8,9,8,11,16,18,19,19,18,14,12,13,13,15,15,16,17,17,16,14,14,14,15,16,16,15,16,17,19,21,20,15,12,13,13,14,16,18,20,23,24,21,15,13,11,10,12,18,20,20,21,21,21,19,17,13,10,8,8,9,14,17,21,22,23,23,20,20,17,15,16,15,14,12,11,9,9,14,18,23,25,25,21,15,11,7,5,6,10,14,17,21,25,26,25,23,19,12,9,8,6,5,9,14,18,18,21,21,18,14,11,12,11,13,15,20,21,18,15,13,11,10,12,15,17,16,16,14,11,10,8,8,10,16,18,21,20,18,18,15,13,13,14,14,12,11,14,18,20,20,18,17,17,15,12,12,9,9,11,13,19,24,26,23,18,16,13,11,12,17,21,22,21,19,16,15,15,15,17,18,19,17,15,11,9,10,13,19,25,25,22,20,17,11,7,8,10,13,16,18,22,24,22,17,16,15,11,8,8,11,14,15,18,22,25,23,20,19,18,15,12,10,9,9,10,14,20,22,24,22,19,17,16,14,12,9,8,10,12,15,18,21,21,18,20,22,20,17,15,14,12,10,9,10,14,15,15,17,19,19,18,14,9,9,10,10,14,18,20,19,18,14,14,13,11,12,14,14,15,15,16,14,10,10,13,13,13,14,17,16,17,19,20,17,14,13,13,14,15,17,19,18,18,17,17,15,16,15,14,13,13,15,15,18,19,19,19,20,21,21,19,12,11,11,11,13,16,15,15,18,19,21,21,19,16,12,12,12,11,14,16,16,16,16,17,17,21,24,21,18,15,11,9,11,13,16,20,24,26,24,19,14,14,13,11,9,10,12,12,13,14,17,20,20,17,18,19,16,14,13,14,13,12,12,14,17,18,19,21,18,15,12,10,8,10,14,17,20,19,15,14,12,10,12,14,18,20,22,21,18,14,9,8,8,11,14,18,20,19,18,18,17,14,10,9,10,11,12,18,18,19,21,21,18,14,12,9,7,9,12,18,22,24,25,22,18,14,11,10,11,11,13,14,16,16,20,19,19,19,17,16,14,13,14,16,17,16,17,19,19,18,17,18,16,16,17,16,14,12,13,13,14,18,19,19,16,17,18,18,18,16,13,13,13,16,19,23,24,22,18,13,7,5,7,10,13,16,16,16,16,18,20,18,17,17,15,15,15,16,15,16,16,15,16,16,15,16,16,16,14,11,11,14,14,14,15,16,18,23,23,21,19,14,14,13,13,13,14,15,16,17,16,16,14,14,14,13,11,14,16,16,15,16,16,14,14,14,17,18,18,19,20,18,12,10,9,8,11,13,14,16,18,19,19,22,21,16,12,8,7,10,13,19,23,22,20,20,18,14,12,10,8,9,12,13,15,19,20,19,18,16,15,15,14,14,13,12,11,14,18,19,21,20,18,18,16,15,15,15,14,13,15,17,18,17,15,15,16,17,19,21,23,22,18,14,12,11,11,12,16,20,22,22,20,16,13,13,11,12,14,14,15,15,16,16,16,18,18,19,19,18,15,14,15,14,12,10,10,13,14,16,16,17,17,15,17,18,19,19,17,15,15,14,13,12,13,13,12,12,15,18,18,17,17,15,13,13,15,16,17,19,18,18,17,18,17,15,13,12,12,13,14,14,12,12,13,15,19,19,17,14,12,10,10,12,16,18,19,22,22,21,19,16,14,13,9,8,10,10,11,16,22,22,20,19,18,17,15,15,16,13,11,13,13,13,15,18,19,20,20,21,19,16,13,13,11,11,13,15,15,16,17,20,22,20,17,15,17,17,15,15,14,13,13,12,9,11,13,19,24,26,25,22,18,13,10,11,12,13,18,19,18,16,13,10,8,11,18,20,21,23,22,19,15,11,9,9,10,12,15,20,23,23,22,19,15,13,10,8,7,8,11,15,20,22,22,19,16,16,16,15,13,13,15,16,18,18,17,16,13,12,11,12,12,12,13,13,14,18,19,19,18,17,19,19,16,15,13,10,9,12,16,17,19,20,18,16,17,14,12,13,15,15,14,14,16,16,18,18,16,15,16,15,14,15,15,15,19,18,15,16,15,16,16,16,14,15,14,14,15,17,20,20,18,16,14,14,15,14,16,16,17,17,15,14,12,13,16,19,21,19,16,13,11,10,12,16,17,19,18,19,18,15,14,15,14,12,12,15,17,19,20,18,15,13,13,14,16,17,18,17,16,15,14,13,12,13,16,17,17,16,16,14,13,13,15,16,18,20,19,16,12,12,14,16,14,13,14,15,18,20,20,19,17,14,12,11,11,13,16,18,19,18,16,14,14,14,14,14,15,16,16,17,18,18,17,15,14,13,14,13,14,15,15,15,16,18,18,20,18,16,14,12,11,13,15,16,17,18,18,16,13,11,11,13,15,17,18,19,18,17,15,14,16,16,17,18,18,19,18,16,16,17,15,13,12,13,14,14,15,16,16,16,17,19,18,18,20,17,15,13,13,15,17,19,20,20,18,16,14,12,12,12,14,15,15,13,13,14,13,14,18,21,19,17,17,14,13,14,15,16,17,17,16,14,13,11,12,14,14,14,14,17,17,17,17,18,18,16,15,14,13,14,13,13,14,16,18,19,20,21,19,16,10,7,5,9,14,17,20,22,21,20,17,13,12,12,12,13,15,16,17,18,19,18,16,14,14,14,12,13,14,14,15,18,21,23,23,20,14,10,8,7,8,13,17,20,21,21,21,20,17,16,15,16,14,11,10,12,12,15,19,22,23,21,18,15,13,11,11,11,14,18,19,19,20,21,18,16,16,14,13,11,13,14,14,14,16,17,18,20,20,20,16,12,9,9,10,13,18,22,24,21,17,14,11,12,12,14,16,16,18,17,16,16,16,17,17,18,17,16,15,12,9,10,15,18,18,18,17,16,15,14,15,15,14,14,13,12,13,15,17,18,18,18,18,16,13,12,12,13,11,12,13,14,16,16,17,18,17,15,15,13,12,12,12,13,14,16,17,18,17,18,18,18,16,15,13,12,11,12,16,19,21,21,22,23,21,17,15,11,9,10,14,20,21,20,19,16,14,12,12,16,19,19,17,17,17,15,14,13,13,14,15,16,15,14,14,16,18,19,19,18,14,11,10,10,13,16,20,21,20,20,18,17,13,13,12,13,11,11,13,16,18,19,19,18,15,13,13,14,13,13,15,15,14,16,19,18,16,14,15,15,15,15,16,16,16,15,15,14,14,15,16,17,18,17,17,17,15,14,14,15,14,14,15,16,15,14,15,16,16,17,17,18,18,16,14,14,15,15,16,18,20,18,16,15,14,13,14,15,17,18,18,16,13,13,14,13,14,15,15,14,14,16,18,18,15,14,13,13,13,14,17,19,18,15,14,14,14,14,16,18,19,19,16,13,13,14,15,16,17,17,18,16,16,18,20,20,18,18,15,11,10,11,12,13,15,17,18,18,17,17,16,15,13,14,15,14,13,15,15,16,16,17,18,16,16,16,16,16,15,13,12,12,14,17,18,18,18,18,17,15,14,14,14,15,16,16,16,16,18,19,19,20,19,16,15,11,11,13,15,17,17,19,17,16,16,16,16,15,13,14,14,14,15,16,17,17,17,16,14,13,11,13,15,16,19,20,18,15,13,14,14,15,16,18,16,15,15,15,15,17,17,18,18,18,16,13,12,12,11,12,15,17,19,19,19,17,13,10,11,12,14,16,17,17,16,13,11,10,11,14,18,19,18,18,16,14,13,14,15,16,17,18,16,14,14,14,15,16,17,16,17,16,14,14,13,15,15,16,17,18,17,17,17,18,17,16,15,15,14,14,16,17,17,17,16,15,15,16,16,18,18,18,16,16,15,16,16,16,17,16,16,14,14,15,16,18,19,20,19,16,15,15,13,12,12,14,16,17,18,19,20,19,18,17,14,12,10,8,10,12,15,19,21,22,21,18,14,12,12,11,11,12,14,15,17,19,20,19,17,16,14,12,10,11,11,12,14,15,18,18,17,17,16,15,14,12,13,13,13,16,20,21,19,16,12,10,11,14,17,17,19,17,14,12,12,11,13,15,16,16,17,16,17,19,18,17,18,18,16,13,11,10,12,14,17,18,17,16,15,15,16,15,15,14,14,15,16,17,18,20,20,19,18,15,13,14,15,15,16,17,17,16,14,13,14,17,18,18,19,18,16,16,16,15,14,15,16,17,16,16,16,16,16,17,17,16,15,15,15,15,15,15,16,17,18,17,17,17,17,15,15,13,12,12,12,13,15,16,16,18,20,19,17,15,12,12,13,15,17,18,18,16,12,10,10,11,15,18,19,19,17,15,14,14,15,15,15,15,15,13,12,12,15,17,19,20,20,19,16,13,11,10,10,12,13,16,19,20,19,18,17,14,12,13,13,14,15,16,16,17,16,16,16,16,16,15,14,15,14,13,14,15,16,16,16,15,15,16,15,15,15,16,18,18,19,18,17,16,16,14,13,12,12,14,17,18,19,18,18,17,17,16,16,16,14,13,14,16,17,17,17,18,19,19,18,16,15,15,15,16,16,15,15,15,15,16,19,19,18,16,14,14,13,12,13,15,16,18,19,18,17,16,13,12,12,13,15,15,16,17,16,16,16,15,14,13,14,14,15,17,17,17,13,12,12,14,16,18,19,18,16,13,11,11,12,14,16,17,17,16,15,15,15,15,16,16,15,16,15,14,14,14,14,15,16,16,15,16,17,18,18,16,14,12,12,13,14,16,17,18,19,19,18,16,15,15,14,13,13,14,16,18,19,19,20,18,16,14,12,13,14,16,17,18,19,17,15,14,14,14,15,15,14,17,18,19,19,18,17,17,17,15,13,12,11,13,15,18,19,20,19,17,15,14,12,12,11,12,14,17,19,19,17,16,16,16,16,16,15,13,13,13,14,15,16,18,18,18,17,16,15,14,14,12,11,13,15,18,20,20,19,17,15,13,13,13,14,14,14,16,17,17,17,15,14,13,11,11,12,14,17,18,19,18,17,16,16,14,13,12,11,12,13,16,17,18,18,18,16,15,14,14,13,14,14,14,15,15,17,18,19,20,20,19,17,15,13,11,11,12,13,15,17,19,21,21,20,17,15,13,12,13,13,14,15,16,18,18,18,18,16,15,15,15,16,15,14,14,14,16,17,18,19,18,16,15,15,14,15,16,16,16,16,14,14,15,16,15,16,16,15,15,16,17,17,17,16,15,13,13,13,13,14,15,17,18,18,17,17,15,13,13,14,14,15,17,18,18,16,15,14,14,13,14,14,14,15,15,16,16,16,15,16,16,15,14,14,14,15,16,17,18,18,16,13,13,12,13,15,16,17,17,16,15,14,15,15,16,16,17,18,17,15,15,14,14,15,16,16,16,17,17,17,17,16,15,16,16,15,15,14,14,14,15,16,18,20,19,17,16,15,13,13,13,15,16,17,18,17,17,17,17,16,15,15,14,14,14,15,16,17,17,17,18,18,16,15,15,14,14,14,15,15,15,14,15,16,17,16,16,16,16,15,15,15,15,15,14,14,15,15,15,15,16,16,16,15,15,15,16,15,15,15,14,14,15,16,17,17,17,16,16,16,15,16,15,14,14,13,14,14,15,16,17,17,17,16,16,16,16,16,16,16,14,14,14,14,15,16,17,18,18,17,15,14,14,13,14,15,16,16,17,16,15,16,16,15,15,15,15,16,16,16,16,16,15,15,15,15,15,16,17,16,16,17,17,15,15,16,15,15,15,15,16,15,16,17,16,15,15,15,15,15,15,15,16,16,16,16,15,15,16,15,16,16,16,16,15,14,13,14,15,16,17,17,17,16,14,14,14,15,15,16,16,16,16,16,15,15,15,15,15,15,15,15,16,17,17,17,17,16,15,14,14,14,14,16,16,16,16,16,16,16,15,14,14,15,15,16,16,16,16,15,16,16,16,16,15,15,15,15,15,15,15,15,15,15,16,16,17,18,17,16,15,14,14,15,15,16,16,16,15,14,15,15,15,16,17,16,16,15,15,15,15,15,15,15,16,18,18,18,17,16,15,13,13,13,13,13,16,17,18,19,18,17,15,14,14,15,15,16,16,16,15,16,17,17,17,17,16,16,15,13,13,13,15,15,17,18,17,17,16,16,16,16,15,14,14,13,13,13,15,17,18,19,18,17,15,14,13,12,13,14,16,17,18,18,17,17,15,14,14,14,13,14,15,15,16,17,17,17,17,16,15,15,15,15,15,15,15,15,15,15,16,17,17,17,16,16,15,15,15,15,15,15,15,15,15,15,15,15,16,17,16,16,16,16,16,15,15,15,14,14,14,15,17,18,18,18,17,15,13,12,13,13,15,17,18,18,17,16,15,14,15,15,16,16,16,16,16,16,16,16,16,16,16,16,15,15,15,15,15,15,16,16,16,16,16,15,15,16,17,17,16,16,14,14,14,15,16,17,17,16,16,15,14,15,15,16,16,16,15,14,14,14,15,16,17,17,17,17,16,15,14,14,14,14,14,15,15,16,16,17,16,16,16,15,15,14,14,14,15,15,16,17,16,15,15,16,16,17,16,15,15,14,14,15,16,16,16,17,16,15,15,15,16,16,16,16,15,14,14,14,15,15,16,17,17,17,16,15,15,15,16,15,15,15,15,15,15,15,16,16,16,16,16,15,15,15,15,15,15,16,17,17,17,17,16,15,15,15,14,15,15,15,16,16,16,17,16,16,16,15,15,15,15,15,15,15,16,17,17,17,16,15,15,14,14,15,15,16,16,16,16,16,16,16,16,16,15,14,14,14,15,16,16,16,16,16,15,15,15,15,15,15,15,16,16,16,16,16,16,16,15,14,14,15,15,15,15,16,16,16,16,16,16,15,15,15,15,15,15,15,15,15,16,16,16,16,15,15,15,15,15,15,15,15,16,16,16,15,15,16,16,16,16,16,16,15,15,15,15,16,16,16,17,16,16,15,15,15,15,15,16,16,16,16,16,15,15,16,16,16,16,15,15,16,16,15,15,15,16,16,16,16,16,16,16,16,15,15,15,15,14,15,16,16,17,17,16,15,15,15,15,15,16,16,16,15,15,15,15,15,16,17,17,16,15,15,15,15,15,15,16,16,16,16,16,16,16,15,15,15,15,15,15,16,16,16,17,17,16,16,15,14,14,15,15,15,15,15,16,16,16,16,16,16,15,15,14,15,15,15,16,16,16,16,16,15,15,15,15,15,15,15,15,16,16,16,16,16,15,15,15,15,15,15,15,15,16,16,16,16,16,16,15,15,15,15,15,16,16,17,17,17,16,15,15,15,15,15,15,15,15,16,16,16,15,15,15,15,16,16,16,16,16,16,15,15,15,15,15,16,16,16,16,16,15,15,15,15,16,16,16,16,15,15,14,15,15,16,16,16,17,17,16,16,15,15,15,15,15,15,15,15,16,16,16,17,16,16,15,14,14,14,15,16,16,16,16,16,16,15,15,15,15,15,16,16,17,17,16,16,15,15,14,15,15,15,16,16,16,16,16,16,15,15,15,15,15,15,15,16,16,16,16,16,16,15,15,15,15,15,15,15,15,16,16,16,16,16,16,16,16,16,16,16,16,16,16,16,16,15,16,16,15,15,15,15,15,15,15,15,15,15,16,16,16,16,16,16,15,15,15,15,15,15,15,15,16,16,16,16,16,15,15,15,15,15,16,16,16,16,16,16,16,15,15,15,15,15,15,15,15,15,15,15,16,16,16,16,16,15,15,15,15,15,16,16,16,16,16,16,16,15,15,15,15,15,15,16,16,16,16,16,16,16,16,16,16,16,16,16,15,15,15,15,15,15,16,16,16,16,16,15,16,16,16,16,16,16,16,16,16,15,15,15,15,16,16,16,16,16,16,16,15,15,15,15,15,15,16,16,16,16,16,15,15,15,15,15,15,16,16,16,16,16,16,16,16,15,15,15,15,15,15,15,16,16,16,16,16,16,16,15,15,15,15,15,16,16,16,16,16,16,16,16,15,15,15,15,15,15,15,16,16,16,16,16,16,15,15,15,15,15,15,15,15,16,16,16,15,15,15,16,15,15,15,15,15,15,16,16,16,16,16,15,15,15,15,15,16,16,16,16,16,16,16,15,15,15,15,15,15,15,16,16,16,16,16,15,15,15,15,15,15,15,16,16,16,16,16,16,16,15,15,15,15,15,15,16,16,16,16,16,16,16,16,15,15,15,16,16,16,16,16,16,15,15,15,16,16,16,16,15,15,15,15,15,15,15,15,16,16,16,16,16,16,15,15,15,15,15,15,15,16,16,16,15,15,15,15,15,15,15,16,16,16,15,15,15,15,15,16,16,16,16,16,16,16,15,15,15,15,15,15,16,16,16,16,16,16,16,16,16,15,15,16,16,16,16,16,16,16,16,16,16,15,15,15,15,15,15,15,15,15,16,16,16,16,16,16,16,16,16,16,15,15,15,15,16,16,16,16,15,15,15,15,15,15,16,16,16,16,15,15,15,15,16,16,15,15,15,16,16,16,16,15,15,15,15,15,16,16,16,16,16,16,16,15,15,15,15,15,15,15,15,16,16,16,16,16,16,15,15,15,15,15,15,16,16,16,16,16,16,16,15,15,15,15,15,15,15,15,16,16,16,16,16,16,16,15,15,15,15,15,15,15,15,16,16,16,16,16,15,15,15,15,15,15,15,15,16,16,15,16,16,16,16,16,16,15,15,15,15,16,16,16,16,16,15,15,15,15,15,15,15,15,16,16,16,16,16,16,16,16,15,15,15,15,15,15,16,16,16,16,16,16,16,16,15,15,15,15,15,15,16,16,16,16,16,16,15,15,15,16,16,16,16,15,15,15,15,15,16,16,16};
