Copyright 1986-2022 Xilinx, Inc. All Rights Reserved. Copyright 2022-2024 Advanced Micro Devices, Inc. All Rights Reserved.
---------------------------------------------------------------------------------------------------------------------------------------------------------------------------------------------------------------------------------------
| Tool Version : Vivado v.2024.2 (win64) Build 5239630 Fri Nov 08 22:35:27 MST 2024
| Date         : Fri Apr 17 12:04:50 2026
| Host         : DESKTOP-3H430G8 running 64-bit major release  (build 9200)
| Command      : report_timing_summary -max_paths 10 -report_unconstrained -file main_stopwatch_timing_summary_routed.rpt -pb main_stopwatch_timing_summary_routed.pb -rpx main_stopwatch_timing_summary_routed.rpx -warn_on_violation
| Design       : main_stopwatch
| Device       : 7a35t-cpg236
| Speed File   : -1  PRODUCTION 1.23 2018-06-13
| Design State : Routed
---------------------------------------------------------------------------------------------------------------------------------------------------------------------------------------------------------------------------------------

Timing Summary Report

------------------------------------------------------------------------------------------------
| Timer Settings
| --------------
------------------------------------------------------------------------------------------------

  Enable Multi Corner Analysis               :  Yes
  Enable Pessimism Removal                   :  Yes
  Pessimism Removal Resolution               :  Nearest Common Node
  Enable Input Delay Default Clock           :  No
  Enable Preset / Clear Arcs                 :  No
  Disable Flight Delays                      :  No
  Ignore I/O Paths                           :  No
  Timing Early Launch at Borrowing Latches   :  No
  Borrow Time for Max Delay Exceptions       :  Yes
  Merge Timing Exceptions                    :  Yes
  Inter-SLR Compensation                     :  Conservative

  Corner  Analyze    Analyze    
  Name    Max Paths  Min Paths  
  ------  ---------  ---------  
  Slow    Yes        Yes        
  Fast    Yes        Yes        


------------------------------------------------------------------------------------------------
| Report Methodology
| ------------------
------------------------------------------------------------------------------------------------

Rule       Severity  Description                     Violations  
---------  --------  ------------------------------  ----------  
TIMING-18  Warning   Missing input or output delay   17          
TIMING-20  Warning   Non-clocked latch               7           
LATCH-1    Advisory  Existing latches in the design  1           

Note: This report is based on the most recent report_methodology run and may not be up-to-date. Run report_methodology on the current design for the latest report.



check_timing report

Table of Contents
-----------------
1. checking no_clock (98)
2. checking constant_clock (0)
3. checking pulse_width_clock (0)
4. checking unconstrained_internal_endpoints (7)
5. checking no_input_delay (12)
6. checking no_output_delay (12)
7. checking multiple_clock (0)
8. checking generated_clocks (0)
9. checking loops (0)
10. checking partial_input_delay (0)
11. checking partial_output_delay (0)
12. checking latch_loops (0)

1. checking no_clock (98)
-------------------------
 There are 7 register/latch pins with no clock driven by root clock pin: refresh_counter_reg[14]/Q (HIGH)

 There are 7 register/latch pins with no clock driven by root clock pin: refresh_counter_reg[15]/Q (HIGH)

 There are 7 register/latch pins with no clock driven by root clock pin: u_counter/ms_ones_reg[1]/Q (HIGH)

 There are 7 register/latch pins with no clock driven by root clock pin: u_counter/ms_ones_reg[2]/Q (HIGH)

 There are 7 register/latch pins with no clock driven by root clock pin: u_counter/ms_ones_reg[3]/Q (HIGH)

 There are 7 register/latch pins with no clock driven by root clock pin: u_counter/ms_tens_reg[1]/Q (HIGH)

 There are 7 register/latch pins with no clock driven by root clock pin: u_counter/ms_tens_reg[2]/Q (HIGH)

 There are 7 register/latch pins with no clock driven by root clock pin: u_counter/ms_tens_reg[3]/Q (HIGH)

 There are 7 register/latch pins with no clock driven by root clock pin: u_counter/sec_ones_reg[1]/Q (HIGH)

 There are 7 register/latch pins with no clock driven by root clock pin: u_counter/sec_ones_reg[2]/Q (HIGH)

 There are 7 register/latch pins with no clock driven by root clock pin: u_counter/sec_ones_reg[3]/Q (HIGH)

 There are 7 register/latch pins with no clock driven by root clock pin: u_counter/sec_tens_reg[1]/Q (HIGH)

 There are 7 register/latch pins with no clock driven by root clock pin: u_counter/sec_tens_reg[2]/Q (HIGH)

 There are 7 register/latch pins with no clock driven by root clock pin: u_counter/sec_tens_reg[3]/Q (HIGH)


2. checking constant_clock (0)
------------------------------
 There are 0 register/latch pins with constant_clock.


3. checking pulse_width_clock (0)
---------------------------------
 There are 0 register/latch pins which need pulse_width check


4. checking unconstrained_internal_endpoints (7)
------------------------------------------------
 There are 7 pins that are not constrained for maximum delay. (HIGH)

 There are 0 pins that are not constrained for maximum delay due to constant clock.


5. checking no_input_delay (12)
-------------------------------
 There are 12 input ports with no input delay specified. (HIGH)

 There are 0 input ports with no input delay but user has a false path constraint.


6. checking no_output_delay (12)
--------------------------------
 There are 12 ports with no output delay specified. (HIGH)

 There are 0 ports with no output delay but user has a false path constraint

 There are 0 ports with no output delay but with a timing clock defined on it or propagating through it


7. checking multiple_clock (0)
------------------------------
 There are 0 register/latch pins with multiple clocks.


8. checking generated_clocks (0)
--------------------------------
 There are 0 generated clocks that are not connected to a clock source.


9. checking loops (0)
---------------------
 There are 0 combinational loops in the design.


10. checking partial_input_delay (0)
------------------------------------
 There are 0 input ports with partial input delay specified.


11. checking partial_output_delay (0)
-------------------------------------
 There are 0 ports with partial output delay specified.


12. checking latch_loops (0)
----------------------------
 There are 0 combinational latch loops in the design through latch input



------------------------------------------------------------------------------------------------
| Design Timing Summary
| ---------------------
------------------------------------------------------------------------------------------------

    WNS(ns)      TNS(ns)  TNS Failing Endpoints  TNS Total Endpoints      WHS(ns)      THS(ns)  THS Failing Endpoints  THS Total Endpoints     WPWS(ns)     TPWS(ns)  TPWS Failing Endpoints  TPWS Total Endpoints  
    -------      -------  ---------------------  -------------------      -------      -------  ---------------------  -------------------     --------     --------  ----------------------  --------------------  
      4.861        0.000                      0                   91        0.153        0.000                      0                   91        4.500        0.000                       0                    58  


All user specified timing constraints are met.


------------------------------------------------------------------------------------------------
| Clock Summary
| -------------
------------------------------------------------------------------------------------------------

Clock        Waveform(ns)       Period(ns)      Frequency(MHz)
-----        ------------       ----------      --------------
sys_clk_pin  {0.000 5.000}      10.000          100.000         


------------------------------------------------------------------------------------------------
| Intra Clock Table
| -----------------
------------------------------------------------------------------------------------------------

Clock             WNS(ns)      TNS(ns)  TNS Failing Endpoints  TNS Total Endpoints      WHS(ns)      THS(ns)  THS Failing Endpoints  THS Total Endpoints     WPWS(ns)     TPWS(ns)  TPWS Failing Endpoints  TPWS Total Endpoints  
-----             -------      -------  ---------------------  -------------------      -------      -------  ---------------------  -------------------     --------     --------  ----------------------  --------------------  
sys_clk_pin         4.861        0.000                      0                   91        0.153        0.000                      0                   91        4.500        0.000                       0                    58  


------------------------------------------------------------------------------------------------
| Inter Clock Table
| -----------------
------------------------------------------------------------------------------------------------

From Clock    To Clock          WNS(ns)      TNS(ns)  TNS Failing Endpoints  TNS Total Endpoints      WHS(ns)      THS(ns)  THS Failing Endpoints  THS Total Endpoints  
----------    --------          -------      -------  ---------------------  -------------------      -------      -------  ---------------------  -------------------  


------------------------------------------------------------------------------------------------
| Other Path Groups Table
| -----------------------
------------------------------------------------------------------------------------------------

Path Group    From Clock    To Clock          WNS(ns)      TNS(ns)  TNS Failing Endpoints  TNS Total Endpoints      WHS(ns)      THS(ns)  THS Failing Endpoints  THS Total Endpoints  
----------    ----------    --------          -------      -------  ---------------------  -------------------      -------      -------  ---------------------  -------------------  


------------------------------------------------------------------------------------------------
| User Ignored Path Table
| -----------------------
------------------------------------------------------------------------------------------------

Path Group    From Clock    To Clock    
----------    ----------    --------    


------------------------------------------------------------------------------------------------
| Unconstrained Path Table
| ------------------------
------------------------------------------------------------------------------------------------

Path Group    From Clock    To Clock    
----------    ----------    --------    
(none)                                    
(none)        sys_clk_pin                 
(none)                      sys_clk_pin   


------------------------------------------------------------------------------------------------
| Timing Details
| --------------
------------------------------------------------------------------------------------------------


---------------------------------------------------------------------------------------------------
From Clock:  sys_clk_pin
  To Clock:  sys_clk_pin

Setup :            0  Failing Endpoints,  Worst Slack        4.861ns,  Total Violation        0.000ns
Hold  :            0  Failing Endpoints,  Worst Slack        0.153ns,  Total Violation        0.000ns
PW    :            0  Failing Endpoints,  Worst Slack        4.500ns,  Total Violation        0.000ns
---------------------------------------------------------------------------------------------------


Max Delay Paths
--------------------------------------------------------------------------------------
Slack (MET) :             4.861ns  (required time - arrival time)
  Source:                 u_reset/action_reg/C
                            (rising edge-triggered cell FDRE clocked by sys_clk_pin  {rise@0.000ns fall@5.000ns period=10.000ns})
  Destination:            u_counter/sec_tens_reg[0]/CE
                            (rising edge-triggered cell FDRE clocked by sys_clk_pin  {rise@0.000ns fall@5.000ns period=10.000ns})
  Path Group:             sys_clk_pin
  Path Type:              Setup (Max at Slow Process Corner)
  Requirement:            10.000ns  (sys_clk_pin rise@10.000ns - sys_clk_pin rise@0.000ns)
  Data Path Delay:        4.799ns  (logic 0.937ns (19.527%)  route 3.862ns (80.473%))
  Logic Levels:           2  (LUT2=1 LUT6=1)
  Clock Path Skew:        -0.100ns (DCD - SCD + CPR)
    Destination Clock Delay (DCD):    4.780ns = ( 14.780 - 10.000 ) 
    Source Clock Delay      (SCD):    5.140ns
    Clock Pessimism Removal (CPR):    0.260ns
  Clock Uncertainty:      0.035ns  ((TSJ^2 + TIJ^2)^1/2 + DJ) / 2 + PE
    Total System Jitter     (TSJ):    0.071ns
    Total Input Jitter      (TIJ):    0.000ns
    Discrete Jitter          (DJ):    0.000ns
    Phase Error              (PE):    0.000ns

    Location             Delay type                Incr(ns)  Path(ns)    Netlist Resource(s)
  -------------------------------------------------------------------    -------------------
                         (clock sys_clk_pin rise edge)
                                                      0.000     0.000 r  
    W5                                                0.000     0.000 r  clk (IN)
                         net (fo=0)                   0.000     0.000    clk
    W5                   IBUF (Prop_ibuf_I_O)         1.458     1.458 r  clk_IBUF_inst/O
                         net (fo=1, routed)           1.967     3.425    clk_IBUF
    BUFGCTRL_X0Y0        BUFG (Prop_bufg_I_O)         0.096     3.521 r  clk_IBUF_BUFG_inst/O
                         net (fo=57, routed)          1.619     5.140    u_reset/clk_IBUF_BUFG
    SLICE_X58Y23         FDRE                                         r  u_reset/action_reg/C
  -------------------------------------------------------------------    -------------------
    SLICE_X58Y23         FDRE (Prop_fdre_C_Q)         0.456     5.596 f  u_reset/action_reg/Q
                         net (fo=12, routed)          1.415     7.011    u_reset/action
    SLICE_X57Y24         LUT2 (Prop_lut2_I1_O)        0.154     7.165 r  u_reset/FSM_sequential_state[1]_i_3/O
                         net (fo=11, routed)          1.682     8.847    u_counter/ms_ones_reg[2]_1
    SLICE_X59Y24         LUT6 (Prop_lut6_I0_O)        0.327     9.174 r  u_counter/sec_tens[3]_i_1/O
                         net (fo=4, routed)           0.765     9.939    u_counter/sec_tens[3]_i_1_n_0
    SLICE_X57Y22         FDRE                                         r  u_counter/sec_tens_reg[0]/CE
  -------------------------------------------------------------------    -------------------

                         (clock sys_clk_pin rise edge)
                                                     10.000    10.000 r  
    W5                                                0.000    10.000 r  clk (IN)
                         net (fo=0)                   0.000    10.000    clk
    W5                   IBUF (Prop_ibuf_I_O)         1.388    11.388 r  clk_IBUF_inst/O
                         net (fo=1, routed)           1.862    13.250    clk_IBUF
    BUFGCTRL_X0Y0        BUFG (Prop_bufg_I_O)         0.091    13.341 r  clk_IBUF_BUFG_inst/O
                         net (fo=57, routed)          1.439    14.780    u_counter/clk_IBUF_BUFG
    SLICE_X57Y22         FDRE                                         r  u_counter/sec_tens_reg[0]/C
                         clock pessimism              0.260    15.040    
                         clock uncertainty           -0.035    15.005    
    SLICE_X57Y22         FDRE (Setup_fdre_C_CE)      -0.205    14.800    u_counter/sec_tens_reg[0]
  -------------------------------------------------------------------
                         required time                         14.800    
                         arrival time                          -9.939    
  -------------------------------------------------------------------
                         slack                                  4.861    

Slack (MET) :             5.174ns  (required time - arrival time)
  Source:                 u_reset/action_reg/C
                            (rising edge-triggered cell FDRE clocked by sys_clk_pin  {rise@0.000ns fall@5.000ns period=10.000ns})
  Destination:            u_counter/sec_tens_reg[1]/CE
                            (rising edge-triggered cell FDRE clocked by sys_clk_pin  {rise@0.000ns fall@5.000ns period=10.000ns})
  Path Group:             sys_clk_pin
  Path Type:              Setup (Max at Slow Process Corner)
  Requirement:            10.000ns  (sys_clk_pin rise@10.000ns - sys_clk_pin rise@0.000ns)
  Data Path Delay:        4.565ns  (logic 0.937ns (20.528%)  route 3.628ns (79.472%))
  Logic Levels:           2  (LUT2=1 LUT6=1)
  Clock Path Skew:        -0.021ns (DCD - SCD + CPR)
    Destination Clock Delay (DCD):    4.845ns = ( 14.845 - 10.000 ) 
    Source Clock Delay      (SCD):    5.140ns
    Clock Pessimism Removal (CPR):    0.274ns
  Clock Uncertainty:      0.035ns  ((TSJ^2 + TIJ^2)^1/2 + DJ) / 2 + PE
    Total System Jitter     (TSJ):    0.071ns
    Total Input Jitter      (TIJ):    0.000ns
    Discrete Jitter          (DJ):    0.000ns
    Phase Error              (PE):    0.000ns

    Location             Delay type                Incr(ns)  Path(ns)    Netlist Resource(s)
  -------------------------------------------------------------------    -------------------
                         (clock sys_clk_pin rise edge)
                                                      0.000     0.000 r  
    W5                                                0.000     0.000 r  clk (IN)
                         net (fo=0)                   0.000     0.000    clk
    W5                   IBUF (Prop_ibuf_I_O)         1.458     1.458 r  clk_IBUF_inst/O
                         net (fo=1, routed)           1.967     3.425    clk_IBUF
    BUFGCTRL_X0Y0        BUFG (Prop_bufg_I_O)         0.096     3.521 r  clk_IBUF_BUFG_inst/O
                         net (fo=57, routed)          1.619     5.140    u_reset/clk_IBUF_BUFG
    SLICE_X58Y23         FDRE                                         r  u_reset/action_reg/C
  -------------------------------------------------------------------    -------------------
    SLICE_X58Y23         FDRE (Prop_fdre_C_Q)         0.456     5.596 f  u_reset/action_reg/Q
                         net (fo=12, routed)          1.415     7.011    u_reset/action
    SLICE_X57Y24         LUT2 (Prop_lut2_I1_O)        0.154     7.165 r  u_reset/FSM_sequential_state[1]_i_3/O
                         net (fo=11, routed)          1.682     8.847    u_counter/ms_ones_reg[2]_1
    SLICE_X59Y24         LUT6 (Prop_lut6_I0_O)        0.327     9.174 r  u_counter/sec_tens[3]_i_1/O
                         net (fo=4, routed)           0.531     9.705    u_counter/sec_tens[3]_i_1_n_0
    SLICE_X58Y22         FDRE                                         r  u_counter/sec_tens_reg[1]/CE
  -------------------------------------------------------------------    -------------------

                         (clock sys_clk_pin rise edge)
                                                     10.000    10.000 r  
    W5                                                0.000    10.000 r  clk (IN)
                         net (fo=0)                   0.000    10.000    clk
    W5                   IBUF (Prop_ibuf_I_O)         1.388    11.388 r  clk_IBUF_inst/O
                         net (fo=1, routed)           1.862    13.250    clk_IBUF
    BUFGCTRL_X0Y0        BUFG (Prop_bufg_I_O)         0.091    13.341 r  clk_IBUF_BUFG_inst/O
                         net (fo=57, routed)          1.504    14.845    u_counter/clk_IBUF_BUFG
    SLICE_X58Y22         FDRE                                         r  u_counter/sec_tens_reg[1]/C
                         clock pessimism              0.274    15.119    
                         clock uncertainty           -0.035    15.084    
    SLICE_X58Y22         FDRE (Setup_fdre_C_CE)      -0.205    14.879    u_counter/sec_tens_reg[1]
  -------------------------------------------------------------------
                         required time                         14.879    
                         arrival time                          -9.705    
  -------------------------------------------------------------------
                         slack                                  5.174    

Slack (MET) :             5.174ns  (required time - arrival time)
  Source:                 u_reset/action_reg/C
                            (rising edge-triggered cell FDRE clocked by sys_clk_pin  {rise@0.000ns fall@5.000ns period=10.000ns})
  Destination:            u_counter/sec_tens_reg[2]/CE
                            (rising edge-triggered cell FDRE clocked by sys_clk_pin  {rise@0.000ns fall@5.000ns period=10.000ns})
  Path Group:             sys_clk_pin
  Path Type:              Setup (Max at Slow Process Corner)
  Requirement:            10.000ns  (sys_clk_pin rise@10.000ns - sys_clk_pin rise@0.000ns)
  Data Path Delay:        4.565ns  (logic 0.937ns (20.528%)  route 3.628ns (79.472%))
  Logic Levels:           2  (LUT2=1 LUT6=1)
  Clock Path Skew:        -0.021ns (DCD - SCD + CPR)
    Destination Clock Delay (DCD):    4.845ns = ( 14.845 - 10.000 ) 
    Source Clock Delay      (SCD):    5.140ns
    Clock Pessimism Removal (CPR):    0.274ns
  Clock Uncertainty:      0.035ns  ((TSJ^2 + TIJ^2)^1/2 + DJ) / 2 + PE
    Total System Jitter     (TSJ):    0.071ns
    Total Input Jitter      (TIJ):    0.000ns
    Discrete Jitter          (DJ):    0.000ns
    Phase Error              (PE):    0.000ns

    Location             Delay type                Incr(ns)  Path(ns)    Netlist Resource(s)
  -------------------------------------------------------------------    -------------------
                         (clock sys_clk_pin rise edge)
                                                      0.000     0.000 r  
    W5                                                0.000     0.000 r  clk (IN)
                         net (fo=0)                   0.000     0.000    clk
    W5                   IBUF (Prop_ibuf_I_O)         1.458     1.458 r  clk_IBUF_inst/O
                         net (fo=1, routed)           1.967     3.425    clk_IBUF
    BUFGCTRL_X0Y0        BUFG (Prop_bufg_I_O)         0.096     3.521 r  clk_IBUF_BUFG_inst/O
                         net (fo=57, routed)          1.619     5.140    u_reset/clk_IBUF_BUFG
    SLICE_X58Y23         FDRE                                         r  u_reset/action_reg/C
  -------------------------------------------------------------------    -------------------
    SLICE_X58Y23         FDRE (Prop_fdre_C_Q)         0.456     5.596 f  u_reset/action_reg/Q
                         net (fo=12, routed)          1.415     7.011    u_reset/action
    SLICE_X57Y24         LUT2 (Prop_lut2_I1_O)        0.154     7.165 r  u_reset/FSM_sequential_state[1]_i_3/O
                         net (fo=11, routed)          1.682     8.847    u_counter/ms_ones_reg[2]_1
    SLICE_X59Y24         LUT6 (Prop_lut6_I0_O)        0.327     9.174 r  u_counter/sec_tens[3]_i_1/O
                         net (fo=4, routed)           0.531     9.705    u_counter/sec_tens[3]_i_1_n_0
    SLICE_X58Y22         FDRE                                         r  u_counter/sec_tens_reg[2]/CE
  -------------------------------------------------------------------    -------------------

                         (clock sys_clk_pin rise edge)
                                                     10.000    10.000 r  
    W5                                                0.000    10.000 r  clk (IN)
                         net (fo=0)                   0.000    10.000    clk
    W5                   IBUF (Prop_ibuf_I_O)         1.388    11.388 r  clk_IBUF_inst/O
                         net (fo=1, routed)           1.862    13.250    clk_IBUF
    BUFGCTRL_X0Y0        BUFG (Prop_bufg_I_O)         0.091    13.341 r  clk_IBUF_BUFG_inst/O
                         net (fo=57, routed)          1.504    14.845    u_counter/clk_IBUF_BUFG
    SLICE_X58Y22         FDRE                                         r  u_counter/sec_tens_reg[2]/C
                         clock pessimism              0.274    15.119    
                         clock uncertainty           -0.035    15.084    
    SLICE_X58Y22         FDRE (Setup_fdre_C_CE)      -0.205    14.879    u_counter/sec_tens_reg[2]
  -------------------------------------------------------------------
                         required time                         14.879    
                         arrival time                          -9.705    
  -------------------------------------------------------------------
                         slack                                  5.174    

Slack (MET) :             5.174ns  (required time - arrival time)
  Source:                 u_reset/action_reg/C
                            (rising edge-triggered cell FDRE clocked by sys_clk_pin  {rise@0.000ns fall@5.000ns period=10.000ns})
  Destination:            u_counter/sec_tens_reg[3]/CE
                            (rising edge-triggered cell FDRE clocked by sys_clk_pin  {rise@0.000ns fall@5.000ns period=10.000ns})
  Path Group:             sys_clk_pin
  Path Type:              Setup (Max at Slow Process Corner)
  Requirement:            10.000ns  (sys_clk_pin rise@10.000ns - sys_clk_pin rise@0.000ns)
  Data Path Delay:        4.565ns  (logic 0.937ns (20.528%)  route 3.628ns (79.472%))
  Logic Levels:           2  (LUT2=1 LUT6=1)
  Clock Path Skew:        -0.021ns (DCD - SCD + CPR)
    Destination Clock Delay (DCD):    4.845ns = ( 14.845 - 10.000 ) 
    Source Clock Delay      (SCD):    5.140ns
    Clock Pessimism Removal (CPR):    0.274ns
  Clock Uncertainty:      0.035ns  ((TSJ^2 + TIJ^2)^1/2 + DJ) / 2 + PE
    Total System Jitter     (TSJ):    0.071ns
    Total Input Jitter      (TIJ):    0.000ns
    Discrete Jitter          (DJ):    0.000ns
    Phase Error              (PE):    0.000ns

    Location             Delay type                Incr(ns)  Path(ns)    Netlist Resource(s)
  -------------------------------------------------------------------    -------------------
                         (clock sys_clk_pin rise edge)
                                                      0.000     0.000 r  
    W5                                                0.000     0.000 r  clk (IN)
                         net (fo=0)                   0.000     0.000    clk
    W5                   IBUF (Prop_ibuf_I_O)         1.458     1.458 r  clk_IBUF_inst/O
                         net (fo=1, routed)           1.967     3.425    clk_IBUF
    BUFGCTRL_X0Y0        BUFG (Prop_bufg_I_O)         0.096     3.521 r  clk_IBUF_BUFG_inst/O
                         net (fo=57, routed)          1.619     5.140    u_reset/clk_IBUF_BUFG
    SLICE_X58Y23         FDRE                                         r  u_reset/action_reg/C
  -------------------------------------------------------------------    -------------------
    SLICE_X58Y23         FDRE (Prop_fdre_C_Q)         0.456     5.596 f  u_reset/action_reg/Q
                         net (fo=12, routed)          1.415     7.011    u_reset/action
    SLICE_X57Y24         LUT2 (Prop_lut2_I1_O)        0.154     7.165 r  u_reset/FSM_sequential_state[1]_i_3/O
                         net (fo=11, routed)          1.682     8.847    u_counter/ms_ones_reg[2]_1
    SLICE_X59Y24         LUT6 (Prop_lut6_I0_O)        0.327     9.174 r  u_counter/sec_tens[3]_i_1/O
                         net (fo=4, routed)           0.531     9.705    u_counter/sec_tens[3]_i_1_n_0
    SLICE_X58Y22         FDRE                                         r  u_counter/sec_tens_reg[3]/CE
  -------------------------------------------------------------------    -------------------

                         (clock sys_clk_pin rise edge)
                                                     10.000    10.000 r  
    W5                                                0.000    10.000 r  clk (IN)
                         net (fo=0)                   0.000    10.000    clk
    W5                   IBUF (Prop_ibuf_I_O)         1.388    11.388 r  clk_IBUF_inst/O
                         net (fo=1, routed)           1.862    13.250    clk_IBUF
    BUFGCTRL_X0Y0        BUFG (Prop_bufg_I_O)         0.091    13.341 r  clk_IBUF_BUFG_inst/O
                         net (fo=57, routed)          1.504    14.845    u_counter/clk_IBUF_BUFG
    SLICE_X58Y22         FDRE                                         r  u_counter/sec_tens_reg[3]/C
                         clock pessimism              0.274    15.119    
                         clock uncertainty           -0.035    15.084    
    SLICE_X58Y22         FDRE (Setup_fdre_C_CE)      -0.205    14.879    u_counter/sec_tens_reg[3]
  -------------------------------------------------------------------
                         required time                         14.879    
                         arrival time                          -9.705    
  -------------------------------------------------------------------
                         slack                                  5.174    

Slack (MET) :             5.414ns  (required time - arrival time)
  Source:                 u_counter/ms_ones_reg[1]/C
                            (rising edge-triggered cell FDRE clocked by sys_clk_pin  {rise@0.000ns fall@5.000ns period=10.000ns})
  Destination:            u_counter/sec_ones_reg[3]/CE
                            (rising edge-triggered cell FDRE clocked by sys_clk_pin  {rise@0.000ns fall@5.000ns period=10.000ns})
  Path Group:             sys_clk_pin
  Path Type:              Setup (Max at Slow Process Corner)
  Requirement:            10.000ns  (sys_clk_pin rise@10.000ns - sys_clk_pin rise@0.000ns)
  Data Path Delay:        4.325ns  (logic 1.126ns (26.032%)  route 3.199ns (73.968%))
  Logic Levels:           3  (LUT4=1 LUT5=1 LUT6=1)
  Clock Path Skew:        -0.020ns (DCD - SCD + CPR)
    Destination Clock Delay (DCD):    4.779ns = ( 14.779 - 10.000 ) 
    Source Clock Delay      (SCD):    5.072ns
    Clock Pessimism Removal (CPR):    0.273ns
  Clock Uncertainty:      0.035ns  ((TSJ^2 + TIJ^2)^1/2 + DJ) / 2 + PE
    Total System Jitter     (TSJ):    0.071ns
    Total Input Jitter      (TIJ):    0.000ns
    Discrete Jitter          (DJ):    0.000ns
    Phase Error              (PE):    0.000ns

    Location             Delay type                Incr(ns)  Path(ns)    Netlist Resource(s)
  -------------------------------------------------------------------    -------------------
                         (clock sys_clk_pin rise edge)
                                                      0.000     0.000 r  
    W5                                                0.000     0.000 r  clk (IN)
                         net (fo=0)                   0.000     0.000    clk
    W5                   IBUF (Prop_ibuf_I_O)         1.458     1.458 r  clk_IBUF_inst/O
                         net (fo=1, routed)           1.967     3.425    clk_IBUF
    BUFGCTRL_X0Y0        BUFG (Prop_bufg_I_O)         0.096     3.521 r  clk_IBUF_BUFG_inst/O
                         net (fo=57, routed)          1.551     5.072    u_counter/clk_IBUF_BUFG
    SLICE_X56Y24         FDRE                                         r  u_counter/ms_ones_reg[1]/C
  -------------------------------------------------------------------    -------------------
    SLICE_X56Y24         FDRE (Prop_fdre_C_Q)         0.518     5.590 f  u_counter/ms_ones_reg[1]/Q
                         net (fo=6, routed)           0.689     6.280    u_counter/ms_ones[1]
    SLICE_X57Y23         LUT4 (Prop_lut4_I1_O)        0.124     6.404 r  u_counter/ms_tens[3]_i_3/O
                         net (fo=5, routed)           1.119     7.523    u_counter/ms_tens[3]_i_3_n_0
    SLICE_X59Y23         LUT5 (Prop_lut5_I4_O)        0.152     7.675 f  u_counter/sec_ones[3]_i_4/O
                         net (fo=1, routed)           0.799     8.473    u_counter/sec_ones[3]_i_4_n_0
    SLICE_X57Y23         LUT6 (Prop_lut6_I2_O)        0.332     8.805 r  u_counter/sec_ones[3]_i_1/O
                         net (fo=4, routed)           0.592     9.398    u_counter/sec_ones[3]_i_1_n_0
    SLICE_X57Y23         FDRE                                         r  u_counter/sec_ones_reg[3]/CE
  -------------------------------------------------------------------    -------------------

                         (clock sys_clk_pin rise edge)
                                                     10.000    10.000 r  
    W5                                                0.000    10.000 r  clk (IN)
                         net (fo=0)                   0.000    10.000    clk
    W5                   IBUF (Prop_ibuf_I_O)         1.388    11.388 r  clk_IBUF_inst/O
                         net (fo=1, routed)           1.862    13.250    clk_IBUF
    BUFGCTRL_X0Y0        BUFG (Prop_bufg_I_O)         0.091    13.341 r  clk_IBUF_BUFG_inst/O
                         net (fo=57, routed)          1.438    14.779    u_counter/clk_IBUF_BUFG
    SLICE_X57Y23         FDRE                                         r  u_counter/sec_ones_reg[3]/C
                         clock pessimism              0.273    15.052    
                         clock uncertainty           -0.035    15.017    
    SLICE_X57Y23         FDRE (Setup_fdre_C_CE)      -0.205    14.812    u_counter/sec_ones_reg[3]
  -------------------------------------------------------------------
                         required time                         14.812    
                         arrival time                          -9.398    
  -------------------------------------------------------------------
                         slack                                  5.414    

Slack (MET) :             5.470ns  (required time - arrival time)
  Source:                 u_counter/ms_ones_reg[1]/C
                            (rising edge-triggered cell FDRE clocked by sys_clk_pin  {rise@0.000ns fall@5.000ns period=10.000ns})
  Destination:            u_counter/sec_ones_reg[2]/CE
                            (rising edge-triggered cell FDRE clocked by sys_clk_pin  {rise@0.000ns fall@5.000ns period=10.000ns})
  Path Group:             sys_clk_pin
  Path Type:              Setup (Max at Slow Process Corner)
  Requirement:            10.000ns  (sys_clk_pin rise@10.000ns - sys_clk_pin rise@0.000ns)
  Data Path Delay:        4.320ns  (logic 1.126ns (26.066%)  route 3.194ns (73.934%))
  Logic Levels:           3  (LUT4=1 LUT5=1 LUT6=1)
  Clock Path Skew:        0.030ns (DCD - SCD + CPR)
    Destination Clock Delay (DCD):    4.842ns = ( 14.842 - 10.000 ) 
    Source Clock Delay      (SCD):    5.072ns
    Clock Pessimism Removal (CPR):    0.260ns
  Clock Uncertainty:      0.035ns  ((TSJ^2 + TIJ^2)^1/2 + DJ) / 2 + PE
    Total System Jitter     (TSJ):    0.071ns
    Total Input Jitter      (TIJ):    0.000ns
    Discrete Jitter          (DJ):    0.000ns
    Phase Error              (PE):    0.000ns

    Location             Delay type                Incr(ns)  Path(ns)    Netlist Resource(s)
  -------------------------------------------------------------------    -------------------
                         (clock sys_clk_pin rise edge)
                                                      0.000     0.000 r  
    W5                                                0.000     0.000 r  clk (IN)
                         net (fo=0)                   0.000     0.000    clk
    W5                   IBUF (Prop_ibuf_I_O)         1.458     1.458 r  clk_IBUF_inst/O
                         net (fo=1, routed)           1.967     3.425    clk_IBUF
    BUFGCTRL_X0Y0        BUFG (Prop_bufg_I_O)         0.096     3.521 r  clk_IBUF_BUFG_inst/O
                         net (fo=57, routed)          1.551     5.072    u_counter/clk_IBUF_BUFG
    SLICE_X56Y24         FDRE                                         r  u_counter/ms_ones_reg[1]/C
  -------------------------------------------------------------------    -------------------
    SLICE_X56Y24         FDRE (Prop_fdre_C_Q)         0.518     5.590 f  u_counter/ms_ones_reg[1]/Q
                         net (fo=6, routed)           0.689     6.280    u_counter/ms_ones[1]
    SLICE_X57Y23         LUT4 (Prop_lut4_I1_O)        0.124     6.404 r  u_counter/ms_tens[3]_i_3/O
                         net (fo=5, routed)           1.119     7.523    u_counter/ms_tens[3]_i_3_n_0
    SLICE_X59Y23         LUT5 (Prop_lut5_I4_O)        0.152     7.675 f  u_counter/sec_ones[3]_i_4/O
                         net (fo=1, routed)           0.799     8.473    u_counter/sec_ones[3]_i_4_n_0
    SLICE_X57Y23         LUT6 (Prop_lut6_I2_O)        0.332     8.805 r  u_counter/sec_ones[3]_i_1/O
                         net (fo=4, routed)           0.587     9.392    u_counter/sec_ones[3]_i_1_n_0
    SLICE_X59Y24         FDRE                                         r  u_counter/sec_ones_reg[2]/CE
  -------------------------------------------------------------------    -------------------

                         (clock sys_clk_pin rise edge)
                                                     10.000    10.000 r  
    W5                                                0.000    10.000 r  clk (IN)
                         net (fo=0)                   0.000    10.000    clk
    W5                   IBUF (Prop_ibuf_I_O)         1.388    11.388 r  clk_IBUF_inst/O
                         net (fo=1, routed)           1.862    13.250    clk_IBUF
    BUFGCTRL_X0Y0        BUFG (Prop_bufg_I_O)         0.091    13.341 r  clk_IBUF_BUFG_inst/O
                         net (fo=57, routed)          1.501    14.842    u_counter/clk_IBUF_BUFG
    SLICE_X59Y24         FDRE                                         r  u_counter/sec_ones_reg[2]/C
                         clock pessimism              0.260    15.102    
                         clock uncertainty           -0.035    15.067    
    SLICE_X59Y24         FDRE (Setup_fdre_C_CE)      -0.205    14.862    u_counter/sec_ones_reg[2]
  -------------------------------------------------------------------
                         required time                         14.862    
                         arrival time                          -9.392    
  -------------------------------------------------------------------
                         slack                                  5.470    

Slack (MET) :             5.471ns  (required time - arrival time)
  Source:                 u_counter/ms_ones_reg[1]/C
                            (rising edge-triggered cell FDRE clocked by sys_clk_pin  {rise@0.000ns fall@5.000ns period=10.000ns})
  Destination:            u_counter/sec_ones_reg[1]/CE
                            (rising edge-triggered cell FDRE clocked by sys_clk_pin  {rise@0.000ns fall@5.000ns period=10.000ns})
  Path Group:             sys_clk_pin
  Path Type:              Setup (Max at Slow Process Corner)
  Requirement:            10.000ns  (sys_clk_pin rise@10.000ns - sys_clk_pin rise@0.000ns)
  Data Path Delay:        4.319ns  (logic 1.126ns (26.073%)  route 3.193ns (73.927%))
  Logic Levels:           3  (LUT4=1 LUT5=1 LUT6=1)
  Clock Path Skew:        0.030ns (DCD - SCD + CPR)
    Destination Clock Delay (DCD):    4.842ns = ( 14.842 - 10.000 ) 
    Source Clock Delay      (SCD):    5.072ns
    Clock Pessimism Removal (CPR):    0.260ns
  Clock Uncertainty:      0.035ns  ((TSJ^2 + TIJ^2)^1/2 + DJ) / 2 + PE
    Total System Jitter     (TSJ):    0.071ns
    Total Input Jitter      (TIJ):    0.000ns
    Discrete Jitter          (DJ):    0.000ns
    Phase Error              (PE):    0.000ns

    Location             Delay type                Incr(ns)  Path(ns)    Netlist Resource(s)
  -------------------------------------------------------------------    -------------------
                         (clock sys_clk_pin rise edge)
                                                      0.000     0.000 r  
    W5                                                0.000     0.000 r  clk (IN)
                         net (fo=0)                   0.000     0.000    clk
    W5                   IBUF (Prop_ibuf_I_O)         1.458     1.458 r  clk_IBUF_inst/O
                         net (fo=1, routed)           1.967     3.425    clk_IBUF
    BUFGCTRL_X0Y0        BUFG (Prop_bufg_I_O)         0.096     3.521 r  clk_IBUF_BUFG_inst/O
                         net (fo=57, routed)          1.551     5.072    u_counter/clk_IBUF_BUFG
    SLICE_X56Y24         FDRE                                         r  u_counter/ms_ones_reg[1]/C
  -------------------------------------------------------------------    -------------------
    SLICE_X56Y24         FDRE (Prop_fdre_C_Q)         0.518     5.590 f  u_counter/ms_ones_reg[1]/Q
                         net (fo=6, routed)           0.689     6.280    u_counter/ms_ones[1]
    SLICE_X57Y23         LUT4 (Prop_lut4_I1_O)        0.124     6.404 r  u_counter/ms_tens[3]_i_3/O
                         net (fo=5, routed)           1.119     7.523    u_counter/ms_tens[3]_i_3_n_0
    SLICE_X59Y23         LUT5 (Prop_lut5_I4_O)        0.152     7.675 f  u_counter/sec_ones[3]_i_4/O
                         net (fo=1, routed)           0.799     8.473    u_counter/sec_ones[3]_i_4_n_0
    SLICE_X57Y23         LUT6 (Prop_lut6_I2_O)        0.332     8.805 r  u_counter/sec_ones[3]_i_1/O
                         net (fo=4, routed)           0.585     9.391    u_counter/sec_ones[3]_i_1_n_0
    SLICE_X58Y24         FDRE                                         r  u_counter/sec_ones_reg[1]/CE
  -------------------------------------------------------------------    -------------------

                         (clock sys_clk_pin rise edge)
                                                     10.000    10.000 r  
    W5                                                0.000    10.000 r  clk (IN)
                         net (fo=0)                   0.000    10.000    clk
    W5                   IBUF (Prop_ibuf_I_O)         1.388    11.388 r  clk_IBUF_inst/O
                         net (fo=1, routed)           1.862    13.250    clk_IBUF
    BUFGCTRL_X0Y0        BUFG (Prop_bufg_I_O)         0.091    13.341 r  clk_IBUF_BUFG_inst/O
                         net (fo=57, routed)          1.501    14.842    u_counter/clk_IBUF_BUFG
    SLICE_X58Y24         FDRE                                         r  u_counter/sec_ones_reg[1]/C
                         clock pessimism              0.260    15.102    
                         clock uncertainty           -0.035    15.067    
    SLICE_X58Y24         FDRE (Setup_fdre_C_CE)      -0.205    14.862    u_counter/sec_ones_reg[1]
  -------------------------------------------------------------------
                         required time                         14.862    
                         arrival time                          -9.391    
  -------------------------------------------------------------------
                         slack                                  5.471    

Slack (MET) :             5.533ns  (required time - arrival time)
  Source:                 u_counter/ms_tens_reg[1]/C
                            (rising edge-triggered cell FDRE clocked by sys_clk_pin  {rise@0.000ns fall@5.000ns period=10.000ns})
  Destination:            u_counter/ms_ones_reg[0]/CE
                            (rising edge-triggered cell FDRE clocked by sys_clk_pin  {rise@0.000ns fall@5.000ns period=10.000ns})
  Path Group:             sys_clk_pin
  Path Type:              Setup (Max at Slow Process Corner)
  Requirement:            10.000ns  (sys_clk_pin rise@10.000ns - sys_clk_pin rise@0.000ns)
  Data Path Delay:        4.158ns  (logic 1.058ns (25.443%)  route 3.100ns (74.557%))
  Logic Levels:           3  (LUT4=2 LUT6=1)
  Clock Path Skew:        -0.104ns (DCD - SCD + CPR)
    Destination Clock Delay (DCD):    4.777ns = ( 14.777 - 10.000 ) 
    Source Clock Delay      (SCD):    5.141ns
    Clock Pessimism Removal (CPR):    0.260ns
  Clock Uncertainty:      0.035ns  ((TSJ^2 + TIJ^2)^1/2 + DJ) / 2 + PE
    Total System Jitter     (TSJ):    0.071ns
    Total Input Jitter      (TIJ):    0.000ns
    Discrete Jitter          (DJ):    0.000ns
    Phase Error              (PE):    0.000ns

    Location             Delay type                Incr(ns)  Path(ns)    Netlist Resource(s)
  -------------------------------------------------------------------    -------------------
                         (clock sys_clk_pin rise edge)
                                                      0.000     0.000 r  
    W5                                                0.000     0.000 r  clk (IN)
                         net (fo=0)                   0.000     0.000    clk
    W5                   IBUF (Prop_ibuf_I_O)         1.458     1.458 r  clk_IBUF_inst/O
                         net (fo=1, routed)           1.967     3.425    clk_IBUF
    BUFGCTRL_X0Y0        BUFG (Prop_bufg_I_O)         0.096     3.521 r  clk_IBUF_BUFG_inst/O
                         net (fo=57, routed)          1.620     5.141    u_counter/clk_IBUF_BUFG
    SLICE_X59Y22         FDRE                                         r  u_counter/ms_tens_reg[1]/C
  -------------------------------------------------------------------    -------------------
    SLICE_X59Y22         FDRE (Prop_fdre_C_Q)         0.456     5.597 r  u_counter/ms_tens_reg[1]/Q
                         net (fo=7, routed)           0.987     6.585    u_counter/ms_tens[1]
    SLICE_X59Y23         LUT4 (Prop_lut4_I1_O)        0.152     6.737 f  u_counter/sec_ones[3]_i_9/O
                         net (fo=3, routed)           0.677     7.414    u_counter/sec_ones[3]_i_9_n_0
    SLICE_X58Y23         LUT4 (Prop_lut4_I1_O)        0.326     7.740 f  u_counter/sec_ones[3]_i_3/O
                         net (fo=3, routed)           0.856     8.596    u_counter/sec_ones[3]_i_3_n_0
    SLICE_X57Y24         LUT6 (Prop_lut6_I0_O)        0.124     8.720 r  u_counter/ms_ones[3]_i_1/O
                         net (fo=4, routed)           0.580     9.300    u_counter/ms_ones[3]_i_1_n_0
    SLICE_X56Y24         FDRE                                         r  u_counter/ms_ones_reg[0]/CE
  -------------------------------------------------------------------    -------------------

                         (clock sys_clk_pin rise edge)
                                                     10.000    10.000 r  
    W5                                                0.000    10.000 r  clk (IN)
                         net (fo=0)                   0.000    10.000    clk
    W5                   IBUF (Prop_ibuf_I_O)         1.388    11.388 r  clk_IBUF_inst/O
                         net (fo=1, routed)           1.862    13.250    clk_IBUF
    BUFGCTRL_X0Y0        BUFG (Prop_bufg_I_O)         0.091    13.341 r  clk_IBUF_BUFG_inst/O
                         net (fo=57, routed)          1.436    14.777    u_counter/clk_IBUF_BUFG
    SLICE_X56Y24         FDRE                                         r  u_counter/ms_ones_reg[0]/C
                         clock pessimism              0.260    15.037    
                         clock uncertainty           -0.035    15.002    
    SLICE_X56Y24         FDRE (Setup_fdre_C_CE)      -0.169    14.833    u_counter/ms_ones_reg[0]
  -------------------------------------------------------------------
                         required time                         14.833    
                         arrival time                          -9.300    
  -------------------------------------------------------------------
                         slack                                  5.533    

Slack (MET) :             5.533ns  (required time - arrival time)
  Source:                 u_counter/ms_tens_reg[1]/C
                            (rising edge-triggered cell FDRE clocked by sys_clk_pin  {rise@0.000ns fall@5.000ns period=10.000ns})
  Destination:            u_counter/ms_ones_reg[1]/CE
                            (rising edge-triggered cell FDRE clocked by sys_clk_pin  {rise@0.000ns fall@5.000ns period=10.000ns})
  Path Group:             sys_clk_pin
  Path Type:              Setup (Max at Slow Process Corner)
  Requirement:            10.000ns  (sys_clk_pin rise@10.000ns - sys_clk_pin rise@0.000ns)
  Data Path Delay:        4.158ns  (logic 1.058ns (25.443%)  route 3.100ns (74.557%))
  Logic Levels:           3  (LUT4=2 LUT6=1)
  Clock Path Skew:        -0.104ns (DCD - SCD + CPR)
    Destination Clock Delay (DCD):    4.777ns = ( 14.777 - 10.000 ) 
    Source Clock Delay      (SCD):    5.141ns
    Clock Pessimism Removal (CPR):    0.260ns
  Clock Uncertainty:      0.035ns  ((TSJ^2 + TIJ^2)^1/2 + DJ) / 2 + PE
    Total System Jitter     (TSJ):    0.071ns
    Total Input Jitter      (TIJ):    0.000ns
    Discrete Jitter          (DJ):    0.000ns
    Phase Error              (PE):    0.000ns

    Location             Delay type                Incr(ns)  Path(ns)    Netlist Resource(s)
  -------------------------------------------------------------------    -------------------
                         (clock sys_clk_pin rise edge)
                                                      0.000     0.000 r  
    W5                                                0.000     0.000 r  clk (IN)
                         net (fo=0)                   0.000     0.000    clk
    W5                   IBUF (Prop_ibuf_I_O)         1.458     1.458 r  clk_IBUF_inst/O
                         net (fo=1, routed)           1.967     3.425    clk_IBUF
    BUFGCTRL_X0Y0        BUFG (Prop_bufg_I_O)         0.096     3.521 r  clk_IBUF_BUFG_inst/O
                         net (fo=57, routed)          1.620     5.141    u_counter/clk_IBUF_BUFG
    SLICE_X59Y22         FDRE                                         r  u_counter/ms_tens_reg[1]/C
  -------------------------------------------------------------------    -------------------
    SLICE_X59Y22         FDRE (Prop_fdre_C_Q)         0.456     5.597 r  u_counter/ms_tens_reg[1]/Q
                         net (fo=7, routed)           0.987     6.585    u_counter/ms_tens[1]
    SLICE_X59Y23         LUT4 (Prop_lut4_I1_O)        0.152     6.737 f  u_counter/sec_ones[3]_i_9/O
                         net (fo=3, routed)           0.677     7.414    u_counter/sec_ones[3]_i_9_n_0
    SLICE_X58Y23         LUT4 (Prop_lut4_I1_O)        0.326     7.740 f  u_counter/sec_ones[3]_i_3/O
                         net (fo=3, routed)           0.856     8.596    u_counter/sec_ones[3]_i_3_n_0
    SLICE_X57Y24         LUT6 (Prop_lut6_I0_O)        0.124     8.720 r  u_counter/ms_ones[3]_i_1/O
                         net (fo=4, routed)           0.580     9.300    u_counter/ms_ones[3]_i_1_n_0
    SLICE_X56Y24         FDRE                                         r  u_counter/ms_ones_reg[1]/CE
  -------------------------------------------------------------------    -------------------

                         (clock sys_clk_pin rise edge)
                                                     10.000    10.000 r  
    W5                                                0.000    10.000 r  clk (IN)
                         net (fo=0)                   0.000    10.000    clk
    W5                   IBUF (Prop_ibuf_I_O)         1.388    11.388 r  clk_IBUF_inst/O
                         net (fo=1, routed)           1.862    13.250    clk_IBUF
    BUFGCTRL_X0Y0        BUFG (Prop_bufg_I_O)         0.091    13.341 r  clk_IBUF_BUFG_inst/O
                         net (fo=57, routed)          1.436    14.777    u_counter/clk_IBUF_BUFG
    SLICE_X56Y24         FDRE                                         r  u_counter/ms_ones_reg[1]/C
                         clock pessimism              0.260    15.037    
                         clock uncertainty           -0.035    15.002    
    SLICE_X56Y24         FDRE (Setup_fdre_C_CE)      -0.169    14.833    u_counter/ms_ones_reg[1]
  -------------------------------------------------------------------
                         required time                         14.833    
                         arrival time                          -9.300    
  -------------------------------------------------------------------
                         slack                                  5.533    

Slack (MET) :             5.533ns  (required time - arrival time)
  Source:                 u_counter/ms_tens_reg[1]/C
                            (rising edge-triggered cell FDRE clocked by sys_clk_pin  {rise@0.000ns fall@5.000ns period=10.000ns})
  Destination:            u_counter/ms_ones_reg[2]/CE
                            (rising edge-triggered cell FDRE clocked by sys_clk_pin  {rise@0.000ns fall@5.000ns period=10.000ns})
  Path Group:             sys_clk_pin
  Path Type:              Setup (Max at Slow Process Corner)
  Requirement:            10.000ns  (sys_clk_pin rise@10.000ns - sys_clk_pin rise@0.000ns)
  Data Path Delay:        4.158ns  (logic 1.058ns (25.443%)  route 3.100ns (74.557%))
  Logic Levels:           3  (LUT4=2 LUT6=1)
  Clock Path Skew:        -0.104ns (DCD - SCD + CPR)
    Destination Clock Delay (DCD):    4.777ns = ( 14.777 - 10.000 ) 
    Source Clock Delay      (SCD):    5.141ns
    Clock Pessimism Removal (CPR):    0.260ns
  Clock Uncertainty:      0.035ns  ((TSJ^2 + TIJ^2)^1/2 + DJ) / 2 + PE
    Total System Jitter     (TSJ):    0.071ns
    Total Input Jitter      (TIJ):    0.000ns
    Discrete Jitter          (DJ):    0.000ns
    Phase Error              (PE):    0.000ns

    Location             Delay type                Incr(ns)  Path(ns)    Netlist Resource(s)
  -------------------------------------------------------------------    -------------------
                         (clock sys_clk_pin rise edge)
                                                      0.000     0.000 r  
    W5                                                0.000     0.000 r  clk (IN)
                         net (fo=0)                   0.000     0.000    clk
    W5                   IBUF (Prop_ibuf_I_O)         1.458     1.458 r  clk_IBUF_inst/O
                         net (fo=1, routed)           1.967     3.425    clk_IBUF
    BUFGCTRL_X0Y0        BUFG (Prop_bufg_I_O)         0.096     3.521 r  clk_IBUF_BUFG_inst/O
                         net (fo=57, routed)          1.620     5.141    u_counter/clk_IBUF_BUFG
    SLICE_X59Y22         FDRE                                         r  u_counter/ms_tens_reg[1]/C
  -------------------------------------------------------------------    -------------------
    SLICE_X59Y22         FDRE (Prop_fdre_C_Q)         0.456     5.597 r  u_counter/ms_tens_reg[1]/Q
                         net (fo=7, routed)           0.987     6.585    u_counter/ms_tens[1]
    SLICE_X59Y23         LUT4 (Prop_lut4_I1_O)        0.152     6.737 f  u_counter/sec_ones[3]_i_9/O
                         net (fo=3, routed)           0.677     7.414    u_counter/sec_ones[3]_i_9_n_0
    SLICE_X58Y23         LUT4 (Prop_lut4_I1_O)        0.326     7.740 f  u_counter/sec_ones[3]_i_3/O
                         net (fo=3, routed)           0.856     8.596    u_counter/sec_ones[3]_i_3_n_0
    SLICE_X57Y24         LUT6 (Prop_lut6_I0_O)        0.124     8.720 r  u_counter/ms_ones[3]_i_1/O
                         net (fo=4, routed)           0.580     9.300    u_counter/ms_ones[3]_i_1_n_0
    SLICE_X56Y24         FDRE                                         r  u_counter/ms_ones_reg[2]/CE
  -------------------------------------------------------------------    -------------------

                         (clock sys_clk_pin rise edge)
                                                     10.000    10.000 r  
    W5                                                0.000    10.000 r  clk (IN)
                         net (fo=0)                   0.000    10.000    clk
    W5                   IBUF (Prop_ibuf_I_O)         1.388    11.388 r  clk_IBUF_inst/O
                         net (fo=1, routed)           1.862    13.250    clk_IBUF
    BUFGCTRL_X0Y0        BUFG (Prop_bufg_I_O)         0.091    13.341 r  clk_IBUF_BUFG_inst/O
                         net (fo=57, routed)          1.436    14.777    u_counter/clk_IBUF_BUFG
    SLICE_X56Y24         FDRE                                         r  u_counter/ms_ones_reg[2]/C
                         clock pessimism              0.260    15.037    
                         clock uncertainty           -0.035    15.002    
    SLICE_X56Y24         FDRE (Setup_fdre_C_CE)      -0.169    14.833    u_counter/ms_ones_reg[2]
  -------------------------------------------------------------------
                         required time                         14.833    
                         arrival time                          -9.300    
  -------------------------------------------------------------------
                         slack                                  5.533    





Min Delay Paths
--------------------------------------------------------------------------------------
Slack (MET) :             0.153ns  (arrival time - required time)
  Source:                 u_counter/ms_ones_reg[3]/C
                            (rising edge-triggered cell FDRE clocked by sys_clk_pin  {rise@0.000ns fall@5.000ns period=10.000ns})
  Destination:            u_counter/ms_ones_reg[1]/D
                            (rising edge-triggered cell FDRE clocked by sys_clk_pin  {rise@0.000ns fall@5.000ns period=10.000ns})
  Path Group:             sys_clk_pin
  Path Type:              Hold (Min at Fast Process Corner)
  Requirement:            0.000ns  (sys_clk_pin rise@0.000ns - sys_clk_pin rise@0.000ns)
  Data Path Delay:        0.287ns  (logic 0.186ns (64.903%)  route 0.101ns (35.097%))
  Logic Levels:           1  (LUT6=1)
  Clock Path Skew:        0.013ns (DCD - SCD - CPR)
    Destination Clock Delay (DCD):    1.948ns
    Source Clock Delay      (SCD):    1.438ns
    Clock Pessimism Removal (CPR):    0.497ns

    Location             Delay type                Incr(ns)  Path(ns)    Netlist Resource(s)
  -------------------------------------------------------------------    -------------------
                         (clock sys_clk_pin rise edge)
                                                      0.000     0.000 r  
    W5                                                0.000     0.000 r  clk (IN)
                         net (fo=0)                   0.000     0.000    clk
    W5                   IBUF (Prop_ibuf_I_O)         0.226     0.226 r  clk_IBUF_inst/O
                         net (fo=1, routed)           0.631     0.858    clk_IBUF
    BUFGCTRL_X0Y0        BUFG (Prop_bufg_I_O)         0.026     0.884 r  clk_IBUF_BUFG_inst/O
                         net (fo=57, routed)          0.555     1.438    u_counter/clk_IBUF_BUFG
    SLICE_X57Y24         FDRE                                         r  u_counter/ms_ones_reg[3]/C
  -------------------------------------------------------------------    -------------------
    SLICE_X57Y24         FDRE (Prop_fdre_C_Q)         0.141     1.579 r  u_counter/ms_ones_reg[3]/Q
                         net (fo=6, routed)           0.101     1.680    u_counter/ms_ones[3]
    SLICE_X56Y24         LUT6 (Prop_lut6_I3_O)        0.045     1.725 r  u_counter/ms_ones[1]_i_1/O
                         net (fo=1, routed)           0.000     1.725    u_counter/ms_ones[1]_i_1_n_0
    SLICE_X56Y24         FDRE                                         r  u_counter/ms_ones_reg[1]/D
  -------------------------------------------------------------------    -------------------

                         (clock sys_clk_pin rise edge)
                                                      0.000     0.000 r  
    W5                                                0.000     0.000 r  clk (IN)
                         net (fo=0)                   0.000     0.000    clk
    W5                   IBUF (Prop_ibuf_I_O)         0.414     0.414 r  clk_IBUF_inst/O
                         net (fo=1, routed)           0.685     1.099    clk_IBUF
    BUFGCTRL_X0Y0        BUFG (Prop_bufg_I_O)         0.029     1.128 r  clk_IBUF_BUFG_inst/O
                         net (fo=57, routed)          0.821     1.948    u_counter/clk_IBUF_BUFG
    SLICE_X56Y24         FDRE                                         r  u_counter/ms_ones_reg[1]/C
                         clock pessimism             -0.497     1.451    
    SLICE_X56Y24         FDRE (Hold_fdre_C_D)         0.121     1.572    u_counter/ms_ones_reg[1]
  -------------------------------------------------------------------
                         required time                         -1.572    
                         arrival time                           1.725    
  -------------------------------------------------------------------
                         slack                                  0.153    

Slack (MET) :             0.197ns  (arrival time - required time)
  Source:                 u_start/action_reg/C
                            (rising edge-triggered cell FDRE clocked by sys_clk_pin  {rise@0.000ns fall@5.000ns period=10.000ns})
  Destination:            u_ctrl/FSM_sequential_state_reg[1]/D
                            (rising edge-triggered cell FDRE clocked by sys_clk_pin  {rise@0.000ns fall@5.000ns period=10.000ns})
  Path Group:             sys_clk_pin
  Path Type:              Hold (Min at Fast Process Corner)
  Requirement:            0.000ns  (sys_clk_pin rise@0.000ns - sys_clk_pin rise@0.000ns)
  Data Path Delay:        0.318ns  (logic 0.246ns (77.477%)  route 0.072ns (22.523%))
  Logic Levels:           1  (LUT6=1)
  Clock Path Skew:        0.000ns (DCD - SCD - CPR)
    Destination Clock Delay (DCD):    1.951ns
    Source Clock Delay      (SCD):    1.441ns
    Clock Pessimism Removal (CPR):    0.510ns

    Location             Delay type                Incr(ns)  Path(ns)    Netlist Resource(s)
  -------------------------------------------------------------------    -------------------
                         (clock sys_clk_pin rise edge)
                                                      0.000     0.000 r  
    W5                                                0.000     0.000 r  clk (IN)
                         net (fo=0)                   0.000     0.000    clk
    W5                   IBUF (Prop_ibuf_I_O)         0.226     0.226 r  clk_IBUF_inst/O
                         net (fo=1, routed)           0.631     0.858    clk_IBUF
    BUFGCTRL_X0Y0        BUFG (Prop_bufg_I_O)         0.026     0.884 r  clk_IBUF_BUFG_inst/O
                         net (fo=57, routed)          0.558     1.441    u_start/clk_IBUF_BUFG
    SLICE_X56Y22         FDRE                                         r  u_start/action_reg/C
  -------------------------------------------------------------------    -------------------
    SLICE_X56Y22         FDRE (Prop_fdre_C_Q)         0.148     1.589 r  u_start/action_reg/Q
                         net (fo=2, routed)           0.072     1.661    u_ctrl/action
    SLICE_X56Y22         LUT6 (Prop_lut6_I1_O)        0.098     1.759 r  u_ctrl/FSM_sequential_state[1]_i_1/O
                         net (fo=1, routed)           0.000     1.759    u_ctrl/FSM_sequential_state[1]_i_1_n_0
    SLICE_X56Y22         FDRE                                         r  u_ctrl/FSM_sequential_state_reg[1]/D
  -------------------------------------------------------------------    -------------------

                         (clock sys_clk_pin rise edge)
                                                      0.000     0.000 r  
    W5                                                0.000     0.000 r  clk (IN)
                         net (fo=0)                   0.000     0.000    clk
    W5                   IBUF (Prop_ibuf_I_O)         0.414     0.414 r  clk_IBUF_inst/O
                         net (fo=1, routed)           0.685     1.099    clk_IBUF
    BUFGCTRL_X0Y0        BUFG (Prop_bufg_I_O)         0.029     1.128 r  clk_IBUF_BUFG_inst/O
                         net (fo=57, routed)          0.824     1.951    u_ctrl/clk_IBUF_BUFG
    SLICE_X56Y22         FDRE                                         r  u_ctrl/FSM_sequential_state_reg[1]/C
                         clock pessimism             -0.510     1.441    
    SLICE_X56Y22         FDRE (Hold_fdre_C_D)         0.121     1.562    u_ctrl/FSM_sequential_state_reg[1]
  -------------------------------------------------------------------
                         required time                         -1.562    
                         arrival time                           1.759    
  -------------------------------------------------------------------
                         slack                                  0.197    

Slack (MET) :             0.200ns  (arrival time - required time)
  Source:                 u_start/action_reg/C
                            (rising edge-triggered cell FDRE clocked by sys_clk_pin  {rise@0.000ns fall@5.000ns period=10.000ns})
  Destination:            u_ctrl/FSM_sequential_state_reg[0]/D
                            (rising edge-triggered cell FDRE clocked by sys_clk_pin  {rise@0.000ns fall@5.000ns period=10.000ns})
  Path Group:             sys_clk_pin
  Path Type:              Hold (Min at Fast Process Corner)
  Requirement:            0.000ns  (sys_clk_pin rise@0.000ns - sys_clk_pin rise@0.000ns)
  Data Path Delay:        0.320ns  (logic 0.246ns (76.992%)  route 0.074ns (23.008%))
  Logic Levels:           1  (LUT6=1)
  Clock Path Skew:        0.000ns (DCD - SCD - CPR)
    Destination Clock Delay (DCD):    1.951ns
    Source Clock Delay      (SCD):    1.441ns
    Clock Pessimism Removal (CPR):    0.510ns

    Location             Delay type                Incr(ns)  Path(ns)    Netlist Resource(s)
  -------------------------------------------------------------------    -------------------
                         (clock sys_clk_pin rise edge)
                                                      0.000     0.000 r  
    W5                                                0.000     0.000 r  clk (IN)
                         net (fo=0)                   0.000     0.000    clk
    W5                   IBUF (Prop_ibuf_I_O)         0.226     0.226 r  clk_IBUF_inst/O
                         net (fo=1, routed)           0.631     0.858    clk_IBUF
    BUFGCTRL_X0Y0        BUFG (Prop_bufg_I_O)         0.026     0.884 r  clk_IBUF_BUFG_inst/O
                         net (fo=57, routed)          0.558     1.441    u_start/clk_IBUF_BUFG
    SLICE_X56Y22         FDRE                                         r  u_start/action_reg/C
  -------------------------------------------------------------------    -------------------
    SLICE_X56Y22         FDRE (Prop_fdre_C_Q)         0.148     1.589 r  u_start/action_reg/Q
                         net (fo=2, routed)           0.074     1.663    u_ctrl/action
    SLICE_X56Y22         LUT6 (Prop_lut6_I1_O)        0.098     1.761 r  u_ctrl/FSM_sequential_state[0]_i_1/O
                         net (fo=1, routed)           0.000     1.761    u_ctrl/FSM_sequential_state[0]_i_1_n_0
    SLICE_X56Y22         FDRE                                         r  u_ctrl/FSM_sequential_state_reg[0]/D
  -------------------------------------------------------------------    -------------------

                         (clock sys_clk_pin rise edge)
                                                      0.000     0.000 r  
    W5                                                0.000     0.000 r  clk (IN)
                         net (fo=0)                   0.000     0.000    clk
    W5                   IBUF (Prop_ibuf_I_O)         0.414     0.414 r  clk_IBUF_inst/O
                         net (fo=1, routed)           0.685     1.099    clk_IBUF
    BUFGCTRL_X0Y0        BUFG (Prop_bufg_I_O)         0.029     1.128 r  clk_IBUF_BUFG_inst/O
                         net (fo=57, routed)          0.824     1.951    u_ctrl/clk_IBUF_BUFG
    SLICE_X56Y22         FDRE                                         r  u_ctrl/FSM_sequential_state_reg[0]/C
                         clock pessimism             -0.510     1.441    
    SLICE_X56Y22         FDRE (Hold_fdre_C_D)         0.120     1.561    u_ctrl/FSM_sequential_state_reg[0]
  -------------------------------------------------------------------
                         required time                         -1.561    
                         arrival time                           1.761    
  -------------------------------------------------------------------
                         slack                                  0.200    

Slack (MET) :             0.218ns  (arrival time - required time)
  Source:                 u_counter/ms_tens_reg[2]/C
                            (rising edge-triggered cell FDRE clocked by sys_clk_pin  {rise@0.000ns fall@5.000ns period=10.000ns})
  Destination:            u_counter/ms_tens_reg[1]/D
                            (rising edge-triggered cell FDRE clocked by sys_clk_pin  {rise@0.000ns fall@5.000ns period=10.000ns})
  Path Group:             sys_clk_pin
  Path Type:              Hold (Min at Fast Process Corner)
  Requirement:            0.000ns  (sys_clk_pin rise@0.000ns - sys_clk_pin rise@0.000ns)
  Data Path Delay:        0.325ns  (logic 0.186ns (57.299%)  route 0.139ns (42.701%))
  Logic Levels:           1  (LUT6=1)
  Clock Path Skew:        0.015ns (DCD - SCD - CPR)
    Destination Clock Delay (DCD):    1.978ns
    Source Clock Delay      (SCD):    1.465ns
    Clock Pessimism Removal (CPR):    0.498ns

    Location             Delay type                Incr(ns)  Path(ns)    Netlist Resource(s)
  -------------------------------------------------------------------    -------------------
                         (clock sys_clk_pin rise edge)
                                                      0.000     0.000 r  
    W5                                                0.000     0.000 r  clk (IN)
                         net (fo=0)                   0.000     0.000    clk
    W5                   IBUF (Prop_ibuf_I_O)         0.226     0.226 r  clk_IBUF_inst/O
                         net (fo=1, routed)           0.631     0.858    clk_IBUF
    BUFGCTRL_X0Y0        BUFG (Prop_bufg_I_O)         0.026     0.884 r  clk_IBUF_BUFG_inst/O
                         net (fo=57, routed)          0.582     1.465    u_counter/clk_IBUF_BUFG
    SLICE_X61Y23         FDRE                                         r  u_counter/ms_tens_reg[2]/C
  -------------------------------------------------------------------    -------------------
    SLICE_X61Y23         FDRE (Prop_fdre_C_Q)         0.141     1.606 r  u_counter/ms_tens_reg[2]/Q
                         net (fo=7, routed)           0.139     1.745    u_counter/ms_tens[2]
    SLICE_X59Y22         LUT6 (Prop_lut6_I4_O)        0.045     1.790 r  u_counter/ms_tens[1]_i_1/O
                         net (fo=1, routed)           0.000     1.790    u_counter/ms_tens[1]_i_1_n_0
    SLICE_X59Y22         FDRE                                         r  u_counter/ms_tens_reg[1]/D
  -------------------------------------------------------------------    -------------------

                         (clock sys_clk_pin rise edge)
                                                      0.000     0.000 r  
    W5                                                0.000     0.000 r  clk (IN)
                         net (fo=0)                   0.000     0.000    clk
    W5                   IBUF (Prop_ibuf_I_O)         0.414     0.414 r  clk_IBUF_inst/O
                         net (fo=1, routed)           0.685     1.099    clk_IBUF
    BUFGCTRL_X0Y0        BUFG (Prop_bufg_I_O)         0.029     1.128 r  clk_IBUF_BUFG_inst/O
                         net (fo=57, routed)          0.851     1.978    u_counter/clk_IBUF_BUFG
    SLICE_X59Y22         FDRE                                         r  u_counter/ms_tens_reg[1]/C
                         clock pessimism             -0.498     1.480    
    SLICE_X59Y22         FDRE (Hold_fdre_C_D)         0.092     1.572    u_counter/ms_tens_reg[1]
  -------------------------------------------------------------------
                         required time                         -1.572    
                         arrival time                           1.790    
  -------------------------------------------------------------------
                         slack                                  0.218    

Slack (MET) :             0.240ns  (arrival time - required time)
  Source:                 u_counter/ms_ones_reg[3]/C
                            (rising edge-triggered cell FDRE clocked by sys_clk_pin  {rise@0.000ns fall@5.000ns period=10.000ns})
  Destination:            u_counter/ms_ones_reg[2]/D
                            (rising edge-triggered cell FDRE clocked by sys_clk_pin  {rise@0.000ns fall@5.000ns period=10.000ns})
  Path Group:             sys_clk_pin
  Path Type:              Hold (Min at Fast Process Corner)
  Requirement:            0.000ns  (sys_clk_pin rise@0.000ns - sys_clk_pin rise@0.000ns)
  Data Path Delay:        0.373ns  (logic 0.186ns (49.922%)  route 0.187ns (50.078%))
  Logic Levels:           1  (LUT6=1)
  Clock Path Skew:        0.013ns (DCD - SCD - CPR)
    Destination Clock Delay (DCD):    1.948ns
    Source Clock Delay      (SCD):    1.438ns
    Clock Pessimism Removal (CPR):    0.497ns

    Location             Delay type                Incr(ns)  Path(ns)    Netlist Resource(s)
  -------------------------------------------------------------------    -------------------
                         (clock sys_clk_pin rise edge)
                                                      0.000     0.000 r  
    W5                                                0.000     0.000 r  clk (IN)
                         net (fo=0)                   0.000     0.000    clk
    W5                   IBUF (Prop_ibuf_I_O)         0.226     0.226 r  clk_IBUF_inst/O
                         net (fo=1, routed)           0.631     0.858    clk_IBUF
    BUFGCTRL_X0Y0        BUFG (Prop_bufg_I_O)         0.026     0.884 r  clk_IBUF_BUFG_inst/O
                         net (fo=57, routed)          0.555     1.438    u_counter/clk_IBUF_BUFG
    SLICE_X57Y24         FDRE                                         r  u_counter/ms_ones_reg[3]/C
  -------------------------------------------------------------------    -------------------
    SLICE_X57Y24         FDRE (Prop_fdre_C_Q)         0.141     1.579 r  u_counter/ms_ones_reg[3]/Q
                         net (fo=6, routed)           0.187     1.766    u_counter/ms_ones[3]
    SLICE_X56Y24         LUT6 (Prop_lut6_I5_O)        0.045     1.811 r  u_counter/ms_ones[2]_i_1/O
                         net (fo=1, routed)           0.000     1.811    u_counter/ms_ones[2]_i_1_n_0
    SLICE_X56Y24         FDRE                                         r  u_counter/ms_ones_reg[2]/D
  -------------------------------------------------------------------    -------------------

                         (clock sys_clk_pin rise edge)
                                                      0.000     0.000 r  
    W5                                                0.000     0.000 r  clk (IN)
                         net (fo=0)                   0.000     0.000    clk
    W5                   IBUF (Prop_ibuf_I_O)         0.414     0.414 r  clk_IBUF_inst/O
                         net (fo=1, routed)           0.685     1.099    clk_IBUF
    BUFGCTRL_X0Y0        BUFG (Prop_bufg_I_O)         0.029     1.128 r  clk_IBUF_BUFG_inst/O
                         net (fo=57, routed)          0.821     1.948    u_counter/clk_IBUF_BUFG
    SLICE_X56Y24         FDRE                                         r  u_counter/ms_ones_reg[2]/C
                         clock pessimism             -0.497     1.451    
    SLICE_X56Y24         FDRE (Hold_fdre_C_D)         0.120     1.571    u_counter/ms_ones_reg[2]
  -------------------------------------------------------------------
                         required time                         -1.571    
                         arrival time                           1.811    
  -------------------------------------------------------------------
                         slack                                  0.240    

Slack (MET) :             0.251ns  (arrival time - required time)
  Source:                 u_reset/action_reg/C
                            (rising edge-triggered cell FDRE clocked by sys_clk_pin  {rise@0.000ns fall@5.000ns period=10.000ns})
  Destination:            u_counter/ms_tens_reg[0]/D
                            (rising edge-triggered cell FDRE clocked by sys_clk_pin  {rise@0.000ns fall@5.000ns period=10.000ns})
  Path Group:             sys_clk_pin
  Path Type:              Hold (Min at Fast Process Corner)
  Requirement:            0.000ns  (sys_clk_pin rise@0.000ns - sys_clk_pin rise@0.000ns)
  Data Path Delay:        0.357ns  (logic 0.186ns (52.123%)  route 0.171ns (47.877%))
  Logic Levels:           1  (LUT5=1)
  Clock Path Skew:        0.015ns (DCD - SCD - CPR)
    Destination Clock Delay (DCD):    1.978ns
    Source Clock Delay      (SCD):    1.465ns
    Clock Pessimism Removal (CPR):    0.498ns

    Location             Delay type                Incr(ns)  Path(ns)    Netlist Resource(s)
  -------------------------------------------------------------------    -------------------
                         (clock sys_clk_pin rise edge)
                                                      0.000     0.000 r  
    W5                                                0.000     0.000 r  clk (IN)
                         net (fo=0)                   0.000     0.000    clk
    W5                   IBUF (Prop_ibuf_I_O)         0.226     0.226 r  clk_IBUF_inst/O
                         net (fo=1, routed)           0.631     0.858    clk_IBUF
    BUFGCTRL_X0Y0        BUFG (Prop_bufg_I_O)         0.026     0.884 r  clk_IBUF_BUFG_inst/O
                         net (fo=57, routed)          0.582     1.465    u_reset/clk_IBUF_BUFG
    SLICE_X58Y23         FDRE                                         r  u_reset/action_reg/C
  -------------------------------------------------------------------    -------------------
    SLICE_X58Y23         FDRE (Prop_fdre_C_Q)         0.141     1.606 r  u_reset/action_reg/Q
                         net (fo=12, routed)          0.171     1.777    u_reset/action
    SLICE_X59Y22         LUT5 (Prop_lut5_I3_O)        0.045     1.822 r  u_reset/ms_tens[0]_i_1/O
                         net (fo=1, routed)           0.000     1.822    u_counter/ms_tens_reg[0]_1
    SLICE_X59Y22         FDRE                                         r  u_counter/ms_tens_reg[0]/D
  -------------------------------------------------------------------    -------------------

                         (clock sys_clk_pin rise edge)
                                                      0.000     0.000 r  
    W5                                                0.000     0.000 r  clk (IN)
                         net (fo=0)                   0.000     0.000    clk
    W5                   IBUF (Prop_ibuf_I_O)         0.414     0.414 r  clk_IBUF_inst/O
                         net (fo=1, routed)           0.685     1.099    clk_IBUF
    BUFGCTRL_X0Y0        BUFG (Prop_bufg_I_O)         0.029     1.128 r  clk_IBUF_BUFG_inst/O
                         net (fo=57, routed)          0.851     1.978    u_counter/clk_IBUF_BUFG
    SLICE_X59Y22         FDRE                                         r  u_counter/ms_tens_reg[0]/C
                         clock pessimism             -0.498     1.480    
    SLICE_X59Y22         FDRE (Hold_fdre_C_D)         0.091     1.571    u_counter/ms_tens_reg[0]
  -------------------------------------------------------------------
                         required time                         -1.571    
                         arrival time                           1.822    
  -------------------------------------------------------------------
                         slack                                  0.251    

Slack (MET) :             0.254ns  (arrival time - required time)
  Source:                 refresh_counter_reg[2]/C
                            (rising edge-triggered cell FDRE clocked by sys_clk_pin  {rise@0.000ns fall@5.000ns period=10.000ns})
  Destination:            refresh_counter_reg[2]/D
                            (rising edge-triggered cell FDRE clocked by sys_clk_pin  {rise@0.000ns fall@5.000ns period=10.000ns})
  Path Group:             sys_clk_pin
  Path Type:              Hold (Min at Fast Process Corner)
  Requirement:            0.000ns  (sys_clk_pin rise@0.000ns - sys_clk_pin rise@0.000ns)
  Data Path Delay:        0.388ns  (logic 0.274ns (70.550%)  route 0.114ns (29.450%))
  Logic Levels:           1  (CARRY4=1)
  Clock Path Skew:        0.000ns (DCD - SCD - CPR)
    Destination Clock Delay (DCD):    1.978ns
    Source Clock Delay      (SCD):    1.467ns
    Clock Pessimism Removal (CPR):    0.511ns

    Location             Delay type                Incr(ns)  Path(ns)    Netlist Resource(s)
  -------------------------------------------------------------------    -------------------
                         (clock sys_clk_pin rise edge)
                                                      0.000     0.000 r  
    W5                                                0.000     0.000 r  clk (IN)
                         net (fo=0)                   0.000     0.000    clk
    W5                   IBUF (Prop_ibuf_I_O)         0.226     0.226 r  clk_IBUF_inst/O
                         net (fo=1, routed)           0.631     0.858    clk_IBUF
    BUFGCTRL_X0Y0        BUFG (Prop_bufg_I_O)         0.026     0.884 r  clk_IBUF_BUFG_inst/O
                         net (fo=57, routed)          0.584     1.467    clk_IBUF_BUFG
    SLICE_X60Y22         FDRE                                         r  refresh_counter_reg[2]/C
  -------------------------------------------------------------------    -------------------
    SLICE_X60Y22         FDRE (Prop_fdre_C_Q)         0.164     1.631 r  refresh_counter_reg[2]/Q
                         net (fo=1, routed)           0.114     1.746    refresh_counter_reg_n_0_[2]
    SLICE_X60Y22         CARRY4 (Prop_carry4_S[2]_O[2])
                                                      0.110     1.856 r  refresh_counter_reg[0]_i_1/O[2]
                         net (fo=1, routed)           0.000     1.856    refresh_counter_reg[0]_i_1_n_5
    SLICE_X60Y22         FDRE                                         r  refresh_counter_reg[2]/D
  -------------------------------------------------------------------    -------------------

                         (clock sys_clk_pin rise edge)
                                                      0.000     0.000 r  
    W5                                                0.000     0.000 r  clk (IN)
                         net (fo=0)                   0.000     0.000    clk
    W5                   IBUF (Prop_ibuf_I_O)         0.414     0.414 r  clk_IBUF_inst/O
                         net (fo=1, routed)           0.685     1.099    clk_IBUF
    BUFGCTRL_X0Y0        BUFG (Prop_bufg_I_O)         0.029     1.128 r  clk_IBUF_BUFG_inst/O
                         net (fo=57, routed)          0.851     1.978    clk_IBUF_BUFG
    SLICE_X60Y22         FDRE                                         r  refresh_counter_reg[2]/C
                         clock pessimism             -0.511     1.467    
    SLICE_X60Y22         FDRE (Hold_fdre_C_D)         0.134     1.601    refresh_counter_reg[2]
  -------------------------------------------------------------------
                         required time                         -1.601    
                         arrival time                           1.856    
  -------------------------------------------------------------------
                         slack                                  0.254    

Slack (MET) :             0.254ns  (arrival time - required time)
  Source:                 refresh_counter_reg[6]/C
                            (rising edge-triggered cell FDRE clocked by sys_clk_pin  {rise@0.000ns fall@5.000ns period=10.000ns})
  Destination:            refresh_counter_reg[6]/D
                            (rising edge-triggered cell FDRE clocked by sys_clk_pin  {rise@0.000ns fall@5.000ns period=10.000ns})
  Path Group:             sys_clk_pin
  Path Type:              Hold (Min at Fast Process Corner)
  Requirement:            0.000ns  (sys_clk_pin rise@0.000ns - sys_clk_pin rise@0.000ns)
  Data Path Delay:        0.388ns  (logic 0.274ns (70.550%)  route 0.114ns (29.450%))
  Logic Levels:           1  (CARRY4=1)
  Clock Path Skew:        0.000ns (DCD - SCD - CPR)
    Destination Clock Delay (DCD):    1.976ns
    Source Clock Delay      (SCD):    1.465ns
    Clock Pessimism Removal (CPR):    0.511ns

    Location             Delay type                Incr(ns)  Path(ns)    Netlist Resource(s)
  -------------------------------------------------------------------    -------------------
                         (clock sys_clk_pin rise edge)
                                                      0.000     0.000 r  
    W5                                                0.000     0.000 r  clk (IN)
                         net (fo=0)                   0.000     0.000    clk
    W5                   IBUF (Prop_ibuf_I_O)         0.226     0.226 r  clk_IBUF_inst/O
                         net (fo=1, routed)           0.631     0.858    clk_IBUF
    BUFGCTRL_X0Y0        BUFG (Prop_bufg_I_O)         0.026     0.884 r  clk_IBUF_BUFG_inst/O
                         net (fo=57, routed)          0.582     1.465    clk_IBUF_BUFG
    SLICE_X60Y23         FDRE                                         r  refresh_counter_reg[6]/C
  -------------------------------------------------------------------    -------------------
    SLICE_X60Y23         FDRE (Prop_fdre_C_Q)         0.164     1.629 r  refresh_counter_reg[6]/Q
                         net (fo=1, routed)           0.114     1.744    refresh_counter_reg_n_0_[6]
    SLICE_X60Y23         CARRY4 (Prop_carry4_S[2]_O[2])
                                                      0.110     1.854 r  refresh_counter_reg[4]_i_1/O[2]
                         net (fo=1, routed)           0.000     1.854    refresh_counter_reg[4]_i_1_n_5
    SLICE_X60Y23         FDRE                                         r  refresh_counter_reg[6]/D
  -------------------------------------------------------------------    -------------------

                         (clock sys_clk_pin rise edge)
                                                      0.000     0.000 r  
    W5                                                0.000     0.000 r  clk (IN)
                         net (fo=0)                   0.000     0.000    clk
    W5                   IBUF (Prop_ibuf_I_O)         0.414     0.414 r  clk_IBUF_inst/O
                         net (fo=1, routed)           0.685     1.099    clk_IBUF
    BUFGCTRL_X0Y0        BUFG (Prop_bufg_I_O)         0.029     1.128 r  clk_IBUF_BUFG_inst/O
                         net (fo=57, routed)          0.849     1.976    clk_IBUF_BUFG
    SLICE_X60Y23         FDRE                                         r  refresh_counter_reg[6]/C
                         clock pessimism             -0.511     1.465    
    SLICE_X60Y23         FDRE (Hold_fdre_C_D)         0.134     1.599    refresh_counter_reg[6]
  -------------------------------------------------------------------
                         required time                         -1.599    
                         arrival time                           1.854    
  -------------------------------------------------------------------
                         slack                                  0.254    

Slack (MET) :             0.263ns  (arrival time - required time)
  Source:                 u_counter/sec_tens_reg[0]/C
                            (rising edge-triggered cell FDRE clocked by sys_clk_pin  {rise@0.000ns fall@5.000ns period=10.000ns})
  Destination:            u_counter/sec_tens_reg[0]/D
                            (rising edge-triggered cell FDRE clocked by sys_clk_pin  {rise@0.000ns fall@5.000ns period=10.000ns})
  Path Group:             sys_clk_pin
  Path Type:              Hold (Min at Fast Process Corner)
  Requirement:            0.000ns  (sys_clk_pin rise@0.000ns - sys_clk_pin rise@0.000ns)
  Data Path Delay:        0.354ns  (logic 0.186ns (52.507%)  route 0.168ns (47.493%))
  Logic Levels:           1  (LUT6=1)
  Clock Path Skew:        0.000ns (DCD - SCD - CPR)
    Destination Clock Delay (DCD):    1.951ns
    Source Clock Delay      (SCD):    1.441ns
    Clock Pessimism Removal (CPR):    0.510ns

    Location             Delay type                Incr(ns)  Path(ns)    Netlist Resource(s)
  -------------------------------------------------------------------    -------------------
                         (clock sys_clk_pin rise edge)
                                                      0.000     0.000 r  
    W5                                                0.000     0.000 r  clk (IN)
                         net (fo=0)                   0.000     0.000    clk
    W5                   IBUF (Prop_ibuf_I_O)         0.226     0.226 r  clk_IBUF_inst/O
                         net (fo=1, routed)           0.631     0.858    clk_IBUF
    BUFGCTRL_X0Y0        BUFG (Prop_bufg_I_O)         0.026     0.884 r  clk_IBUF_BUFG_inst/O
                         net (fo=57, routed)          0.558     1.441    u_counter/clk_IBUF_BUFG
    SLICE_X57Y22         FDRE                                         r  u_counter/sec_tens_reg[0]/C
  -------------------------------------------------------------------    -------------------
    SLICE_X57Y22         FDRE (Prop_fdre_C_Q)         0.141     1.582 f  u_counter/sec_tens_reg[0]/Q
                         net (fo=7, routed)           0.168     1.750    u_reset/sec_tens_reg[0][0]
    SLICE_X57Y22         LUT6 (Prop_lut6_I5_O)        0.045     1.795 r  u_reset/sec_tens[0]_i_1/O
                         net (fo=1, routed)           0.000     1.795    u_counter/sec_tens_reg[3]_1[0]
    SLICE_X57Y22         FDRE                                         r  u_counter/sec_tens_reg[0]/D
  -------------------------------------------------------------------    -------------------

                         (clock sys_clk_pin rise edge)
                                                      0.000     0.000 r  
    W5                                                0.000     0.000 r  clk (IN)
                         net (fo=0)                   0.000     0.000    clk
    W5                   IBUF (Prop_ibuf_I_O)         0.414     0.414 r  clk_IBUF_inst/O
                         net (fo=1, routed)           0.685     1.099    clk_IBUF
    BUFGCTRL_X0Y0        BUFG (Prop_bufg_I_O)         0.029     1.128 r  clk_IBUF_BUFG_inst/O
                         net (fo=57, routed)          0.824     1.951    u_counter/clk_IBUF_BUFG
    SLICE_X57Y22         FDRE                                         r  u_counter/sec_tens_reg[0]/C
                         clock pessimism             -0.510     1.441    
    SLICE_X57Y22         FDRE (Hold_fdre_C_D)         0.091     1.532    u_counter/sec_tens_reg[0]
  -------------------------------------------------------------------
                         required time                         -1.532    
                         arrival time                           1.795    
  -------------------------------------------------------------------
                         slack                                  0.263    

Slack (MET) :             0.264ns  (arrival time - required time)
  Source:                 u_counter/sec_ones_reg[0]/C
                            (rising edge-triggered cell FDRE clocked by sys_clk_pin  {rise@0.000ns fall@5.000ns period=10.000ns})
  Destination:            u_counter/sec_ones_reg[0]/D
                            (rising edge-triggered cell FDRE clocked by sys_clk_pin  {rise@0.000ns fall@5.000ns period=10.000ns})
  Path Group:             sys_clk_pin
  Path Type:              Hold (Min at Fast Process Corner)
  Requirement:            0.000ns  (sys_clk_pin rise@0.000ns - sys_clk_pin rise@0.000ns)
  Data Path Delay:        0.384ns  (logic 0.209ns (54.384%)  route 0.175ns (45.616%))
  Logic Levels:           1  (LUT6=1)
  Clock Path Skew:        0.000ns (DCD - SCD - CPR)
    Destination Clock Delay (DCD):    1.949ns
    Source Clock Delay      (SCD):    1.439ns
    Clock Pessimism Removal (CPR):    0.510ns

    Location             Delay type                Incr(ns)  Path(ns)    Netlist Resource(s)
  -------------------------------------------------------------------    -------------------
                         (clock sys_clk_pin rise edge)
                                                      0.000     0.000 r  
    W5                                                0.000     0.000 r  clk (IN)
                         net (fo=0)                   0.000     0.000    clk
    W5                   IBUF (Prop_ibuf_I_O)         0.226     0.226 r  clk_IBUF_inst/O
                         net (fo=1, routed)           0.631     0.858    clk_IBUF
    BUFGCTRL_X0Y0        BUFG (Prop_bufg_I_O)         0.026     0.884 r  clk_IBUF_BUFG_inst/O
                         net (fo=57, routed)          0.556     1.439    u_counter/clk_IBUF_BUFG
    SLICE_X56Y23         FDRE                                         r  u_counter/sec_ones_reg[0]/C
  -------------------------------------------------------------------    -------------------
    SLICE_X56Y23         FDRE (Prop_fdre_C_Q)         0.164     1.603 f  u_counter/sec_ones_reg[0]/Q
                         net (fo=8, routed)           0.175     1.778    u_counter/sec_ones[0]
    SLICE_X56Y23         LUT6 (Prop_lut6_I0_O)        0.045     1.823 r  u_counter/sec_ones[0]_i_1/O
                         net (fo=1, routed)           0.000     1.823    u_counter/sec_ones[0]_i_1_n_0
    SLICE_X56Y23         FDRE                                         r  u_counter/sec_ones_reg[0]/D
  -------------------------------------------------------------------    -------------------

                         (clock sys_clk_pin rise edge)
                                                      0.000     0.000 r  
    W5                                                0.000     0.000 r  clk (IN)
                         net (fo=0)                   0.000     0.000    clk
    W5                   IBUF (Prop_ibuf_I_O)         0.414     0.414 r  clk_IBUF_inst/O
                         net (fo=1, routed)           0.685     1.099    clk_IBUF
    BUFGCTRL_X0Y0        BUFG (Prop_bufg_I_O)         0.029     1.128 r  clk_IBUF_BUFG_inst/O
                         net (fo=57, routed)          0.822     1.949    u_counter/clk_IBUF_BUFG
    SLICE_X56Y23         FDRE                                         r  u_counter/sec_ones_reg[0]/C
                         clock pessimism             -0.510     1.439    
    SLICE_X56Y23         FDRE (Hold_fdre_C_D)         0.120     1.559    u_counter/sec_ones_reg[0]
  -------------------------------------------------------------------
                         required time                         -1.559    
                         arrival time                           1.823    
  -------------------------------------------------------------------
                         slack                                  0.264    





Pulse Width Checks
--------------------------------------------------------------------------------------
Clock Name:         sys_clk_pin
Waveform(ns):       { 0.000 5.000 }
Period(ns):         10.000
Sources:            { clk }

Check Type        Corner  Lib Pin  Reference Pin  Required(ns)  Actual(ns)  Slack(ns)  Location       Pin
Min Period        n/a     BUFG/I   n/a            2.155         10.000      7.845      BUFGCTRL_X0Y0  clk_IBUF_BUFG_inst/I
Min Period        n/a     FDRE/C   n/a            1.000         10.000      9.000      SLICE_X60Y22   refresh_counter_reg[0]/C
Min Period        n/a     FDRE/C   n/a            1.000         10.000      9.000      SLICE_X60Y24   refresh_counter_reg[10]/C
Min Period        n/a     FDRE/C   n/a            1.000         10.000      9.000      SLICE_X60Y24   refresh_counter_reg[11]/C
Min Period        n/a     FDRE/C   n/a            1.000         10.000      9.000      SLICE_X60Y25   refresh_counter_reg[12]/C
Min Period        n/a     FDRE/C   n/a            1.000         10.000      9.000      SLICE_X60Y25   refresh_counter_reg[13]/C
Min Period        n/a     FDRE/C   n/a            1.000         10.000      9.000      SLICE_X60Y25   refresh_counter_reg[14]/C
Min Period        n/a     FDRE/C   n/a            1.000         10.000      9.000      SLICE_X60Y25   refresh_counter_reg[15]/C
Min Period        n/a     FDRE/C   n/a            1.000         10.000      9.000      SLICE_X60Y22   refresh_counter_reg[1]/C
Min Period        n/a     FDRE/C   n/a            1.000         10.000      9.000      SLICE_X60Y22   refresh_counter_reg[2]/C
Low Pulse Width   Slow    FDRE/C   n/a            0.500         5.000       4.500      SLICE_X60Y22   refresh_counter_reg[0]/C
Low Pulse Width   Fast    FDRE/C   n/a            0.500         5.000       4.500      SLICE_X60Y22   refresh_counter_reg[0]/C
Low Pulse Width   Slow    FDRE/C   n/a            0.500         5.000       4.500      SLICE_X60Y24   refresh_counter_reg[10]/C
Low Pulse Width   Fast    FDRE/C   n/a            0.500         5.000       4.500      SLICE_X60Y24   refresh_counter_reg[10]/C
Low Pulse Width   Slow    FDRE/C   n/a            0.500         5.000       4.500      SLICE_X60Y24   refresh_counter_reg[11]/C
Low Pulse Width   Fast    FDRE/C   n/a            0.500         5.000       4.500      SLICE_X60Y24   refresh_counter_reg[11]/C
Low Pulse Width   Slow    FDRE/C   n/a            0.500         5.000       4.500      SLICE_X60Y25   refresh_counter_reg[12]/C
Low Pulse Width   Fast    FDRE/C   n/a            0.500         5.000       4.500      SLICE_X60Y25   refresh_counter_reg[12]/C
Low Pulse Width   Slow    FDRE/C   n/a            0.500         5.000       4.500      SLICE_X60Y25   refresh_counter_reg[13]/C
Low Pulse Width   Fast    FDRE/C   n/a            0.500         5.000       4.500      SLICE_X60Y25   refresh_counter_reg[13]/C
High Pulse Width  Slow    FDRE/C   n/a            0.500         5.000       4.500      SLICE_X60Y22   refresh_counter_reg[0]/C
High Pulse Width  Fast    FDRE/C   n/a            0.500         5.000       4.500      SLICE_X60Y22   refresh_counter_reg[0]/C
High Pulse Width  Slow    FDRE/C   n/a            0.500         5.000       4.500      SLICE_X60Y24   refresh_counter_reg[10]/C
High Pulse Width  Fast    FDRE/C   n/a            0.500         5.000       4.500      SLICE_X60Y24   refresh_counter_reg[10]/C
High Pulse Width  Slow    FDRE/C   n/a            0.500         5.000       4.500      SLICE_X60Y24   refresh_counter_reg[11]/C
High Pulse Width  Fast    FDRE/C   n/a            0.500         5.000       4.500      SLICE_X60Y24   refresh_counter_reg[11]/C
High Pulse Width  Slow    FDRE/C   n/a            0.500         5.000       4.500      SLICE_X60Y25   refresh_counter_reg[12]/C
High Pulse Width  Fast    FDRE/C   n/a            0.500         5.000       4.500      SLICE_X60Y25   refresh_counter_reg[12]/C
High Pulse Width  Slow    FDRE/C   n/a            0.500         5.000       4.500      SLICE_X60Y25   refresh_counter_reg[13]/C
High Pulse Width  Fast    FDRE/C   n/a            0.500         5.000       4.500      SLICE_X60Y25   refresh_counter_reg[13]/C



--------------------------------------------------------------------------------------
Path Group:  (none)
From Clock:  
  To Clock:  

Max Delay             7 Endpoints
Min Delay             7 Endpoints
--------------------------------------------------------------------------------------


Max Delay Paths
--------------------------------------------------------------------------------------
Slack:                    inf
  Source:                 u_seg/seg_reg[6]/G
                            (positive level-sensitive latch)
  Destination:            seg[6]
                            (output port)
  Path Group:             (none)
  Path Type:              Max at Slow Process Corner
  Data Path Delay:        6.198ns  (logic 4.090ns (66.001%)  route 2.107ns (33.999%))
  Logic Levels:           2  (LDCE=1 OBUF=1)

    Location             Delay type                Incr(ns)  Path(ns)    Netlist Resource(s)
  -------------------------------------------------------------------    -------------------
    SLICE_X59Y21         LDCE                         0.000     0.000 r  u_seg/seg_reg[6]/G
    SLICE_X59Y21         LDCE (EnToQ_ldce_G_Q)        0.559     0.559 r  u_seg/seg_reg[6]/Q
                         net (fo=1, routed)           2.107     2.666    seg_OBUF[6]
    U7                   OBUF (Prop_obuf_I_O)         3.531     6.198 r  seg_OBUF[6]_inst/O
                         net (fo=0)                   0.000     6.198    seg[6]
    U7                                                                r  seg[6] (OUT)
  -------------------------------------------------------------------    -------------------

Slack:                    inf
  Source:                 u_seg/seg_reg[0]/G
                            (positive level-sensitive latch)
  Destination:            seg[0]
                            (output port)
  Path Group:             (none)
  Path Type:              Max at Slow Process Corner
  Data Path Delay:        6.017ns  (logic 4.070ns (67.633%)  route 1.948ns (32.367%))
  Logic Levels:           2  (LDCE=1 OBUF=1)

    Location             Delay type                Incr(ns)  Path(ns)    Netlist Resource(s)
  -------------------------------------------------------------------    -------------------
    SLICE_X59Y21         LDCE                         0.000     0.000 r  u_seg/seg_reg[0]/G
    SLICE_X59Y21         LDCE (EnToQ_ldce_G_Q)        0.559     0.559 r  u_seg/seg_reg[0]/Q
                         net (fo=1, routed)           1.948     2.507    seg_OBUF[0]
    W7                   OBUF (Prop_obuf_I_O)         3.511     6.017 r  seg_OBUF[0]_inst/O
                         net (fo=0)                   0.000     6.017    seg[0]
    W7                                                                r  seg[0] (OUT)
  -------------------------------------------------------------------    -------------------

Slack:                    inf
  Source:                 u_seg/seg_reg[2]/G
                            (positive level-sensitive latch)
  Destination:            seg[2]
                            (output port)
  Path Group:             (none)
  Path Type:              Max at Slow Process Corner
  Data Path Delay:        5.982ns  (logic 4.160ns (69.541%)  route 1.822ns (30.459%))
  Logic Levels:           2  (LDCE=1 OBUF=1)

    Location             Delay type                Incr(ns)  Path(ns)    Netlist Resource(s)
  -------------------------------------------------------------------    -------------------
    SLICE_X60Y21         LDCE                         0.000     0.000 r  u_seg/seg_reg[2]/G
    SLICE_X60Y21         LDCE (EnToQ_ldce_G_Q)        0.625     0.625 r  u_seg/seg_reg[2]/Q
                         net (fo=1, routed)           1.822     2.447    seg_OBUF[2]
    U8                   OBUF (Prop_obuf_I_O)         3.535     5.982 r  seg_OBUF[2]_inst/O
                         net (fo=0)                   0.000     5.982    seg[2]
    U8                                                                r  seg[2] (OUT)
  -------------------------------------------------------------------    -------------------

Slack:                    inf
  Source:                 u_seg/seg_reg[4]/G
                            (positive level-sensitive latch)
  Destination:            seg[4]
                            (output port)
  Path Group:             (none)
  Path Type:              Max at Slow Process Corner
  Data Path Delay:        5.968ns  (logic 4.079ns (68.351%)  route 1.889ns (31.649%))
  Logic Levels:           2  (LDCE=1 OBUF=1)

    Location             Delay type                Incr(ns)  Path(ns)    Netlist Resource(s)
  -------------------------------------------------------------------    -------------------
    SLICE_X59Y21         LDCE                         0.000     0.000 r  u_seg/seg_reg[4]/G
    SLICE_X59Y21         LDCE (EnToQ_ldce_G_Q)        0.559     0.559 r  u_seg/seg_reg[4]/Q
                         net (fo=1, routed)           1.889     2.448    seg_OBUF[4]
    U5                   OBUF (Prop_obuf_I_O)         3.520     5.968 r  seg_OBUF[4]_inst/O
                         net (fo=0)                   0.000     5.968    seg[4]
    U5                                                                r  seg[4] (OUT)
  -------------------------------------------------------------------    -------------------

Slack:                    inf
  Source:                 u_seg/seg_reg[3]/G
                            (positive level-sensitive latch)
  Destination:            seg[3]
                            (output port)
  Path Group:             (none)
  Path Type:              Max at Slow Process Corner
  Data Path Delay:        5.910ns  (logic 4.095ns (69.287%)  route 1.815ns (30.713%))
  Logic Levels:           2  (LDCE=1 OBUF=1)

    Location             Delay type                Incr(ns)  Path(ns)    Netlist Resource(s)
  -------------------------------------------------------------------    -------------------
    SLICE_X59Y21         LDCE                         0.000     0.000 r  u_seg/seg_reg[3]/G
    SLICE_X59Y21         LDCE (EnToQ_ldce_G_Q)        0.559     0.559 r  u_seg/seg_reg[3]/Q
                         net (fo=1, routed)           1.815     2.374    seg_OBUF[3]
    V8                   OBUF (Prop_obuf_I_O)         3.536     5.910 r  seg_OBUF[3]_inst/O
                         net (fo=0)                   0.000     5.910    seg[3]
    V8                                                                r  seg[3] (OUT)
  -------------------------------------------------------------------    -------------------

Slack:                    inf
  Source:                 u_seg/seg_reg[5]/G
                            (positive level-sensitive latch)
  Destination:            seg[5]
                            (output port)
  Path Group:             (none)
  Path Type:              Max at Slow Process Corner
  Data Path Delay:        5.848ns  (logic 4.129ns (70.616%)  route 1.718ns (29.384%))
  Logic Levels:           2  (LDCE=1 OBUF=1)

    Location             Delay type                Incr(ns)  Path(ns)    Netlist Resource(s)
  -------------------------------------------------------------------    -------------------
    SLICE_X60Y21         LDCE                         0.000     0.000 r  u_seg/seg_reg[5]/G
    SLICE_X60Y21         LDCE (EnToQ_ldce_G_Q)        0.625     0.625 r  u_seg/seg_reg[5]/Q
                         net (fo=1, routed)           1.718     2.343    seg_OBUF[5]
    V5                   OBUF (Prop_obuf_I_O)         3.504     5.848 r  seg_OBUF[5]_inst/O
                         net (fo=0)                   0.000     5.848    seg[5]
    V5                                                                r  seg[5] (OUT)
  -------------------------------------------------------------------    -------------------

Slack:                    inf
  Source:                 u_seg/seg_reg[1]/G
                            (positive level-sensitive latch)
  Destination:            seg[1]
                            (output port)
  Path Group:             (none)
  Path Type:              Max at Slow Process Corner
  Data Path Delay:        5.766ns  (logic 4.088ns (70.904%)  route 1.678ns (29.096%))
  Logic Levels:           2  (LDCE=1 OBUF=1)

    Location             Delay type                Incr(ns)  Path(ns)    Netlist Resource(s)
  -------------------------------------------------------------------    -------------------
    SLICE_X59Y23         LDCE                         0.000     0.000 r  u_seg/seg_reg[1]/G
    SLICE_X59Y23         LDCE (EnToQ_ldce_G_Q)        0.559     0.559 r  u_seg/seg_reg[1]/Q
                         net (fo=1, routed)           1.678     2.237    seg_OBUF[1]
    W6                   OBUF (Prop_obuf_I_O)         3.529     5.766 r  seg_OBUF[1]_inst/O
                         net (fo=0)                   0.000     5.766    seg[1]
    W6                                                                r  seg[1] (OUT)
  -------------------------------------------------------------------    -------------------





Min Delay Paths
--------------------------------------------------------------------------------------
Slack:                    inf
  Source:                 u_seg/seg_reg[1]/G
                            (positive level-sensitive latch)
  Destination:            seg[1]
                            (output port)
  Path Group:             (none)
  Path Type:              Min at Fast Process Corner
  Data Path Delay:        1.714ns  (logic 1.388ns (80.998%)  route 0.326ns (19.002%))
  Logic Levels:           2  (LDCE=1 OBUF=1)

    Location             Delay type                Incr(ns)  Path(ns)    Netlist Resource(s)
  -------------------------------------------------------------------    -------------------
    SLICE_X59Y23         LDCE                         0.000     0.000 r  u_seg/seg_reg[1]/G
    SLICE_X59Y23         LDCE (EnToQ_ldce_G_Q)        0.158     0.158 r  u_seg/seg_reg[1]/Q
                         net (fo=1, routed)           0.326     0.484    seg_OBUF[1]
    W6                   OBUF (Prop_obuf_I_O)         1.230     1.714 r  seg_OBUF[1]_inst/O
                         net (fo=0)                   0.000     1.714    seg[1]
    W6                                                                r  seg[1] (OUT)
  -------------------------------------------------------------------    -------------------

Slack:                    inf
  Source:                 u_seg/seg_reg[5]/G
                            (positive level-sensitive latch)
  Destination:            seg[5]
                            (output port)
  Path Group:             (none)
  Path Type:              Min at Fast Process Corner
  Data Path Delay:        1.743ns  (logic 1.384ns (79.387%)  route 0.359ns (20.613%))
  Logic Levels:           2  (LDCE=1 OBUF=1)

    Location             Delay type                Incr(ns)  Path(ns)    Netlist Resource(s)
  -------------------------------------------------------------------    -------------------
    SLICE_X60Y21         LDCE                         0.000     0.000 r  u_seg/seg_reg[5]/G
    SLICE_X60Y21         LDCE (EnToQ_ldce_G_Q)        0.178     0.178 r  u_seg/seg_reg[5]/Q
                         net (fo=1, routed)           0.359     0.537    seg_OBUF[5]
    V5                   OBUF (Prop_obuf_I_O)         1.206     1.743 r  seg_OBUF[5]_inst/O
                         net (fo=0)                   0.000     1.743    seg[5]
    V5                                                                r  seg[5] (OUT)
  -------------------------------------------------------------------    -------------------

Slack:                    inf
  Source:                 u_seg/seg_reg[3]/G
                            (positive level-sensitive latch)
  Destination:            seg[3]
                            (output port)
  Path Group:             (none)
  Path Type:              Min at Fast Process Corner
  Data Path Delay:        1.770ns  (logic 1.394ns (78.760%)  route 0.376ns (21.240%))
  Logic Levels:           2  (LDCE=1 OBUF=1)

    Location             Delay type                Incr(ns)  Path(ns)    Netlist Resource(s)
  -------------------------------------------------------------------    -------------------
    SLICE_X59Y21         LDCE                         0.000     0.000 r  u_seg/seg_reg[3]/G
    SLICE_X59Y21         LDCE (EnToQ_ldce_G_Q)        0.158     0.158 r  u_seg/seg_reg[3]/Q
                         net (fo=1, routed)           0.376     0.534    seg_OBUF[3]
    V8                   OBUF (Prop_obuf_I_O)         1.236     1.770 r  seg_OBUF[3]_inst/O
                         net (fo=0)                   0.000     1.770    seg[3]
    V8                                                                r  seg[3] (OUT)
  -------------------------------------------------------------------    -------------------

Slack:                    inf
  Source:                 u_seg/seg_reg[2]/G
                            (positive level-sensitive latch)
  Destination:            seg[2]
                            (output port)
  Path Group:             (none)
  Path Type:              Min at Fast Process Corner
  Data Path Delay:        1.802ns  (logic 1.414ns (78.461%)  route 0.388ns (21.539%))
  Logic Levels:           2  (LDCE=1 OBUF=1)

    Location             Delay type                Incr(ns)  Path(ns)    Netlist Resource(s)
  -------------------------------------------------------------------    -------------------
    SLICE_X60Y21         LDCE                         0.000     0.000 r  u_seg/seg_reg[2]/G
    SLICE_X60Y21         LDCE (EnToQ_ldce_G_Q)        0.178     0.178 r  u_seg/seg_reg[2]/Q
                         net (fo=1, routed)           0.388     0.566    seg_OBUF[2]
    U8                   OBUF (Prop_obuf_I_O)         1.236     1.802 r  seg_OBUF[2]_inst/O
                         net (fo=0)                   0.000     1.802    seg[2]
    U8                                                                r  seg[2] (OUT)
  -------------------------------------------------------------------    -------------------

Slack:                    inf
  Source:                 u_seg/seg_reg[4]/G
                            (positive level-sensitive latch)
  Destination:            seg[4]
                            (output port)
  Path Group:             (none)
  Path Type:              Min at Fast Process Corner
  Data Path Delay:        1.803ns  (logic 1.379ns (76.498%)  route 0.424ns (23.502%))
  Logic Levels:           2  (LDCE=1 OBUF=1)

    Location             Delay type                Incr(ns)  Path(ns)    Netlist Resource(s)
  -------------------------------------------------------------------    -------------------
    SLICE_X59Y21         LDCE                         0.000     0.000 r  u_seg/seg_reg[4]/G
    SLICE_X59Y21         LDCE (EnToQ_ldce_G_Q)        0.158     0.158 r  u_seg/seg_reg[4]/Q
                         net (fo=1, routed)           0.424     0.582    seg_OBUF[4]
    U5                   OBUF (Prop_obuf_I_O)         1.221     1.803 r  seg_OBUF[4]_inst/O
                         net (fo=0)                   0.000     1.803    seg[4]
    U5                                                                r  seg[4] (OUT)
  -------------------------------------------------------------------    -------------------

Slack:                    inf
  Source:                 u_seg/seg_reg[0]/G
                            (positive level-sensitive latch)
  Destination:            seg[0]
                            (output port)
  Path Group:             (none)
  Path Type:              Min at Fast Process Corner
  Data Path Delay:        1.853ns  (logic 1.370ns (73.905%)  route 0.484ns (26.095%))
  Logic Levels:           2  (LDCE=1 OBUF=1)

    Location             Delay type                Incr(ns)  Path(ns)    Netlist Resource(s)
  -------------------------------------------------------------------    -------------------
    SLICE_X59Y21         LDCE                         0.000     0.000 r  u_seg/seg_reg[0]/G
    SLICE_X59Y21         LDCE (EnToQ_ldce_G_Q)        0.158     0.158 r  u_seg/seg_reg[0]/Q
                         net (fo=1, routed)           0.484     0.642    seg_OBUF[0]
    W7                   OBUF (Prop_obuf_I_O)         1.212     1.853 r  seg_OBUF[0]_inst/O
                         net (fo=0)                   0.000     1.853    seg[0]
    W7                                                                r  seg[0] (OUT)
  -------------------------------------------------------------------    -------------------

Slack:                    inf
  Source:                 u_seg/seg_reg[6]/G
                            (positive level-sensitive latch)
  Destination:            seg[6]
                            (output port)
  Path Group:             (none)
  Path Type:              Min at Fast Process Corner
  Data Path Delay:        1.878ns  (logic 1.390ns (74.014%)  route 0.488ns (25.986%))
  Logic Levels:           2  (LDCE=1 OBUF=1)

    Location             Delay type                Incr(ns)  Path(ns)    Netlist Resource(s)
  -------------------------------------------------------------------    -------------------
    SLICE_X59Y21         LDCE                         0.000     0.000 r  u_seg/seg_reg[6]/G
    SLICE_X59Y21         LDCE (EnToQ_ldce_G_Q)        0.158     0.158 r  u_seg/seg_reg[6]/Q
                         net (fo=1, routed)           0.488     0.646    seg_OBUF[6]
    U7                   OBUF (Prop_obuf_I_O)         1.232     1.878 r  seg_OBUF[6]_inst/O
                         net (fo=0)                   0.000     1.878    seg[6]
    U7                                                                r  seg[6] (OUT)
  -------------------------------------------------------------------    -------------------





--------------------------------------------------------------------------------------
Path Group:  (none)
From Clock:  sys_clk_pin
  To Clock:  

Max Delay            12 Endpoints
Min Delay            12 Endpoints
--------------------------------------------------------------------------------------


Max Delay Paths
--------------------------------------------------------------------------------------
Slack:                    inf
  Source:                 refresh_counter_reg[15]/C
                            (rising edge-triggered cell FDRE clocked by sys_clk_pin  {rise@0.000ns fall@5.000ns period=10.000ns})
  Destination:            an[0]
                            (output port)
  Path Group:             (none)
  Path Type:              Max at Slow Process Corner
  Data Path Delay:        7.351ns  (logic 4.373ns (59.490%)  route 2.978ns (40.510%))
  Logic Levels:           2  (LUT2=1 OBUF=1)
  Clock Uncertainty:      0.025ns  ((TSJ^2 + TIJ^2)^1/2 + DJ) / 2 + PE
    Total System Jitter     (TSJ):    0.050ns
    Total Input Jitter      (TIJ):    0.000ns
    Discrete Jitter          (DJ):    0.000ns
    Phase Error              (PE):    0.000ns

    Location             Delay type                Incr(ns)  Path(ns)    Netlist Resource(s)
  -------------------------------------------------------------------    -------------------
                         (clock sys_clk_pin rise edge)
                                                      0.000     0.000 r  
    W5                                                0.000     0.000 r  clk (IN)
                         net (fo=0)                   0.000     0.000    clk
    W5                   IBUF (Prop_ibuf_I_O)         1.458     1.458 r  clk_IBUF_inst/O
                         net (fo=1, routed)           1.967     3.425    clk_IBUF
    BUFGCTRL_X0Y0        BUFG (Prop_bufg_I_O)         0.096     3.521 r  clk_IBUF_BUFG_inst/O
                         net (fo=57, routed)          1.617     5.138    clk_IBUF_BUFG
    SLICE_X60Y25         FDRE                                         r  refresh_counter_reg[15]/C
  -------------------------------------------------------------------    -------------------
    SLICE_X60Y25         FDRE (Prop_fdre_C_Q)         0.518     5.656 r  refresh_counter_reg[15]/Q
                         net (fo=9, routed)           1.113     6.770    digit[1]
    SLICE_X62Y25         LUT2 (Prop_lut2_I0_O)        0.150     6.920 r  an_OBUF[0]_inst_i_1/O
                         net (fo=1, routed)           1.864     8.784    an_OBUF[0]
    U2                   OBUF (Prop_obuf_I_O)         3.705    12.489 r  an_OBUF[0]_inst/O
                         net (fo=0)                   0.000    12.489    an[0]
    U2                                                                r  an[0] (OUT)
  -------------------------------------------------------------------    -------------------

Slack:                    inf
  Source:                 refresh_counter_reg[14]/C
                            (rising edge-triggered cell FDRE clocked by sys_clk_pin  {rise@0.000ns fall@5.000ns period=10.000ns})
  Destination:            dp
                            (output port)
  Path Group:             (none)
  Path Type:              Max at Slow Process Corner
  Data Path Delay:        7.276ns  (logic 4.140ns (56.897%)  route 3.136ns (43.103%))
  Logic Levels:           2  (LUT2=1 OBUF=1)
  Clock Uncertainty:      0.025ns  ((TSJ^2 + TIJ^2)^1/2 + DJ) / 2 + PE
    Total System Jitter     (TSJ):    0.050ns
    Total Input Jitter      (TIJ):    0.000ns
    Discrete Jitter          (DJ):    0.000ns
    Phase Error              (PE):    0.000ns

    Location             Delay type                Incr(ns)  Path(ns)    Netlist Resource(s)
  -------------------------------------------------------------------    -------------------
                         (clock sys_clk_pin rise edge)
                                                      0.000     0.000 r  
    W5                                                0.000     0.000 r  clk (IN)
                         net (fo=0)                   0.000     0.000    clk
    W5                   IBUF (Prop_ibuf_I_O)         1.458     1.458 r  clk_IBUF_inst/O
                         net (fo=1, routed)           1.967     3.425    clk_IBUF
    BUFGCTRL_X0Y0        BUFG (Prop_bufg_I_O)         0.096     3.521 r  clk_IBUF_BUFG_inst/O
                         net (fo=57, routed)          1.617     5.138    clk_IBUF_BUFG
    SLICE_X60Y25         FDRE                                         r  refresh_counter_reg[14]/C
  -------------------------------------------------------------------    -------------------
    SLICE_X60Y25         FDRE (Prop_fdre_C_Q)         0.518     5.656 r  refresh_counter_reg[14]/Q
                         net (fo=9, routed)           0.847     6.503    digit[0]
    SLICE_X62Y25         LUT2 (Prop_lut2_I0_O)        0.124     6.627 r  an_OBUF[2]_inst_i_1/O
                         net (fo=2, routed)           2.289     8.916    dp_OBUF
    V7                   OBUF (Prop_obuf_I_O)         3.498    12.414 r  dp_OBUF_inst/O
                         net (fo=0)                   0.000    12.414    dp
    V7                                                                r  dp (OUT)
  -------------------------------------------------------------------    -------------------

Slack:                    inf
  Source:                 refresh_counter_reg[15]/C
                            (rising edge-triggered cell FDRE clocked by sys_clk_pin  {rise@0.000ns fall@5.000ns period=10.000ns})
  Destination:            an[1]
                            (output port)
  Path Group:             (none)
  Path Type:              Max at Slow Process Corner
  Data Path Delay:        7.113ns  (logic 4.141ns (58.221%)  route 2.972ns (41.779%))
  Logic Levels:           2  (LUT2=1 OBUF=1)
  Clock Uncertainty:      0.025ns  ((TSJ^2 + TIJ^2)^1/2 + DJ) / 2 + PE
    Total System Jitter     (TSJ):    0.050ns
    Total Input Jitter      (TIJ):    0.000ns
    Discrete Jitter          (DJ):    0.000ns
    Phase Error              (PE):    0.000ns

    Location             Delay type                Incr(ns)  Path(ns)    Netlist Resource(s)
  -------------------------------------------------------------------    -------------------
                         (clock sys_clk_pin rise edge)
                                                      0.000     0.000 r  
    W5                                                0.000     0.000 r  clk (IN)
                         net (fo=0)                   0.000     0.000    clk
    W5                   IBUF (Prop_ibuf_I_O)         1.458     1.458 r  clk_IBUF_inst/O
                         net (fo=1, routed)           1.967     3.425    clk_IBUF
    BUFGCTRL_X0Y0        BUFG (Prop_bufg_I_O)         0.096     3.521 r  clk_IBUF_BUFG_inst/O
                         net (fo=57, routed)          1.617     5.138    clk_IBUF_BUFG
    SLICE_X60Y25         FDRE                                         r  refresh_counter_reg[15]/C
  -------------------------------------------------------------------    -------------------
    SLICE_X60Y25         FDRE (Prop_fdre_C_Q)         0.518     5.656 r  refresh_counter_reg[15]/Q
                         net (fo=9, routed)           1.113     6.770    digit[1]
    SLICE_X62Y25         LUT2 (Prop_lut2_I0_O)        0.124     6.894 r  an_OBUF[1]_inst_i_1/O
                         net (fo=1, routed)           1.858     8.752    an_OBUF[1]
    U4                   OBUF (Prop_obuf_I_O)         3.499    12.251 r  an_OBUF[1]_inst/O
                         net (fo=0)                   0.000    12.251    an[1]
    U4                                                                r  an[1] (OUT)
  -------------------------------------------------------------------    -------------------

Slack:                    inf
  Source:                 refresh_counter_reg[14]/C
                            (rising edge-triggered cell FDRE clocked by sys_clk_pin  {rise@0.000ns fall@5.000ns period=10.000ns})
  Destination:            an[3]
                            (output port)
  Path Group:             (none)
  Path Type:              Max at Slow Process Corner
  Data Path Delay:        7.037ns  (logic 4.388ns (62.363%)  route 2.648ns (37.637%))
  Logic Levels:           2  (LUT2=1 OBUF=1)
  Clock Uncertainty:      0.025ns  ((TSJ^2 + TIJ^2)^1/2 + DJ) / 2 + PE
    Total System Jitter     (TSJ):    0.050ns
    Total Input Jitter      (TIJ):    0.000ns
    Discrete Jitter          (DJ):    0.000ns
    Phase Error              (PE):    0.000ns

    Location             Delay type                Incr(ns)  Path(ns)    Netlist Resource(s)
  -------------------------------------------------------------------    -------------------
                         (clock sys_clk_pin rise edge)
                                                      0.000     0.000 r  
    W5                                                0.000     0.000 r  clk (IN)
                         net (fo=0)                   0.000     0.000    clk
    W5                   IBUF (Prop_ibuf_I_O)         1.458     1.458 r  clk_IBUF_inst/O
                         net (fo=1, routed)           1.967     3.425    clk_IBUF
    BUFGCTRL_X0Y0        BUFG (Prop_bufg_I_O)         0.096     3.521 r  clk_IBUF_BUFG_inst/O
                         net (fo=57, routed)          1.617     5.138    clk_IBUF_BUFG
    SLICE_X60Y25         FDRE                                         r  refresh_counter_reg[14]/C
  -------------------------------------------------------------------    -------------------
    SLICE_X60Y25         FDRE (Prop_fdre_C_Q)         0.518     5.656 f  refresh_counter_reg[14]/Q
                         net (fo=9, routed)           0.847     6.503    digit[0]
    SLICE_X62Y25         LUT2 (Prop_lut2_I1_O)        0.152     6.655 r  an_OBUF[3]_inst_i_1/O
                         net (fo=1, routed)           1.801     8.457    an_OBUF[3]
    W4                   OBUF (Prop_obuf_I_O)         3.718    12.175 r  an_OBUF[3]_inst/O
                         net (fo=0)                   0.000    12.175    an[3]
    W4                                                                r  an[3] (OUT)
  -------------------------------------------------------------------    -------------------

Slack:                    inf
  Source:                 refresh_counter_reg[14]/C
                            (rising edge-triggered cell FDRE clocked by sys_clk_pin  {rise@0.000ns fall@5.000ns period=10.000ns})
  Destination:            an[2]
                            (output port)
  Path Group:             (none)
  Path Type:              Max at Slow Process Corner
  Data Path Delay:        6.723ns  (logic 4.165ns (61.949%)  route 2.558ns (38.051%))
  Logic Levels:           2  (LUT2=1 OBUF=1)
  Clock Uncertainty:      0.025ns  ((TSJ^2 + TIJ^2)^1/2 + DJ) / 2 + PE
    Total System Jitter     (TSJ):    0.050ns
    Total Input Jitter      (TIJ):    0.000ns
    Discrete Jitter          (DJ):    0.000ns
    Phase Error              (PE):    0.000ns

    Location             Delay type                Incr(ns)  Path(ns)    Netlist Resource(s)
  -------------------------------------------------------------------    -------------------
                         (clock sys_clk_pin rise edge)
                                                      0.000     0.000 r  
    W5                                                0.000     0.000 r  clk (IN)
                         net (fo=0)                   0.000     0.000    clk
    W5                   IBUF (Prop_ibuf_I_O)         1.458     1.458 r  clk_IBUF_inst/O
                         net (fo=1, routed)           1.967     3.425    clk_IBUF
    BUFGCTRL_X0Y0        BUFG (Prop_bufg_I_O)         0.096     3.521 r  clk_IBUF_BUFG_inst/O
                         net (fo=57, routed)          1.617     5.138    clk_IBUF_BUFG
    SLICE_X60Y25         FDRE                                         r  refresh_counter_reg[14]/C
  -------------------------------------------------------------------    -------------------
    SLICE_X60Y25         FDRE (Prop_fdre_C_Q)         0.518     5.656 r  refresh_counter_reg[14]/Q
                         net (fo=9, routed)           0.847     6.503    digit[0]
    SLICE_X62Y25         LUT2 (Prop_lut2_I0_O)        0.124     6.627 r  an_OBUF[2]_inst_i_1/O
                         net (fo=2, routed)           1.711     8.339    dp_OBUF
    V4                   OBUF (Prop_obuf_I_O)         3.523    11.862 r  an_OBUF[2]_inst/O
                         net (fo=0)                   0.000    11.862    an[2]
    V4                                                                r  an[2] (OUT)
  -------------------------------------------------------------------    -------------------

Slack:                    inf
  Source:                 u_counter/ms_tens_reg[0]/C
                            (rising edge-triggered cell FDRE clocked by sys_clk_pin  {rise@0.000ns fall@5.000ns period=10.000ns})
  Destination:            u_seg/seg_reg[4]/D
  Path Group:             (none)
  Path Type:              Max at Slow Process Corner
  Data Path Delay:        3.645ns  (logic 0.730ns (20.028%)  route 2.915ns (79.972%))
  Logic Levels:           2  (LUT4=1 LUT6=1)
  Clock Uncertainty:      0.025ns  ((TSJ^2 + TIJ^2)^1/2 + DJ) / 2 + PE
    Total System Jitter     (TSJ):    0.050ns
    Total Input Jitter      (TIJ):    0.000ns
    Discrete Jitter          (DJ):    0.000ns
    Phase Error              (PE):    0.000ns

    Location             Delay type                Incr(ns)  Path(ns)    Netlist Resource(s)
  -------------------------------------------------------------------    -------------------
                         (clock sys_clk_pin rise edge)
                                                      0.000     0.000 r  
    W5                                                0.000     0.000 r  clk (IN)
                         net (fo=0)                   0.000     0.000    clk
    W5                   IBUF (Prop_ibuf_I_O)         1.458     1.458 r  clk_IBUF_inst/O
                         net (fo=1, routed)           1.967     3.425    clk_IBUF
    BUFGCTRL_X0Y0        BUFG (Prop_bufg_I_O)         0.096     3.521 r  clk_IBUF_BUFG_inst/O
                         net (fo=57, routed)          1.620     5.141    u_counter/clk_IBUF_BUFG
    SLICE_X59Y22         FDRE                                         r  u_counter/ms_tens_reg[0]/C
  -------------------------------------------------------------------    -------------------
    SLICE_X59Y22         FDRE (Prop_fdre_C_Q)         0.456     5.597 r  u_counter/ms_tens_reg[0]/Q
                         net (fo=8, routed)           1.142     6.740    u_counter/ms_tens_reg[0]_0[0]
    SLICE_X61Y23         LUT6 (Prop_lut6_I1_O)        0.124     6.864 f  u_counter/seg_reg[6]_i_3/O
                         net (fo=7, routed)           0.974     7.838    u_counter/seg_reg[6]_i_3_n_0
    SLICE_X59Y21         LUT4 (Prop_lut4_I3_O)        0.150     7.988 r  u_counter/seg_reg[4]_i_1/O
                         net (fo=1, routed)           0.798     8.786    u_seg/D[4]
    SLICE_X59Y21         LDCE                                         r  u_seg/seg_reg[4]/D
  -------------------------------------------------------------------    -------------------

Slack:                    inf
  Source:                 u_counter/ms_tens_reg[0]/C
                            (rising edge-triggered cell FDRE clocked by sys_clk_pin  {rise@0.000ns fall@5.000ns period=10.000ns})
  Destination:            u_seg/seg_reg[5]/D
  Path Group:             (none)
  Path Type:              Max at Slow Process Corner
  Data Path Delay:        3.374ns  (logic 0.732ns (21.698%)  route 2.642ns (78.302%))
  Logic Levels:           2  (LUT4=1 LUT6=1)
  Clock Uncertainty:      0.025ns  ((TSJ^2 + TIJ^2)^1/2 + DJ) / 2 + PE
    Total System Jitter     (TSJ):    0.050ns
    Total Input Jitter      (TIJ):    0.000ns
    Discrete Jitter          (DJ):    0.000ns
    Phase Error              (PE):    0.000ns

    Location             Delay type                Incr(ns)  Path(ns)    Netlist Resource(s)
  -------------------------------------------------------------------    -------------------
                         (clock sys_clk_pin rise edge)
                                                      0.000     0.000 r  
    W5                                                0.000     0.000 r  clk (IN)
                         net (fo=0)                   0.000     0.000    clk
    W5                   IBUF (Prop_ibuf_I_O)         1.458     1.458 r  clk_IBUF_inst/O
                         net (fo=1, routed)           1.967     3.425    clk_IBUF
    BUFGCTRL_X0Y0        BUFG (Prop_bufg_I_O)         0.096     3.521 r  clk_IBUF_BUFG_inst/O
                         net (fo=57, routed)          1.620     5.141    u_counter/clk_IBUF_BUFG
    SLICE_X59Y22         FDRE                                         r  u_counter/ms_tens_reg[0]/C
  -------------------------------------------------------------------    -------------------
    SLICE_X59Y22         FDRE (Prop_fdre_C_Q)         0.456     5.597 r  u_counter/ms_tens_reg[0]/Q
                         net (fo=8, routed)           1.142     6.740    u_counter/ms_tens_reg[0]_0[0]
    SLICE_X61Y23         LUT6 (Prop_lut6_I1_O)        0.124     6.864 f  u_counter/seg_reg[6]_i_3/O
                         net (fo=7, routed)           0.983     7.847    u_counter/seg_reg[6]_i_3_n_0
    SLICE_X59Y21         LUT4 (Prop_lut4_I1_O)        0.152     7.999 r  u_counter/seg_reg[5]_i_1/O
                         net (fo=1, routed)           0.516     8.515    u_seg/D[5]
    SLICE_X60Y21         LDCE                                         r  u_seg/seg_reg[5]/D
  -------------------------------------------------------------------    -------------------

Slack:                    inf
  Source:                 u_counter/ms_tens_reg[0]/C
                            (rising edge-triggered cell FDRE clocked by sys_clk_pin  {rise@0.000ns fall@5.000ns period=10.000ns})
  Destination:            u_seg/seg_reg[1]/D
  Path Group:             (none)
  Path Type:              Max at Slow Process Corner
  Data Path Delay:        3.351ns  (logic 0.704ns (21.009%)  route 2.647ns (78.991%))
  Logic Levels:           2  (LUT4=1 LUT6=1)
  Clock Uncertainty:      0.025ns  ((TSJ^2 + TIJ^2)^1/2 + DJ) / 2 + PE
    Total System Jitter     (TSJ):    0.050ns
    Total Input Jitter      (TIJ):    0.000ns
    Discrete Jitter          (DJ):    0.000ns
    Phase Error              (PE):    0.000ns

    Location             Delay type                Incr(ns)  Path(ns)    Netlist Resource(s)
  -------------------------------------------------------------------    -------------------
                         (clock sys_clk_pin rise edge)
                                                      0.000     0.000 r  
    W5                                                0.000     0.000 r  clk (IN)
                         net (fo=0)                   0.000     0.000    clk
    W5                   IBUF (Prop_ibuf_I_O)         1.458     1.458 r  clk_IBUF_inst/O
                         net (fo=1, routed)           1.967     3.425    clk_IBUF
    BUFGCTRL_X0Y0        BUFG (Prop_bufg_I_O)         0.096     3.521 r  clk_IBUF_BUFG_inst/O
                         net (fo=57, routed)          1.620     5.141    u_counter/clk_IBUF_BUFG
    SLICE_X59Y22         FDRE                                         r  u_counter/ms_tens_reg[0]/C
  -------------------------------------------------------------------    -------------------
    SLICE_X59Y22         FDRE (Prop_fdre_C_Q)         0.456     5.597 f  u_counter/ms_tens_reg[0]/Q
                         net (fo=8, routed)           1.142     6.740    u_counter/ms_tens_reg[0]_0[0]
    SLICE_X61Y23         LUT6 (Prop_lut6_I1_O)        0.124     6.864 r  u_counter/seg_reg[6]_i_3/O
                         net (fo=7, routed)           0.983     7.847    u_counter/seg_reg[6]_i_3_n_0
    SLICE_X59Y21         LUT4 (Prop_lut4_I1_O)        0.124     7.971 r  u_counter/seg_reg[1]_i_1/O
                         net (fo=1, routed)           0.521     8.492    u_seg/D[1]
    SLICE_X59Y23         LDCE                                         r  u_seg/seg_reg[1]/D
  -------------------------------------------------------------------    -------------------

Slack:                    inf
  Source:                 u_counter/ms_ones_reg[2]/C
                            (rising edge-triggered cell FDRE clocked by sys_clk_pin  {rise@0.000ns fall@5.000ns period=10.000ns})
  Destination:            u_seg/seg_reg[6]/D
  Path Group:             (none)
  Path Type:              Max at Slow Process Corner
  Data Path Delay:        3.419ns  (logic 0.796ns (23.281%)  route 2.623ns (76.719%))
  Logic Levels:           2  (LUT4=1 LUT6=1)
  Clock Uncertainty:      0.025ns  ((TSJ^2 + TIJ^2)^1/2 + DJ) / 2 + PE
    Total System Jitter     (TSJ):    0.050ns
    Total Input Jitter      (TIJ):    0.000ns
    Discrete Jitter          (DJ):    0.000ns
    Phase Error              (PE):    0.000ns

    Location             Delay type                Incr(ns)  Path(ns)    Netlist Resource(s)
  -------------------------------------------------------------------    -------------------
                         (clock sys_clk_pin rise edge)
                                                      0.000     0.000 r  
    W5                                                0.000     0.000 r  clk (IN)
                         net (fo=0)                   0.000     0.000    clk
    W5                   IBUF (Prop_ibuf_I_O)         1.458     1.458 r  clk_IBUF_inst/O
                         net (fo=1, routed)           1.967     3.425    clk_IBUF
    BUFGCTRL_X0Y0        BUFG (Prop_bufg_I_O)         0.096     3.521 r  clk_IBUF_BUFG_inst/O
                         net (fo=57, routed)          1.551     5.072    u_counter/clk_IBUF_BUFG
    SLICE_X56Y24         FDRE                                         r  u_counter/ms_ones_reg[2]/C
  -------------------------------------------------------------------    -------------------
    SLICE_X56Y24         FDRE (Prop_fdre_C_Q)         0.518     5.590 f  u_counter/ms_ones_reg[2]/Q
                         net (fo=6, routed)           1.050     6.640    u_counter/ms_ones[2]
    SLICE_X59Y23         LUT6 (Prop_lut6_I0_O)        0.124     6.764 r  u_counter/seg_reg[6]_i_4/O
                         net (fo=8, routed)           1.050     7.814    u_counter/seg_reg[6]_i_4_n_0
    SLICE_X59Y21         LUT4 (Prop_lut4_I1_O)        0.154     7.968 r  u_counter/seg_reg[6]_i_1/O
                         net (fo=1, routed)           0.524     8.491    u_seg/D[6]
    SLICE_X59Y21         LDCE                                         r  u_seg/seg_reg[6]/D
  -------------------------------------------------------------------    -------------------

Slack:                    inf
  Source:                 u_counter/ms_ones_reg[2]/C
                            (rising edge-triggered cell FDRE clocked by sys_clk_pin  {rise@0.000ns fall@5.000ns period=10.000ns})
  Destination:            u_seg/seg_reg[3]/D
  Path Group:             (none)
  Path Type:              Max at Slow Process Corner
  Data Path Delay:        3.395ns  (logic 0.766ns (22.563%)  route 2.629ns (77.437%))
  Logic Levels:           2  (LUT4=1 LUT6=1)
  Clock Uncertainty:      0.025ns  ((TSJ^2 + TIJ^2)^1/2 + DJ) / 2 + PE
    Total System Jitter     (TSJ):    0.050ns
    Total Input Jitter      (TIJ):    0.000ns
    Discrete Jitter          (DJ):    0.000ns
    Phase Error              (PE):    0.000ns

    Location             Delay type                Incr(ns)  Path(ns)    Netlist Resource(s)
  -------------------------------------------------------------------    -------------------
                         (clock sys_clk_pin rise edge)
                                                      0.000     0.000 r  
    W5                                                0.000     0.000 r  clk (IN)
                         net (fo=0)                   0.000     0.000    clk
    W5                   IBUF (Prop_ibuf_I_O)         1.458     1.458 r  clk_IBUF_inst/O
                         net (fo=1, routed)           1.967     3.425    clk_IBUF
    BUFGCTRL_X0Y0        BUFG (Prop_bufg_I_O)         0.096     3.521 r  clk_IBUF_BUFG_inst/O
                         net (fo=57, routed)          1.551     5.072    u_counter/clk_IBUF_BUFG
    SLICE_X56Y24         FDRE                                         r  u_counter/ms_ones_reg[2]/C
  -------------------------------------------------------------------    -------------------
    SLICE_X56Y24         FDRE (Prop_fdre_C_Q)         0.518     5.590 f  u_counter/ms_ones_reg[2]/Q
                         net (fo=6, routed)           1.050     6.640    u_counter/ms_ones[2]
    SLICE_X59Y23         LUT6 (Prop_lut6_I0_O)        0.124     6.764 r  u_counter/seg_reg[6]_i_4/O
                         net (fo=8, routed)           1.050     7.814    u_counter/seg_reg[6]_i_4_n_0
    SLICE_X59Y21         LUT4 (Prop_lut4_I3_O)        0.124     7.938 r  u_counter/seg_reg[3]_i_1/O
                         net (fo=1, routed)           0.529     8.467    u_seg/D[3]
    SLICE_X59Y21         LDCE                                         r  u_seg/seg_reg[3]/D
  -------------------------------------------------------------------    -------------------





Min Delay Paths
--------------------------------------------------------------------------------------
Slack:                    inf
  Source:                 u_counter/sec_ones_reg[2]/C
                            (rising edge-triggered cell FDRE clocked by sys_clk_pin  {rise@0.000ns fall@5.000ns period=10.000ns})
  Destination:            u_seg/seg_reg[0]/D
  Path Group:             (none)
  Path Type:              Min at Fast Process Corner
  Data Path Delay:        0.692ns  (logic 0.231ns (33.378%)  route 0.461ns (66.622%))
  Logic Levels:           2  (LUT4=1 LUT6=1)
  Clock Uncertainty:      0.025ns  ((TSJ^2 + TIJ^2)^1/2 + DJ) / 2 + PE
    Total System Jitter     (TSJ):    0.050ns
    Total Input Jitter      (TIJ):    0.000ns
    Discrete Jitter          (DJ):    0.000ns
    Phase Error              (PE):    0.000ns

    Location             Delay type                Incr(ns)  Path(ns)    Netlist Resource(s)
  -------------------------------------------------------------------    -------------------
                         (clock sys_clk_pin rise edge)
                                                      0.000     0.000 r  
    W5                                                0.000     0.000 r  clk (IN)
                         net (fo=0)                   0.000     0.000    clk
    W5                   IBUF (Prop_ibuf_I_O)         0.226     0.226 r  clk_IBUF_inst/O
                         net (fo=1, routed)           0.631     0.858    clk_IBUF
    BUFGCTRL_X0Y0        BUFG (Prop_bufg_I_O)         0.026     0.884 r  clk_IBUF_BUFG_inst/O
                         net (fo=57, routed)          0.581     1.464    u_counter/clk_IBUF_BUFG
    SLICE_X59Y24         FDRE                                         r  u_counter/sec_ones_reg[2]/C
  -------------------------------------------------------------------    -------------------
    SLICE_X59Y24         FDRE (Prop_fdre_C_Q)         0.141     1.605 f  u_counter/sec_ones_reg[2]/Q
                         net (fo=7, routed)           0.162     1.768    u_counter/sec_ones[2]
    SLICE_X59Y23         LUT6 (Prop_lut6_I2_O)        0.045     1.813 r  u_counter/seg_reg[6]_i_4/O
                         net (fo=8, routed)           0.299     2.111    u_counter/seg_reg[6]_i_4_n_0
    SLICE_X59Y21         LUT4 (Prop_lut4_I2_O)        0.045     2.156 r  u_counter/seg_reg[0]_i_1/O
                         net (fo=1, routed)           0.000     2.156    u_seg/D[0]
    SLICE_X59Y21         LDCE                                         r  u_seg/seg_reg[0]/D
  -------------------------------------------------------------------    -------------------

Slack:                    inf
  Source:                 u_counter/sec_ones_reg[2]/C
                            (rising edge-triggered cell FDRE clocked by sys_clk_pin  {rise@0.000ns fall@5.000ns period=10.000ns})
  Destination:            u_seg/seg_reg[2]/D
  Path Group:             (none)
  Path Type:              Min at Fast Process Corner
  Data Path Delay:        0.798ns  (logic 0.232ns (29.084%)  route 0.566ns (70.916%))
  Logic Levels:           2  (LUT4=1 LUT6=1)
  Clock Uncertainty:      0.025ns  ((TSJ^2 + TIJ^2)^1/2 + DJ) / 2 + PE
    Total System Jitter     (TSJ):    0.050ns
    Total Input Jitter      (TIJ):    0.000ns
    Discrete Jitter          (DJ):    0.000ns
    Phase Error              (PE):    0.000ns

    Location             Delay type                Incr(ns)  Path(ns)    Netlist Resource(s)
  -------------------------------------------------------------------    -------------------
                         (clock sys_clk_pin rise edge)
                                                      0.000     0.000 r  
    W5                                                0.000     0.000 r  clk (IN)
                         net (fo=0)                   0.000     0.000    clk
    W5                   IBUF (Prop_ibuf_I_O)         0.226     0.226 r  clk_IBUF_inst/O
                         net (fo=1, routed)           0.631     0.858    clk_IBUF
    BUFGCTRL_X0Y0        BUFG (Prop_bufg_I_O)         0.026     0.884 r  clk_IBUF_BUFG_inst/O
                         net (fo=57, routed)          0.581     1.464    u_counter/clk_IBUF_BUFG
    SLICE_X59Y24         FDRE                                         r  u_counter/sec_ones_reg[2]/C
  -------------------------------------------------------------------    -------------------
    SLICE_X59Y24         FDRE (Prop_fdre_C_Q)         0.141     1.605 f  u_counter/sec_ones_reg[2]/Q
                         net (fo=7, routed)           0.162     1.768    u_counter/sec_ones[2]
    SLICE_X59Y23         LUT6 (Prop_lut6_I2_O)        0.045     1.813 r  u_counter/seg_reg[6]_i_4/O
                         net (fo=8, routed)           0.299     2.111    u_counter/seg_reg[6]_i_4_n_0
    SLICE_X59Y21         LUT4 (Prop_lut4_I1_O)        0.046     2.157 r  u_counter/seg_reg[2]_i_1/O
                         net (fo=1, routed)           0.105     2.262    u_seg/D[2]
    SLICE_X60Y21         LDCE                                         r  u_seg/seg_reg[2]/D
  -------------------------------------------------------------------    -------------------

Slack:                    inf
  Source:                 u_counter/ms_tens_reg[1]/C
                            (rising edge-triggered cell FDRE clocked by sys_clk_pin  {rise@0.000ns fall@5.000ns period=10.000ns})
  Destination:            u_seg/seg_reg[3]/D
  Path Group:             (none)
  Path Type:              Min at Fast Process Corner
  Data Path Delay:        0.795ns  (logic 0.231ns (29.047%)  route 0.564ns (70.953%))
  Logic Levels:           2  (LUT4=1 LUT6=1)
  Clock Uncertainty:      0.025ns  ((TSJ^2 + TIJ^2)^1/2 + DJ) / 2 + PE
    Total System Jitter     (TSJ):    0.050ns
    Total Input Jitter      (TIJ):    0.000ns
    Discrete Jitter          (DJ):    0.000ns
    Phase Error              (PE):    0.000ns

    Location             Delay type                Incr(ns)  Path(ns)    Netlist Resource(s)
  -------------------------------------------------------------------    -------------------
                         (clock sys_clk_pin rise edge)
                                                      0.000     0.000 r  
    W5                                                0.000     0.000 r  clk (IN)
                         net (fo=0)                   0.000     0.000    clk
    W5                   IBUF (Prop_ibuf_I_O)         0.226     0.226 r  clk_IBUF_inst/O
                         net (fo=1, routed)           0.631     0.858    clk_IBUF
    BUFGCTRL_X0Y0        BUFG (Prop_bufg_I_O)         0.026     0.884 r  clk_IBUF_BUFG_inst/O
                         net (fo=57, routed)          0.584     1.467    u_counter/clk_IBUF_BUFG
    SLICE_X59Y22         FDRE                                         r  u_counter/ms_tens_reg[1]/C
  -------------------------------------------------------------------    -------------------
    SLICE_X59Y22         FDRE (Prop_fdre_C_Q)         0.141     1.608 f  u_counter/ms_tens_reg[1]/Q
                         net (fo=7, routed)           0.231     1.839    u_counter/ms_tens[1]
    SLICE_X59Y23         LUT6 (Prop_lut6_I1_O)        0.045     1.884 r  u_counter/seg_reg[6]_i_5/O
                         net (fo=8, routed)           0.160     2.044    u_counter/seg_reg[6]_i_5_n_0
    SLICE_X59Y21         LUT4 (Prop_lut4_I0_O)        0.045     2.089 r  u_counter/seg_reg[3]_i_1/O
                         net (fo=1, routed)           0.173     2.262    u_seg/D[3]
    SLICE_X59Y21         LDCE                                         r  u_seg/seg_reg[3]/D
  -------------------------------------------------------------------    -------------------

Slack:                    inf
  Source:                 u_counter/ms_tens_reg[1]/C
                            (rising edge-triggered cell FDRE clocked by sys_clk_pin  {rise@0.000ns fall@5.000ns period=10.000ns})
  Destination:            u_seg/seg_reg[6]/D
  Path Group:             (none)
  Path Type:              Min at Fast Process Corner
  Data Path Delay:        0.801ns  (logic 0.237ns (29.572%)  route 0.564ns (70.428%))
  Logic Levels:           2  (LUT4=1 LUT6=1)
  Clock Uncertainty:      0.025ns  ((TSJ^2 + TIJ^2)^1/2 + DJ) / 2 + PE
    Total System Jitter     (TSJ):    0.050ns
    Total Input Jitter      (TIJ):    0.000ns
    Discrete Jitter          (DJ):    0.000ns
    Phase Error              (PE):    0.000ns

    Location             Delay type                Incr(ns)  Path(ns)    Netlist Resource(s)
  -------------------------------------------------------------------    -------------------
                         (clock sys_clk_pin rise edge)
                                                      0.000     0.000 r  
    W5                                                0.000     0.000 r  clk (IN)
                         net (fo=0)                   0.000     0.000    clk
    W5                   IBUF (Prop_ibuf_I_O)         0.226     0.226 r  clk_IBUF_inst/O
                         net (fo=1, routed)           0.631     0.858    clk_IBUF
    BUFGCTRL_X0Y0        BUFG (Prop_bufg_I_O)         0.026     0.884 r  clk_IBUF_BUFG_inst/O
                         net (fo=57, routed)          0.584     1.467    u_counter/clk_IBUF_BUFG
    SLICE_X59Y22         FDRE                                         r  u_counter/ms_tens_reg[1]/C
  -------------------------------------------------------------------    -------------------
    SLICE_X59Y22         FDRE (Prop_fdre_C_Q)         0.141     1.608 f  u_counter/ms_tens_reg[1]/Q
                         net (fo=7, routed)           0.231     1.839    u_counter/ms_tens[1]
    SLICE_X59Y23         LUT6 (Prop_lut6_I1_O)        0.045     1.884 r  u_counter/seg_reg[6]_i_5/O
                         net (fo=8, routed)           0.160     2.044    u_counter/seg_reg[6]_i_5_n_0
    SLICE_X59Y21         LUT4 (Prop_lut4_I2_O)        0.051     2.095 r  u_counter/seg_reg[6]_i_1/O
                         net (fo=1, routed)           0.174     2.269    u_seg/D[6]
    SLICE_X59Y21         LDCE                                         r  u_seg/seg_reg[6]/D
  -------------------------------------------------------------------    -------------------

Slack:                    inf
  Source:                 u_counter/sec_ones_reg[2]/C
                            (rising edge-triggered cell FDRE clocked by sys_clk_pin  {rise@0.000ns fall@5.000ns period=10.000ns})
  Destination:            u_seg/seg_reg[5]/D
  Path Group:             (none)
  Path Type:              Min at Fast Process Corner
  Data Path Delay:        0.809ns  (logic 0.235ns (29.045%)  route 0.574ns (70.956%))
  Logic Levels:           2  (LUT4=1 LUT6=1)
  Clock Uncertainty:      0.025ns  ((TSJ^2 + TIJ^2)^1/2 + DJ) / 2 + PE
    Total System Jitter     (TSJ):    0.050ns
    Total Input Jitter      (TIJ):    0.000ns
    Discrete Jitter          (DJ):    0.000ns
    Phase Error              (PE):    0.000ns

    Location             Delay type                Incr(ns)  Path(ns)    Netlist Resource(s)
  -------------------------------------------------------------------    -------------------
                         (clock sys_clk_pin rise edge)
                                                      0.000     0.000 r  
    W5                                                0.000     0.000 r  clk (IN)
                         net (fo=0)                   0.000     0.000    clk
    W5                   IBUF (Prop_ibuf_I_O)         0.226     0.226 r  clk_IBUF_inst/O
                         net (fo=1, routed)           0.631     0.858    clk_IBUF
    BUFGCTRL_X0Y0        BUFG (Prop_bufg_I_O)         0.026     0.884 r  clk_IBUF_BUFG_inst/O
                         net (fo=57, routed)          0.581     1.464    u_counter/clk_IBUF_BUFG
    SLICE_X59Y24         FDRE                                         r  u_counter/sec_ones_reg[2]/C
  -------------------------------------------------------------------    -------------------
    SLICE_X59Y24         FDRE (Prop_fdre_C_Q)         0.141     1.605 f  u_counter/sec_ones_reg[2]/Q
                         net (fo=7, routed)           0.162     1.768    u_counter/sec_ones[2]
    SLICE_X59Y23         LUT6 (Prop_lut6_I2_O)        0.045     1.813 r  u_counter/seg_reg[6]_i_4/O
                         net (fo=8, routed)           0.247     2.059    u_counter/seg_reg[6]_i_4_n_0
    SLICE_X59Y21         LUT4 (Prop_lut4_I0_O)        0.049     2.108 r  u_counter/seg_reg[5]_i_1/O
                         net (fo=1, routed)           0.165     2.273    u_seg/D[5]
    SLICE_X60Y21         LDCE                                         r  u_seg/seg_reg[5]/D
  -------------------------------------------------------------------    -------------------

Slack:                    inf
  Source:                 u_counter/sec_ones_reg[2]/C
                            (rising edge-triggered cell FDRE clocked by sys_clk_pin  {rise@0.000ns fall@5.000ns period=10.000ns})
  Destination:            u_seg/seg_reg[1]/D
  Path Group:             (none)
  Path Type:              Min at Fast Process Corner
  Data Path Delay:        0.816ns  (logic 0.231ns (28.295%)  route 0.585ns (71.705%))
  Logic Levels:           2  (LUT4=1 LUT6=1)
  Clock Uncertainty:      0.025ns  ((TSJ^2 + TIJ^2)^1/2 + DJ) / 2 + PE
    Total System Jitter     (TSJ):    0.050ns
    Total Input Jitter      (TIJ):    0.000ns
    Discrete Jitter          (DJ):    0.000ns
    Phase Error              (PE):    0.000ns

    Location             Delay type                Incr(ns)  Path(ns)    Netlist Resource(s)
  -------------------------------------------------------------------    -------------------
                         (clock sys_clk_pin rise edge)
                                                      0.000     0.000 r  
    W5                                                0.000     0.000 r  clk (IN)
                         net (fo=0)                   0.000     0.000    clk
    W5                   IBUF (Prop_ibuf_I_O)         0.226     0.226 r  clk_IBUF_inst/O
                         net (fo=1, routed)           0.631     0.858    clk_IBUF
    BUFGCTRL_X0Y0        BUFG (Prop_bufg_I_O)         0.026     0.884 r  clk_IBUF_BUFG_inst/O
                         net (fo=57, routed)          0.581     1.464    u_counter/clk_IBUF_BUFG
    SLICE_X59Y24         FDRE                                         r  u_counter/sec_ones_reg[2]/C
  -------------------------------------------------------------------    -------------------
    SLICE_X59Y24         FDRE (Prop_fdre_C_Q)         0.141     1.605 r  u_counter/sec_ones_reg[2]/Q
                         net (fo=7, routed)           0.162     1.768    u_counter/sec_ones[2]
    SLICE_X59Y23         LUT6 (Prop_lut6_I2_O)        0.045     1.813 f  u_counter/seg_reg[6]_i_4/O
                         net (fo=8, routed)           0.247     2.059    u_counter/seg_reg[6]_i_4_n_0
    SLICE_X59Y21         LUT4 (Prop_lut4_I0_O)        0.045     2.104 r  u_counter/seg_reg[1]_i_1/O
                         net (fo=1, routed)           0.176     2.281    u_seg/D[1]
    SLICE_X59Y23         LDCE                                         r  u_seg/seg_reg[1]/D
  -------------------------------------------------------------------    -------------------

Slack:                    inf
  Source:                 u_counter/sec_ones_reg[2]/C
                            (rising edge-triggered cell FDRE clocked by sys_clk_pin  {rise@0.000ns fall@5.000ns period=10.000ns})
  Destination:            u_seg/seg_reg[4]/D
  Path Group:             (none)
  Path Type:              Min at Fast Process Corner
  Data Path Delay:        0.983ns  (logic 0.230ns (23.389%)  route 0.753ns (76.611%))
  Logic Levels:           2  (LUT4=1 LUT6=1)
  Clock Uncertainty:      0.025ns  ((TSJ^2 + TIJ^2)^1/2 + DJ) / 2 + PE
    Total System Jitter     (TSJ):    0.050ns
    Total Input Jitter      (TIJ):    0.000ns
    Discrete Jitter          (DJ):    0.000ns
    Phase Error              (PE):    0.000ns

    Location             Delay type                Incr(ns)  Path(ns)    Netlist Resource(s)
  -------------------------------------------------------------------    -------------------
                         (clock sys_clk_pin rise edge)
                                                      0.000     0.000 r  
    W5                                                0.000     0.000 r  clk (IN)
                         net (fo=0)                   0.000     0.000    clk
    W5                   IBUF (Prop_ibuf_I_O)         0.226     0.226 r  clk_IBUF_inst/O
                         net (fo=1, routed)           0.631     0.858    clk_IBUF
    BUFGCTRL_X0Y0        BUFG (Prop_bufg_I_O)         0.026     0.884 r  clk_IBUF_BUFG_inst/O
                         net (fo=57, routed)          0.581     1.464    u_counter/clk_IBUF_BUFG
    SLICE_X59Y24         FDRE                                         r  u_counter/sec_ones_reg[2]/C
  -------------------------------------------------------------------    -------------------
    SLICE_X59Y24         FDRE (Prop_fdre_C_Q)         0.141     1.605 r  u_counter/sec_ones_reg[2]/Q
                         net (fo=7, routed)           0.162     1.768    u_counter/sec_ones[2]
    SLICE_X59Y23         LUT6 (Prop_lut6_I2_O)        0.045     1.813 f  u_counter/seg_reg[6]_i_4/O
                         net (fo=8, routed)           0.197     2.009    u_counter/seg_reg[6]_i_4_n_0
    SLICE_X59Y21         LUT4 (Prop_lut4_I0_O)        0.044     2.053 r  u_counter/seg_reg[4]_i_1/O
                         net (fo=1, routed)           0.394     2.447    u_seg/D[4]
    SLICE_X59Y21         LDCE                                         r  u_seg/seg_reg[4]/D
  -------------------------------------------------------------------    -------------------

Slack:                    inf
  Source:                 refresh_counter_reg[15]/C
                            (rising edge-triggered cell FDRE clocked by sys_clk_pin  {rise@0.000ns fall@5.000ns period=10.000ns})
  Destination:            an[2]
                            (output port)
  Path Group:             (none)
  Path Type:              Min at Fast Process Corner
  Data Path Delay:        2.004ns  (logic 1.433ns (71.490%)  route 0.571ns (28.510%))
  Logic Levels:           2  (LUT2=1 OBUF=1)
  Clock Uncertainty:      0.025ns  ((TSJ^2 + TIJ^2)^1/2 + DJ) / 2 + PE
    Total System Jitter     (TSJ):    0.050ns
    Total Input Jitter      (TIJ):    0.000ns
    Discrete Jitter          (DJ):    0.000ns
    Phase Error              (PE):    0.000ns

    Location             Delay type                Incr(ns)  Path(ns)    Netlist Resource(s)
  -------------------------------------------------------------------    -------------------
                         (clock sys_clk_pin rise edge)
                                                      0.000     0.000 r  
    W5                                                0.000     0.000 r  clk (IN)
                         net (fo=0)                   0.000     0.000    clk
    W5                   IBUF (Prop_ibuf_I_O)         0.226     0.226 r  clk_IBUF_inst/O
                         net (fo=1, routed)           0.631     0.858    clk_IBUF
    BUFGCTRL_X0Y0        BUFG (Prop_bufg_I_O)         0.026     0.884 r  clk_IBUF_BUFG_inst/O
                         net (fo=57, routed)          0.581     1.464    clk_IBUF_BUFG
    SLICE_X60Y25         FDRE                                         r  refresh_counter_reg[15]/C
  -------------------------------------------------------------------    -------------------
    SLICE_X60Y25         FDRE (Prop_fdre_C_Q)         0.164     1.628 f  refresh_counter_reg[15]/Q
                         net (fo=9, routed)           0.206     1.834    digit[1]
    SLICE_X62Y25         LUT2 (Prop_lut2_I1_O)        0.045     1.879 r  an_OBUF[2]_inst_i_1/O
                         net (fo=2, routed)           0.365     2.245    dp_OBUF
    V4                   OBUF (Prop_obuf_I_O)         1.224     3.469 r  an_OBUF[2]_inst/O
                         net (fo=0)                   0.000     3.469    an[2]
    V4                                                                r  an[2] (OUT)
  -------------------------------------------------------------------    -------------------

Slack:                    inf
  Source:                 refresh_counter_reg[15]/C
                            (rising edge-triggered cell FDRE clocked by sys_clk_pin  {rise@0.000ns fall@5.000ns period=10.000ns})
  Destination:            an[3]
                            (output port)
  Path Group:             (none)
  Path Type:              Min at Fast Process Corner
  Data Path Delay:        2.078ns  (logic 1.487ns (71.579%)  route 0.591ns (28.421%))
  Logic Levels:           2  (LUT2=1 OBUF=1)
  Clock Uncertainty:      0.025ns  ((TSJ^2 + TIJ^2)^1/2 + DJ) / 2 + PE
    Total System Jitter     (TSJ):    0.050ns
    Total Input Jitter      (TIJ):    0.000ns
    Discrete Jitter          (DJ):    0.000ns
    Phase Error              (PE):    0.000ns

    Location             Delay type                Incr(ns)  Path(ns)    Netlist Resource(s)
  -------------------------------------------------------------------    -------------------
                         (clock sys_clk_pin rise edge)
                                                      0.000     0.000 r  
    W5                                                0.000     0.000 r  clk (IN)
                         net (fo=0)                   0.000     0.000    clk
    W5                   IBUF (Prop_ibuf_I_O)         0.226     0.226 r  clk_IBUF_inst/O
                         net (fo=1, routed)           0.631     0.858    clk_IBUF
    BUFGCTRL_X0Y0        BUFG (Prop_bufg_I_O)         0.026     0.884 r  clk_IBUF_BUFG_inst/O
                         net (fo=57, routed)          0.581     1.464    clk_IBUF_BUFG
    SLICE_X60Y25         FDRE                                         r  refresh_counter_reg[15]/C
  -------------------------------------------------------------------    -------------------
    SLICE_X60Y25         FDRE (Prop_fdre_C_Q)         0.164     1.628 f  refresh_counter_reg[15]/Q
                         net (fo=9, routed)           0.206     1.834    digit[1]
    SLICE_X62Y25         LUT2 (Prop_lut2_I0_O)        0.045     1.879 r  an_OBUF[3]_inst_i_1/O
                         net (fo=1, routed)           0.384     2.264    an_OBUF[3]
    W4                   OBUF (Prop_obuf_I_O)         1.278     3.542 r  an_OBUF[3]_inst/O
                         net (fo=0)                   0.000     3.542    an[3]
    W4                                                                r  an[3] (OUT)
  -------------------------------------------------------------------    -------------------

Slack:                    inf
  Source:                 refresh_counter_reg[14]/C
                            (rising edge-triggered cell FDRE clocked by sys_clk_pin  {rise@0.000ns fall@5.000ns period=10.000ns})
  Destination:            an[1]
                            (output port)
  Path Group:             (none)
  Path Type:              Min at Fast Process Corner
  Data Path Delay:        2.129ns  (logic 1.409ns (66.202%)  route 0.719ns (33.798%))
  Logic Levels:           2  (LUT2=1 OBUF=1)
  Clock Uncertainty:      0.025ns  ((TSJ^2 + TIJ^2)^1/2 + DJ) / 2 + PE
    Total System Jitter     (TSJ):    0.050ns
    Total Input Jitter      (TIJ):    0.000ns
    Discrete Jitter          (DJ):    0.000ns
    Phase Error              (PE):    0.000ns

    Location             Delay type                Incr(ns)  Path(ns)    Netlist Resource(s)
  -------------------------------------------------------------------    -------------------
                         (clock sys_clk_pin rise edge)
                                                      0.000     0.000 r  
    W5                                                0.000     0.000 r  clk (IN)
                         net (fo=0)                   0.000     0.000    clk
    W5                   IBUF (Prop_ibuf_I_O)         0.226     0.226 r  clk_IBUF_inst/O
                         net (fo=1, routed)           0.631     0.858    clk_IBUF
    BUFGCTRL_X0Y0        BUFG (Prop_bufg_I_O)         0.026     0.884 r  clk_IBUF_BUFG_inst/O
                         net (fo=57, routed)          0.581     1.464    clk_IBUF_BUFG
    SLICE_X60Y25         FDRE                                         r  refresh_counter_reg[14]/C
  -------------------------------------------------------------------    -------------------
    SLICE_X60Y25         FDRE (Prop_fdre_C_Q)         0.164     1.628 f  refresh_counter_reg[14]/Q
                         net (fo=9, routed)           0.324     1.952    digit[0]
    SLICE_X62Y25         LUT2 (Prop_lut2_I1_O)        0.045     1.997 r  an_OBUF[1]_inst_i_1/O
                         net (fo=1, routed)           0.395     2.393    an_OBUF[1]
    U4                   OBUF (Prop_obuf_I_O)         1.200     3.593 r  an_OBUF[1]_inst/O
                         net (fo=0)                   0.000     3.593    an[1]
    U4                                                                r  an[1] (OUT)
  -------------------------------------------------------------------    -------------------





--------------------------------------------------------------------------------------
Path Group:  (none)
From Clock:  
  To Clock:  sys_clk_pin

Max Delay            57 Endpoints
Min Delay            57 Endpoints
--------------------------------------------------------------------------------------


Max Delay Paths
--------------------------------------------------------------------------------------
Slack:                    inf
  Source:                 btn_reset
                            (input port)
  Destination:            u_counter/sec_tens_reg[0]/CE
                            (rising edge-triggered cell FDRE clocked by sys_clk_pin  {rise@0.000ns fall@5.000ns period=10.000ns})
  Path Group:             (none)
  Path Type:              Setup (Max at Slow Process Corner)
  Data Path Delay:        7.450ns  (logic 1.901ns (25.512%)  route 5.550ns (74.488%))
  Logic Levels:           3  (IBUF=1 LUT2=1 LUT6=1)
  Clock Path Skew:        4.780ns (DCD - SCD + CPR)
    Destination Clock Delay (DCD):    4.780ns
    Source Clock Delay      (SCD):    0.000ns
    Clock Pessimism Removal (CPR):    0.000ns
  Clock Uncertainty:      0.025ns  ((TSJ^2 + TIJ^2)^1/2 + DJ) / 2 + PE
    Total System Jitter     (TSJ):    0.050ns
    Total Input Jitter      (TIJ):    0.000ns
    Discrete Jitter          (DJ):    0.000ns
    Phase Error              (PE):    0.000ns

    Location             Delay type                Incr(ns)  Path(ns)    Netlist Resource(s)
  -------------------------------------------------------------------    -------------------
    T18                                               0.000     0.000 r  btn_reset (IN)
                         net (fo=0)                   0.000     0.000    btn_reset
    T18                  IBUF (Prop_ibuf_I_O)         1.454     1.454 r  btn_reset_IBUF_inst/O
                         net (fo=15, routed)          3.103     4.557    u_reset/btn_reset_IBUF
    SLICE_X57Y24         LUT2 (Prop_lut2_I0_O)        0.120     4.677 r  u_reset/FSM_sequential_state[1]_i_3/O
                         net (fo=11, routed)          1.682     6.359    u_counter/ms_ones_reg[2]_1
    SLICE_X59Y24         LUT6 (Prop_lut6_I0_O)        0.327     6.686 r  u_counter/sec_tens[3]_i_1/O
                         net (fo=4, routed)           0.765     7.450    u_counter/sec_tens[3]_i_1_n_0
    SLICE_X57Y22         FDRE                                         r  u_counter/sec_tens_reg[0]/CE
  -------------------------------------------------------------------    -------------------

                         (clock sys_clk_pin rise edge)
                                                      0.000     0.000 r  
    W5                                                0.000     0.000 r  clk (IN)
                         net (fo=0)                   0.000     0.000    clk
    W5                   IBUF (Prop_ibuf_I_O)         1.388     1.388 r  clk_IBUF_inst/O
                         net (fo=1, routed)           1.862     3.250    clk_IBUF
    BUFGCTRL_X0Y0        BUFG (Prop_bufg_I_O)         0.091     3.341 r  clk_IBUF_BUFG_inst/O
                         net (fo=57, routed)          1.439     4.780    u_counter/clk_IBUF_BUFG
    SLICE_X57Y22         FDRE                                         r  u_counter/sec_tens_reg[0]/C

Slack:                    inf
  Source:                 btn_reset
                            (input port)
  Destination:            u_counter/sec_tens_reg[1]/CE
                            (rising edge-triggered cell FDRE clocked by sys_clk_pin  {rise@0.000ns fall@5.000ns period=10.000ns})
  Path Group:             (none)
  Path Type:              Setup (Max at Slow Process Corner)
  Data Path Delay:        7.216ns  (logic 1.901ns (26.339%)  route 5.316ns (73.661%))
  Logic Levels:           3  (IBUF=1 LUT2=1 LUT6=1)
  Clock Path Skew:        4.845ns (DCD - SCD + CPR)
    Destination Clock Delay (DCD):    4.845ns
    Source Clock Delay      (SCD):    0.000ns
    Clock Pessimism Removal (CPR):    0.000ns
  Clock Uncertainty:      0.025ns  ((TSJ^2 + TIJ^2)^1/2 + DJ) / 2 + PE
    Total System Jitter     (TSJ):    0.050ns
    Total Input Jitter      (TIJ):    0.000ns
    Discrete Jitter          (DJ):    0.000ns
    Phase Error              (PE):    0.000ns

    Location             Delay type                Incr(ns)  Path(ns)    Netlist Resource(s)
  -------------------------------------------------------------------    -------------------
    T18                                               0.000     0.000 r  btn_reset (IN)
                         net (fo=0)                   0.000     0.000    btn_reset
    T18                  IBUF (Prop_ibuf_I_O)         1.454     1.454 r  btn_reset_IBUF_inst/O
                         net (fo=15, routed)          3.103     4.557    u_reset/btn_reset_IBUF
    SLICE_X57Y24         LUT2 (Prop_lut2_I0_O)        0.120     4.677 r  u_reset/FSM_sequential_state[1]_i_3/O
                         net (fo=11, routed)          1.682     6.359    u_counter/ms_ones_reg[2]_1
    SLICE_X59Y24         LUT6 (Prop_lut6_I0_O)        0.327     6.686 r  u_counter/sec_tens[3]_i_1/O
                         net (fo=4, routed)           0.531     7.216    u_counter/sec_tens[3]_i_1_n_0
    SLICE_X58Y22         FDRE                                         r  u_counter/sec_tens_reg[1]/CE
  -------------------------------------------------------------------    -------------------

                         (clock sys_clk_pin rise edge)
                                                      0.000     0.000 r  
    W5                                                0.000     0.000 r  clk (IN)
                         net (fo=0)                   0.000     0.000    clk
    W5                   IBUF (Prop_ibuf_I_O)         1.388     1.388 r  clk_IBUF_inst/O
                         net (fo=1, routed)           1.862     3.250    clk_IBUF
    BUFGCTRL_X0Y0        BUFG (Prop_bufg_I_O)         0.091     3.341 r  clk_IBUF_BUFG_inst/O
                         net (fo=57, routed)          1.504     4.845    u_counter/clk_IBUF_BUFG
    SLICE_X58Y22         FDRE                                         r  u_counter/sec_tens_reg[1]/C

Slack:                    inf
  Source:                 btn_reset
                            (input port)
  Destination:            u_counter/sec_tens_reg[2]/CE
                            (rising edge-triggered cell FDRE clocked by sys_clk_pin  {rise@0.000ns fall@5.000ns period=10.000ns})
  Path Group:             (none)
  Path Type:              Setup (Max at Slow Process Corner)
  Data Path Delay:        7.216ns  (logic 1.901ns (26.339%)  route 5.316ns (73.661%))
  Logic Levels:           3  (IBUF=1 LUT2=1 LUT6=1)
  Clock Path Skew:        4.845ns (DCD - SCD + CPR)
    Destination Clock Delay (DCD):    4.845ns
    Source Clock Delay      (SCD):    0.000ns
    Clock Pessimism Removal (CPR):    0.000ns
  Clock Uncertainty:      0.025ns  ((TSJ^2 + TIJ^2)^1/2 + DJ) / 2 + PE
    Total System Jitter     (TSJ):    0.050ns
    Total Input Jitter      (TIJ):    0.000ns
    Discrete Jitter          (DJ):    0.000ns
    Phase Error              (PE):    0.000ns

    Location             Delay type                Incr(ns)  Path(ns)    Netlist Resource(s)
  -------------------------------------------------------------------    -------------------
    T18                                               0.000     0.000 r  btn_reset (IN)
                         net (fo=0)                   0.000     0.000    btn_reset
    T18                  IBUF (Prop_ibuf_I_O)         1.454     1.454 r  btn_reset_IBUF_inst/O
                         net (fo=15, routed)          3.103     4.557    u_reset/btn_reset_IBUF
    SLICE_X57Y24         LUT2 (Prop_lut2_I0_O)        0.120     4.677 r  u_reset/FSM_sequential_state[1]_i_3/O
                         net (fo=11, routed)          1.682     6.359    u_counter/ms_ones_reg[2]_1
    SLICE_X59Y24         LUT6 (Prop_lut6_I0_O)        0.327     6.686 r  u_counter/sec_tens[3]_i_1/O
                         net (fo=4, routed)           0.531     7.216    u_counter/sec_tens[3]_i_1_n_0
    SLICE_X58Y22         FDRE                                         r  u_counter/sec_tens_reg[2]/CE
  -------------------------------------------------------------------    -------------------

                         (clock sys_clk_pin rise edge)
                                                      0.000     0.000 r  
    W5                                                0.000     0.000 r  clk (IN)
                         net (fo=0)                   0.000     0.000    clk
    W5                   IBUF (Prop_ibuf_I_O)         1.388     1.388 r  clk_IBUF_inst/O
                         net (fo=1, routed)           1.862     3.250    clk_IBUF
    BUFGCTRL_X0Y0        BUFG (Prop_bufg_I_O)         0.091     3.341 r  clk_IBUF_BUFG_inst/O
                         net (fo=57, routed)          1.504     4.845    u_counter/clk_IBUF_BUFG
    SLICE_X58Y22         FDRE                                         r  u_counter/sec_tens_reg[2]/C

Slack:                    inf
  Source:                 btn_reset
                            (input port)
  Destination:            u_counter/sec_tens_reg[3]/CE
                            (rising edge-triggered cell FDRE clocked by sys_clk_pin  {rise@0.000ns fall@5.000ns period=10.000ns})
  Path Group:             (none)
  Path Type:              Setup (Max at Slow Process Corner)
  Data Path Delay:        7.216ns  (logic 1.901ns (26.339%)  route 5.316ns (73.661%))
  Logic Levels:           3  (IBUF=1 LUT2=1 LUT6=1)
  Clock Path Skew:        4.845ns (DCD - SCD + CPR)
    Destination Clock Delay (DCD):    4.845ns
    Source Clock Delay      (SCD):    0.000ns
    Clock Pessimism Removal (CPR):    0.000ns
  Clock Uncertainty:      0.025ns  ((TSJ^2 + TIJ^2)^1/2 + DJ) / 2 + PE
    Total System Jitter     (TSJ):    0.050ns
    Total Input Jitter      (TIJ):    0.000ns
    Discrete Jitter          (DJ):    0.000ns
    Phase Error              (PE):    0.000ns

    Location             Delay type                Incr(ns)  Path(ns)    Netlist Resource(s)
  -------------------------------------------------------------------    -------------------
    T18                                               0.000     0.000 r  btn_reset (IN)
                         net (fo=0)                   0.000     0.000    btn_reset
    T18                  IBUF (Prop_ibuf_I_O)         1.454     1.454 r  btn_reset_IBUF_inst/O
                         net (fo=15, routed)          3.103     4.557    u_reset/btn_reset_IBUF
    SLICE_X57Y24         LUT2 (Prop_lut2_I0_O)        0.120     4.677 r  u_reset/FSM_sequential_state[1]_i_3/O
                         net (fo=11, routed)          1.682     6.359    u_counter/ms_ones_reg[2]_1
    SLICE_X59Y24         LUT6 (Prop_lut6_I0_O)        0.327     6.686 r  u_counter/sec_tens[3]_i_1/O
                         net (fo=4, routed)           0.531     7.216    u_counter/sec_tens[3]_i_1_n_0
    SLICE_X58Y22         FDRE                                         r  u_counter/sec_tens_reg[3]/CE
  -------------------------------------------------------------------    -------------------

                         (clock sys_clk_pin rise edge)
                                                      0.000     0.000 r  
    W5                                                0.000     0.000 r  clk (IN)
                         net (fo=0)                   0.000     0.000    clk
    W5                   IBUF (Prop_ibuf_I_O)         1.388     1.388 r  clk_IBUF_inst/O
                         net (fo=1, routed)           1.862     3.250    clk_IBUF
    BUFGCTRL_X0Y0        BUFG (Prop_bufg_I_O)         0.091     3.341 r  clk_IBUF_BUFG_inst/O
                         net (fo=57, routed)          1.504     4.845    u_counter/clk_IBUF_BUFG
    SLICE_X58Y22         FDRE                                         r  u_counter/sec_tens_reg[3]/C

Slack:                    inf
  Source:                 btn_reset
                            (input port)
  Destination:            u_counter/ms_tens_reg[2]/CE
                            (rising edge-triggered cell FDRE clocked by sys_clk_pin  {rise@0.000ns fall@5.000ns period=10.000ns})
  Path Group:             (none)
  Path Type:              Setup (Max at Slow Process Corner)
  Data Path Delay:        6.747ns  (logic 1.901ns (28.171%)  route 4.847ns (71.829%))
  Logic Levels:           3  (IBUF=1 LUT2=1 LUT6=1)
  Clock Path Skew:        4.844ns (DCD - SCD + CPR)
    Destination Clock Delay (DCD):    4.844ns
    Source Clock Delay      (SCD):    0.000ns
    Clock Pessimism Removal (CPR):    0.000ns
  Clock Uncertainty:      0.025ns  ((TSJ^2 + TIJ^2)^1/2 + DJ) / 2 + PE
    Total System Jitter     (TSJ):    0.050ns
    Total Input Jitter      (TIJ):    0.000ns
    Discrete Jitter          (DJ):    0.000ns
    Phase Error              (PE):    0.000ns

    Location             Delay type                Incr(ns)  Path(ns)    Netlist Resource(s)
  -------------------------------------------------------------------    -------------------
    T18                                               0.000     0.000 r  btn_reset (IN)
                         net (fo=0)                   0.000     0.000    btn_reset
    T18                  IBUF (Prop_ibuf_I_O)         1.454     1.454 r  btn_reset_IBUF_inst/O
                         net (fo=15, routed)          3.103     4.557    u_reset/btn_reset_IBUF
    SLICE_X57Y24         LUT2 (Prop_lut2_I0_O)        0.120     4.677 r  u_reset/FSM_sequential_state[1]_i_3/O
                         net (fo=11, routed)          1.257     5.933    u_counter/ms_ones_reg[2]_1
    SLICE_X58Y23         LUT6 (Prop_lut6_I0_O)        0.327     6.260 r  u_counter/ms_tens[3]_i_1/O
                         net (fo=4, routed)           0.487     6.747    u_counter/ms_tens[3]_i_1_n_0
    SLICE_X61Y23         FDRE                                         r  u_counter/ms_tens_reg[2]/CE
  -------------------------------------------------------------------    -------------------

                         (clock sys_clk_pin rise edge)
                                                      0.000     0.000 r  
    W5                                                0.000     0.000 r  clk (IN)
                         net (fo=0)                   0.000     0.000    clk
    W5                   IBUF (Prop_ibuf_I_O)         1.388     1.388 r  clk_IBUF_inst/O
                         net (fo=1, routed)           1.862     3.250    clk_IBUF
    BUFGCTRL_X0Y0        BUFG (Prop_bufg_I_O)         0.091     3.341 r  clk_IBUF_BUFG_inst/O
                         net (fo=57, routed)          1.503     4.844    u_counter/clk_IBUF_BUFG
    SLICE_X61Y23         FDRE                                         r  u_counter/ms_tens_reg[2]/C

Slack:                    inf
  Source:                 btn_reset
                            (input port)
  Destination:            u_counter/ms_tens_reg[3]/CE
                            (rising edge-triggered cell FDRE clocked by sys_clk_pin  {rise@0.000ns fall@5.000ns period=10.000ns})
  Path Group:             (none)
  Path Type:              Setup (Max at Slow Process Corner)
  Data Path Delay:        6.747ns  (logic 1.901ns (28.171%)  route 4.847ns (71.829%))
  Logic Levels:           3  (IBUF=1 LUT2=1 LUT6=1)
  Clock Path Skew:        4.844ns (DCD - SCD + CPR)
    Destination Clock Delay (DCD):    4.844ns
    Source Clock Delay      (SCD):    0.000ns
    Clock Pessimism Removal (CPR):    0.000ns
  Clock Uncertainty:      0.025ns  ((TSJ^2 + TIJ^2)^1/2 + DJ) / 2 + PE
    Total System Jitter     (TSJ):    0.050ns
    Total Input Jitter      (TIJ):    0.000ns
    Discrete Jitter          (DJ):    0.000ns
    Phase Error              (PE):    0.000ns

    Location             Delay type                Incr(ns)  Path(ns)    Netlist Resource(s)
  -------------------------------------------------------------------    -------------------
    T18                                               0.000     0.000 r  btn_reset (IN)
                         net (fo=0)                   0.000     0.000    btn_reset
    T18                  IBUF (Prop_ibuf_I_O)         1.454     1.454 r  btn_reset_IBUF_inst/O
                         net (fo=15, routed)          3.103     4.557    u_reset/btn_reset_IBUF
    SLICE_X57Y24         LUT2 (Prop_lut2_I0_O)        0.120     4.677 r  u_reset/FSM_sequential_state[1]_i_3/O
                         net (fo=11, routed)          1.257     5.933    u_counter/ms_ones_reg[2]_1
    SLICE_X58Y23         LUT6 (Prop_lut6_I0_O)        0.327     6.260 r  u_counter/ms_tens[3]_i_1/O
                         net (fo=4, routed)           0.487     6.747    u_counter/ms_tens[3]_i_1_n_0
    SLICE_X61Y23         FDRE                                         r  u_counter/ms_tens_reg[3]/CE
  -------------------------------------------------------------------    -------------------

                         (clock sys_clk_pin rise edge)
                                                      0.000     0.000 r  
    W5                                                0.000     0.000 r  clk (IN)
                         net (fo=0)                   0.000     0.000    clk
    W5                   IBUF (Prop_ibuf_I_O)         1.388     1.388 r  clk_IBUF_inst/O
                         net (fo=1, routed)           1.862     3.250    clk_IBUF
    BUFGCTRL_X0Y0        BUFG (Prop_bufg_I_O)         0.091     3.341 r  clk_IBUF_BUFG_inst/O
                         net (fo=57, routed)          1.503     4.844    u_counter/clk_IBUF_BUFG
    SLICE_X61Y23         FDRE                                         r  u_counter/ms_tens_reg[3]/C

Slack:                    inf
  Source:                 btn_reset
                            (input port)
  Destination:            u_counter/ms_tens_reg[0]/CE
                            (rising edge-triggered cell FDRE clocked by sys_clk_pin  {rise@0.000ns fall@5.000ns period=10.000ns})
  Path Group:             (none)
  Path Type:              Setup (Max at Slow Process Corner)
  Data Path Delay:        6.603ns  (logic 1.901ns (28.785%)  route 4.703ns (71.215%))
  Logic Levels:           3  (IBUF=1 LUT2=1 LUT6=1)
  Clock Path Skew:        4.845ns (DCD - SCD + CPR)
    Destination Clock Delay (DCD):    4.845ns
    Source Clock Delay      (SCD):    0.000ns
    Clock Pessimism Removal (CPR):    0.000ns
  Clock Uncertainty:      0.025ns  ((TSJ^2 + TIJ^2)^1/2 + DJ) / 2 + PE
    Total System Jitter     (TSJ):    0.050ns
    Total Input Jitter      (TIJ):    0.000ns
    Discrete Jitter          (DJ):    0.000ns
    Phase Error              (PE):    0.000ns

    Location             Delay type                Incr(ns)  Path(ns)    Netlist Resource(s)
  -------------------------------------------------------------------    -------------------
    T18                                               0.000     0.000 r  btn_reset (IN)
                         net (fo=0)                   0.000     0.000    btn_reset
    T18                  IBUF (Prop_ibuf_I_O)         1.454     1.454 r  btn_reset_IBUF_inst/O
                         net (fo=15, routed)          3.103     4.557    u_reset/btn_reset_IBUF
    SLICE_X57Y24         LUT2 (Prop_lut2_I0_O)        0.120     4.677 r  u_reset/FSM_sequential_state[1]_i_3/O
                         net (fo=11, routed)          1.257     5.933    u_counter/ms_ones_reg[2]_1
    SLICE_X58Y23         LUT6 (Prop_lut6_I0_O)        0.327     6.260 r  u_counter/ms_tens[3]_i_1/O
                         net (fo=4, routed)           0.343     6.603    u_counter/ms_tens[3]_i_1_n_0
    SLICE_X59Y22         FDRE                                         r  u_counter/ms_tens_reg[0]/CE
  -------------------------------------------------------------------    -------------------

                         (clock sys_clk_pin rise edge)
                                                      0.000     0.000 r  
    W5                                                0.000     0.000 r  clk (IN)
                         net (fo=0)                   0.000     0.000    clk
    W5                   IBUF (Prop_ibuf_I_O)         1.388     1.388 r  clk_IBUF_inst/O
                         net (fo=1, routed)           1.862     3.250    clk_IBUF
    BUFGCTRL_X0Y0        BUFG (Prop_bufg_I_O)         0.091     3.341 r  clk_IBUF_BUFG_inst/O
                         net (fo=57, routed)          1.504     4.845    u_counter/clk_IBUF_BUFG
    SLICE_X59Y22         FDRE                                         r  u_counter/ms_tens_reg[0]/C

Slack:                    inf
  Source:                 btn_reset
                            (input port)
  Destination:            u_counter/ms_tens_reg[1]/CE
                            (rising edge-triggered cell FDRE clocked by sys_clk_pin  {rise@0.000ns fall@5.000ns period=10.000ns})
  Path Group:             (none)
  Path Type:              Setup (Max at Slow Process Corner)
  Data Path Delay:        6.603ns  (logic 1.901ns (28.785%)  route 4.703ns (71.215%))
  Logic Levels:           3  (IBUF=1 LUT2=1 LUT6=1)
  Clock Path Skew:        4.845ns (DCD - SCD + CPR)
    Destination Clock Delay (DCD):    4.845ns
    Source Clock Delay      (SCD):    0.000ns
    Clock Pessimism Removal (CPR):    0.000ns
  Clock Uncertainty:      0.025ns  ((TSJ^2 + TIJ^2)^1/2 + DJ) / 2 + PE
    Total System Jitter     (TSJ):    0.050ns
    Total Input Jitter      (TIJ):    0.000ns
    Discrete Jitter          (DJ):    0.000ns
    Phase Error              (PE):    0.000ns

    Location             Delay type                Incr(ns)  Path(ns)    Netlist Resource(s)
  -------------------------------------------------------------------    -------------------
    T18                                               0.000     0.000 r  btn_reset (IN)
                         net (fo=0)                   0.000     0.000    btn_reset
    T18                  IBUF (Prop_ibuf_I_O)         1.454     1.454 r  btn_reset_IBUF_inst/O
                         net (fo=15, routed)          3.103     4.557    u_reset/btn_reset_IBUF
    SLICE_X57Y24         LUT2 (Prop_lut2_I0_O)        0.120     4.677 r  u_reset/FSM_sequential_state[1]_i_3/O
                         net (fo=11, routed)          1.257     5.933    u_counter/ms_ones_reg[2]_1
    SLICE_X58Y23         LUT6 (Prop_lut6_I0_O)        0.327     6.260 r  u_counter/ms_tens[3]_i_1/O
                         net (fo=4, routed)           0.343     6.603    u_counter/ms_tens[3]_i_1_n_0
    SLICE_X59Y22         FDRE                                         r  u_counter/ms_tens_reg[1]/CE
  -------------------------------------------------------------------    -------------------

                         (clock sys_clk_pin rise edge)
                                                      0.000     0.000 r  
    W5                                                0.000     0.000 r  clk (IN)
                         net (fo=0)                   0.000     0.000    clk
    W5                   IBUF (Prop_ibuf_I_O)         1.388     1.388 r  clk_IBUF_inst/O
                         net (fo=1, routed)           1.862     3.250    clk_IBUF
    BUFGCTRL_X0Y0        BUFG (Prop_bufg_I_O)         0.091     3.341 r  clk_IBUF_BUFG_inst/O
                         net (fo=57, routed)          1.504     4.845    u_counter/clk_IBUF_BUFG
    SLICE_X59Y22         FDRE                                         r  u_counter/ms_tens_reg[1]/C

Slack:                    inf
  Source:                 btn_reset
                            (input port)
  Destination:            u_counter/sec_ones_reg[3]/CE
                            (rising edge-triggered cell FDRE clocked by sys_clk_pin  {rise@0.000ns fall@5.000ns period=10.000ns})
  Path Group:             (none)
  Path Type:              Setup (Max at Slow Process Corner)
  Data Path Delay:        6.442ns  (logic 1.901ns (29.506%)  route 4.541ns (70.494%))
  Logic Levels:           3  (IBUF=1 LUT2=1 LUT6=1)
  Clock Path Skew:        4.779ns (DCD - SCD + CPR)
    Destination Clock Delay (DCD):    4.779ns
    Source Clock Delay      (SCD):    0.000ns
    Clock Pessimism Removal (CPR):    0.000ns
  Clock Uncertainty:      0.025ns  ((TSJ^2 + TIJ^2)^1/2 + DJ) / 2 + PE
    Total System Jitter     (TSJ):    0.050ns
    Total Input Jitter      (TIJ):    0.000ns
    Discrete Jitter          (DJ):    0.000ns
    Phase Error              (PE):    0.000ns

    Location             Delay type                Incr(ns)  Path(ns)    Netlist Resource(s)
  -------------------------------------------------------------------    -------------------
    T18                                               0.000     0.000 r  btn_reset (IN)
                         net (fo=0)                   0.000     0.000    btn_reset
    T18                  IBUF (Prop_ibuf_I_O)         1.454     1.454 r  btn_reset_IBUF_inst/O
                         net (fo=15, routed)          3.103     4.557    u_reset/btn_reset_IBUF
    SLICE_X57Y24         LUT2 (Prop_lut2_I0_O)        0.120     4.677 r  u_reset/FSM_sequential_state[1]_i_3/O
                         net (fo=11, routed)          0.846     5.523    u_counter/ms_ones_reg[2]_1
    SLICE_X57Y23         LUT6 (Prop_lut6_I0_O)        0.327     5.850 r  u_counter/sec_ones[3]_i_1/O
                         net (fo=4, routed)           0.592     6.442    u_counter/sec_ones[3]_i_1_n_0
    SLICE_X57Y23         FDRE                                         r  u_counter/sec_ones_reg[3]/CE
  -------------------------------------------------------------------    -------------------

                         (clock sys_clk_pin rise edge)
                                                      0.000     0.000 r  
    W5                                                0.000     0.000 r  clk (IN)
                         net (fo=0)                   0.000     0.000    clk
    W5                   IBUF (Prop_ibuf_I_O)         1.388     1.388 r  clk_IBUF_inst/O
                         net (fo=1, routed)           1.862     3.250    clk_IBUF
    BUFGCTRL_X0Y0        BUFG (Prop_bufg_I_O)         0.091     3.341 r  clk_IBUF_BUFG_inst/O
                         net (fo=57, routed)          1.438     4.779    u_counter/clk_IBUF_BUFG
    SLICE_X57Y23         FDRE                                         r  u_counter/sec_ones_reg[3]/C

Slack:                    inf
  Source:                 btn_reset
                            (input port)
  Destination:            u_counter/sec_ones_reg[2]/CE
                            (rising edge-triggered cell FDRE clocked by sys_clk_pin  {rise@0.000ns fall@5.000ns period=10.000ns})
  Path Group:             (none)
  Path Type:              Setup (Max at Slow Process Corner)
  Data Path Delay:        6.436ns  (logic 1.901ns (29.532%)  route 4.536ns (70.468%))
  Logic Levels:           3  (IBUF=1 LUT2=1 LUT6=1)
  Clock Path Skew:        4.842ns (DCD - SCD + CPR)
    Destination Clock Delay (DCD):    4.842ns
    Source Clock Delay      (SCD):    0.000ns
    Clock Pessimism Removal (CPR):    0.000ns
  Clock Uncertainty:      0.025ns  ((TSJ^2 + TIJ^2)^1/2 + DJ) / 2 + PE
    Total System Jitter     (TSJ):    0.050ns
    Total Input Jitter      (TIJ):    0.000ns
    Discrete Jitter          (DJ):    0.000ns
    Phase Error              (PE):    0.000ns

    Location             Delay type                Incr(ns)  Path(ns)    Netlist Resource(s)
  -------------------------------------------------------------------    -------------------
    T18                                               0.000     0.000 r  btn_reset (IN)
                         net (fo=0)                   0.000     0.000    btn_reset
    T18                  IBUF (Prop_ibuf_I_O)         1.454     1.454 r  btn_reset_IBUF_inst/O
                         net (fo=15, routed)          3.103     4.557    u_reset/btn_reset_IBUF
    SLICE_X57Y24         LUT2 (Prop_lut2_I0_O)        0.120     4.677 r  u_reset/FSM_sequential_state[1]_i_3/O
                         net (fo=11, routed)          0.846     5.523    u_counter/ms_ones_reg[2]_1
    SLICE_X57Y23         LUT6 (Prop_lut6_I0_O)        0.327     5.850 r  u_counter/sec_ones[3]_i_1/O
                         net (fo=4, routed)           0.587     6.436    u_counter/sec_ones[3]_i_1_n_0
    SLICE_X59Y24         FDRE                                         r  u_counter/sec_ones_reg[2]/CE
  -------------------------------------------------------------------    -------------------

                         (clock sys_clk_pin rise edge)
                                                      0.000     0.000 r  
    W5                                                0.000     0.000 r  clk (IN)
                         net (fo=0)                   0.000     0.000    clk
    W5                   IBUF (Prop_ibuf_I_O)         1.388     1.388 r  clk_IBUF_inst/O
                         net (fo=1, routed)           1.862     3.250    clk_IBUF
    BUFGCTRL_X0Y0        BUFG (Prop_bufg_I_O)         0.091     3.341 r  clk_IBUF_BUFG_inst/O
                         net (fo=57, routed)          1.501     4.842    u_counter/clk_IBUF_BUFG
    SLICE_X59Y24         FDRE                                         r  u_counter/sec_ones_reg[2]/C





Min Delay Paths
--------------------------------------------------------------------------------------
Slack:                    inf
  Source:                 sw[8]
                            (input port)
  Destination:            u_counter/ms_tens_reg[2]/D
                            (rising edge-triggered cell FDRE clocked by sys_clk_pin  {rise@0.000ns fall@5.000ns period=10.000ns})
  Path Group:             (none)
  Path Type:              Hold (Min at Fast Process Corner)
  Data Path Delay:        0.993ns  (logic 0.268ns (26.948%)  route 0.725ns (73.052%))
  Logic Levels:           2  (IBUF=1 LUT6=1)
  Clock Path Skew:        1.976ns (DCD - SCD - CPR)
    Destination Clock Delay (DCD):    1.976ns
    Source Clock Delay      (SCD):    0.000ns
    Clock Pessimism Removal (CPR):    -0.000ns

    Location             Delay type                Incr(ns)  Path(ns)    Netlist Resource(s)
  -------------------------------------------------------------------    -------------------
    V2                                                0.000     0.000 r  sw[8] (IN)
                         net (fo=0)                   0.000     0.000    sw[8]
    V2                   IBUF (Prop_ibuf_I_O)         0.223     0.223 r  sw_IBUF[8]_inst/O
                         net (fo=25, routed)          0.725     0.948    u_counter/sw_IBUF[3]
    SLICE_X61Y23         LUT6 (Prop_lut6_I4_O)        0.045     0.993 r  u_counter/ms_tens[2]_i_1/O
                         net (fo=1, routed)           0.000     0.993    u_counter/ms_tens[2]_i_1_n_0
    SLICE_X61Y23         FDRE                                         r  u_counter/ms_tens_reg[2]/D
  -------------------------------------------------------------------    -------------------

                         (clock sys_clk_pin rise edge)
                                                      0.000     0.000 r  
    W5                                                0.000     0.000 r  clk (IN)
                         net (fo=0)                   0.000     0.000    clk
    W5                   IBUF (Prop_ibuf_I_O)         0.414     0.414 r  clk_IBUF_inst/O
                         net (fo=1, routed)           0.685     1.099    clk_IBUF
    BUFGCTRL_X0Y0        BUFG (Prop_bufg_I_O)         0.029     1.128 r  clk_IBUF_BUFG_inst/O
                         net (fo=57, routed)          0.849     1.976    u_counter/clk_IBUF_BUFG
    SLICE_X61Y23         FDRE                                         r  u_counter/ms_tens_reg[2]/C

Slack:                    inf
  Source:                 sw[9]
                            (input port)
  Destination:            u_counter/ms_tens_reg[3]/D
                            (rising edge-triggered cell FDRE clocked by sys_clk_pin  {rise@0.000ns fall@5.000ns period=10.000ns})
  Path Group:             (none)
  Path Type:              Hold (Min at Fast Process Corner)
  Data Path Delay:        1.031ns  (logic 0.265ns (25.738%)  route 0.766ns (74.262%))
  Logic Levels:           2  (IBUF=1 LUT5=1)
  Clock Path Skew:        1.976ns (DCD - SCD - CPR)
    Destination Clock Delay (DCD):    1.976ns
    Source Clock Delay      (SCD):    0.000ns
    Clock Pessimism Removal (CPR):    -0.000ns

    Location             Delay type                Incr(ns)  Path(ns)    Netlist Resource(s)
  -------------------------------------------------------------------    -------------------
    T3                                                0.000     0.000 f  sw[9] (IN)
                         net (fo=0)                   0.000     0.000    sw[9]
    T3                   IBUF (Prop_ibuf_I_O)         0.220     0.220 f  sw_IBUF[9]_inst/O
                         net (fo=12, routed)          0.766     0.986    u_reset/sw_IBUF[6]
    SLICE_X61Y23         LUT5 (Prop_lut5_I1_O)        0.045     1.031 r  u_reset/ms_tens[3]_i_2/O
                         net (fo=1, routed)           0.000     1.031    u_counter/ms_tens_reg[3]_0
    SLICE_X61Y23         FDRE                                         r  u_counter/ms_tens_reg[3]/D
  -------------------------------------------------------------------    -------------------

                         (clock sys_clk_pin rise edge)
                                                      0.000     0.000 r  
    W5                                                0.000     0.000 r  clk (IN)
                         net (fo=0)                   0.000     0.000    clk
    W5                   IBUF (Prop_ibuf_I_O)         0.414     0.414 r  clk_IBUF_inst/O
                         net (fo=1, routed)           0.685     1.099    clk_IBUF
    BUFGCTRL_X0Y0        BUFG (Prop_bufg_I_O)         0.029     1.128 r  clk_IBUF_BUFG_inst/O
                         net (fo=57, routed)          0.849     1.976    u_counter/clk_IBUF_BUFG
    SLICE_X61Y23         FDRE                                         r  u_counter/ms_tens_reg[3]/C

Slack:                    inf
  Source:                 sw[9]
                            (input port)
  Destination:            u_counter/sec_ones_reg[2]/D
                            (rising edge-triggered cell FDRE clocked by sys_clk_pin  {rise@0.000ns fall@5.000ns period=10.000ns})
  Path Group:             (none)
  Path Type:              Hold (Min at Fast Process Corner)
  Data Path Delay:        1.083ns  (logic 0.265ns (24.495%)  route 0.818ns (75.505%))
  Logic Levels:           2  (IBUF=1 LUT5=1)
  Clock Path Skew:        1.975ns (DCD - SCD - CPR)
    Destination Clock Delay (DCD):    1.975ns
    Source Clock Delay      (SCD):    0.000ns
    Clock Pessimism Removal (CPR):    -0.000ns

    Location             Delay type                Incr(ns)  Path(ns)    Netlist Resource(s)
  -------------------------------------------------------------------    -------------------
    T3                                                0.000     0.000 r  sw[9] (IN)
                         net (fo=0)                   0.000     0.000    sw[9]
    T3                   IBUF (Prop_ibuf_I_O)         0.220     0.220 r  sw_IBUF[9]_inst/O
                         net (fo=12, routed)          0.818     1.038    u_reset/sw_IBUF[6]
    SLICE_X59Y24         LUT5 (Prop_lut5_I0_O)        0.045     1.083 r  u_reset/sec_ones[2]_i_1/O
                         net (fo=1, routed)           0.000     1.083    u_counter/sec_ones_reg[2]_1
    SLICE_X59Y24         FDRE                                         r  u_counter/sec_ones_reg[2]/D
  -------------------------------------------------------------------    -------------------

                         (clock sys_clk_pin rise edge)
                                                      0.000     0.000 r  
    W5                                                0.000     0.000 r  clk (IN)
                         net (fo=0)                   0.000     0.000    clk
    W5                   IBUF (Prop_ibuf_I_O)         0.414     0.414 r  clk_IBUF_inst/O
                         net (fo=1, routed)           0.685     1.099    clk_IBUF
    BUFGCTRL_X0Y0        BUFG (Prop_bufg_I_O)         0.029     1.128 r  clk_IBUF_BUFG_inst/O
                         net (fo=57, routed)          0.848     1.975    u_counter/clk_IBUF_BUFG
    SLICE_X59Y24         FDRE                                         r  u_counter/sec_ones_reg[2]/C

Slack:                    inf
  Source:                 sw[8]
                            (input port)
  Destination:            u_counter/sec_tens_reg[3]/D
                            (rising edge-triggered cell FDRE clocked by sys_clk_pin  {rise@0.000ns fall@5.000ns period=10.000ns})
  Path Group:             (none)
  Path Type:              Hold (Min at Fast Process Corner)
  Data Path Delay:        1.090ns  (logic 0.268ns (24.545%)  route 0.823ns (75.455%))
  Logic Levels:           2  (IBUF=1 LUT6=1)
  Clock Path Skew:        1.978ns (DCD - SCD - CPR)
    Destination Clock Delay (DCD):    1.978ns
    Source Clock Delay      (SCD):    0.000ns
    Clock Pessimism Removal (CPR):    -0.000ns

    Location             Delay type                Incr(ns)  Path(ns)    Netlist Resource(s)
  -------------------------------------------------------------------    -------------------
    V2                                                0.000     0.000 r  sw[8] (IN)
                         net (fo=0)                   0.000     0.000    sw[8]
    V2                   IBUF (Prop_ibuf_I_O)         0.223     0.223 r  sw_IBUF[8]_inst/O
                         net (fo=25, routed)          0.823     1.045    u_reset/sw_IBUF[5]
    SLICE_X58Y22         LUT6 (Prop_lut6_I2_O)        0.045     1.090 r  u_reset/sec_tens[3]_i_2/O
                         net (fo=1, routed)           0.000     1.090    u_counter/sec_tens_reg[3]_1[1]
    SLICE_X58Y22         FDRE                                         r  u_counter/sec_tens_reg[3]/D
  -------------------------------------------------------------------    -------------------

                         (clock sys_clk_pin rise edge)
                                                      0.000     0.000 r  
    W5                                                0.000     0.000 r  clk (IN)
                         net (fo=0)                   0.000     0.000    clk
    W5                   IBUF (Prop_ibuf_I_O)         0.414     0.414 r  clk_IBUF_inst/O
                         net (fo=1, routed)           0.685     1.099    clk_IBUF
    BUFGCTRL_X0Y0        BUFG (Prop_bufg_I_O)         0.029     1.128 r  clk_IBUF_BUFG_inst/O
                         net (fo=57, routed)          0.851     1.978    u_counter/clk_IBUF_BUFG
    SLICE_X58Y22         FDRE                                         r  u_counter/sec_tens_reg[3]/C

Slack:                    inf
  Source:                 sw[8]
                            (input port)
  Destination:            u_counter/sec_tens_reg[1]/D
                            (rising edge-triggered cell FDRE clocked by sys_clk_pin  {rise@0.000ns fall@5.000ns period=10.000ns})
  Path Group:             (none)
  Path Type:              Hold (Min at Fast Process Corner)
  Data Path Delay:        1.099ns  (logic 0.268ns (24.342%)  route 0.832ns (75.658%))
  Logic Levels:           2  (IBUF=1 LUT6=1)
  Clock Path Skew:        1.978ns (DCD - SCD - CPR)
    Destination Clock Delay (DCD):    1.978ns
    Source Clock Delay      (SCD):    0.000ns
    Clock Pessimism Removal (CPR):    -0.000ns

    Location             Delay type                Incr(ns)  Path(ns)    Netlist Resource(s)
  -------------------------------------------------------------------    -------------------
    V2                                                0.000     0.000 r  sw[8] (IN)
                         net (fo=0)                   0.000     0.000    sw[8]
    V2                   IBUF (Prop_ibuf_I_O)         0.223     0.223 r  sw_IBUF[8]_inst/O
                         net (fo=25, routed)          0.832     1.054    u_counter/sw_IBUF[3]
    SLICE_X58Y22         LUT6 (Prop_lut6_I5_O)        0.045     1.099 r  u_counter/sec_tens[1]_i_1/O
                         net (fo=1, routed)           0.000     1.099    u_counter/p_0_in[1]
    SLICE_X58Y22         FDRE                                         r  u_counter/sec_tens_reg[1]/D
  -------------------------------------------------------------------    -------------------

                         (clock sys_clk_pin rise edge)
                                                      0.000     0.000 r  
    W5                                                0.000     0.000 r  clk (IN)
                         net (fo=0)                   0.000     0.000    clk
    W5                   IBUF (Prop_ibuf_I_O)         0.414     0.414 r  clk_IBUF_inst/O
                         net (fo=1, routed)           0.685     1.099    clk_IBUF
    BUFGCTRL_X0Y0        BUFG (Prop_bufg_I_O)         0.029     1.128 r  clk_IBUF_BUFG_inst/O
                         net (fo=57, routed)          0.851     1.978    u_counter/clk_IBUF_BUFG
    SLICE_X58Y22         FDRE                                         r  u_counter/sec_tens_reg[1]/C

Slack:                    inf
  Source:                 sw[8]
                            (input port)
  Destination:            u_counter/ms_tens_reg[0]/CE
                            (rising edge-triggered cell FDRE clocked by sys_clk_pin  {rise@0.000ns fall@5.000ns period=10.000ns})
  Path Group:             (none)
  Path Type:              Hold (Min at Fast Process Corner)
  Data Path Delay:        1.150ns  (logic 0.268ns (23.269%)  route 0.882ns (76.731%))
  Logic Levels:           2  (IBUF=1 LUT6=1)
  Clock Path Skew:        1.978ns (DCD - SCD - CPR)
    Destination Clock Delay (DCD):    1.978ns
    Source Clock Delay      (SCD):    0.000ns
    Clock Pessimism Removal (CPR):    -0.000ns

    Location             Delay type                Incr(ns)  Path(ns)    Netlist Resource(s)
  -------------------------------------------------------------------    -------------------
    V2                                                0.000     0.000 r  sw[8] (IN)
                         net (fo=0)                   0.000     0.000    sw[8]
    V2                   IBUF (Prop_ibuf_I_O)         0.223     0.223 r  sw_IBUF[8]_inst/O
                         net (fo=25, routed)          0.761     0.983    u_counter/sw_IBUF[3]
    SLICE_X58Y23         LUT6 (Prop_lut6_I3_O)        0.045     1.028 r  u_counter/ms_tens[3]_i_1/O
                         net (fo=4, routed)           0.122     1.150    u_counter/ms_tens[3]_i_1_n_0
    SLICE_X59Y22         FDRE                                         r  u_counter/ms_tens_reg[0]/CE
  -------------------------------------------------------------------    -------------------

                         (clock sys_clk_pin rise edge)
                                                      0.000     0.000 r  
    W5                                                0.000     0.000 r  clk (IN)
                         net (fo=0)                   0.000     0.000    clk
    W5                   IBUF (Prop_ibuf_I_O)         0.414     0.414 r  clk_IBUF_inst/O
                         net (fo=1, routed)           0.685     1.099    clk_IBUF
    BUFGCTRL_X0Y0        BUFG (Prop_bufg_I_O)         0.029     1.128 r  clk_IBUF_BUFG_inst/O
                         net (fo=57, routed)          0.851     1.978    u_counter/clk_IBUF_BUFG
    SLICE_X59Y22         FDRE                                         r  u_counter/ms_tens_reg[0]/C

Slack:                    inf
  Source:                 sw[8]
                            (input port)
  Destination:            u_counter/ms_tens_reg[1]/CE
                            (rising edge-triggered cell FDRE clocked by sys_clk_pin  {rise@0.000ns fall@5.000ns period=10.000ns})
  Path Group:             (none)
  Path Type:              Hold (Min at Fast Process Corner)
  Data Path Delay:        1.150ns  (logic 0.268ns (23.269%)  route 0.882ns (76.731%))
  Logic Levels:           2  (IBUF=1 LUT6=1)
  Clock Path Skew:        1.978ns (DCD - SCD - CPR)
    Destination Clock Delay (DCD):    1.978ns
    Source Clock Delay      (SCD):    0.000ns
    Clock Pessimism Removal (CPR):    -0.000ns

    Location             Delay type                Incr(ns)  Path(ns)    Netlist Resource(s)
  -------------------------------------------------------------------    -------------------
    V2                                                0.000     0.000 r  sw[8] (IN)
                         net (fo=0)                   0.000     0.000    sw[8]
    V2                   IBUF (Prop_ibuf_I_O)         0.223     0.223 r  sw_IBUF[8]_inst/O
                         net (fo=25, routed)          0.761     0.983    u_counter/sw_IBUF[3]
    SLICE_X58Y23         LUT6 (Prop_lut6_I3_O)        0.045     1.028 r  u_counter/ms_tens[3]_i_1/O
                         net (fo=4, routed)           0.122     1.150    u_counter/ms_tens[3]_i_1_n_0
    SLICE_X59Y22         FDRE                                         r  u_counter/ms_tens_reg[1]/CE
  -------------------------------------------------------------------    -------------------

                         (clock sys_clk_pin rise edge)
                                                      0.000     0.000 r  
    W5                                                0.000     0.000 r  clk (IN)
                         net (fo=0)                   0.000     0.000    clk
    W5                   IBUF (Prop_ibuf_I_O)         0.414     0.414 r  clk_IBUF_inst/O
                         net (fo=1, routed)           0.685     1.099    clk_IBUF
    BUFGCTRL_X0Y0        BUFG (Prop_bufg_I_O)         0.029     1.128 r  clk_IBUF_BUFG_inst/O
                         net (fo=57, routed)          0.851     1.978    u_counter/clk_IBUF_BUFG
    SLICE_X59Y22         FDRE                                         r  u_counter/ms_tens_reg[1]/C

Slack:                    inf
  Source:                 sw[9]
                            (input port)
  Destination:            u_counter/ms_tens_reg[0]/D
                            (rising edge-triggered cell FDRE clocked by sys_clk_pin  {rise@0.000ns fall@5.000ns period=10.000ns})
  Path Group:             (none)
  Path Type:              Hold (Min at Fast Process Corner)
  Data Path Delay:        1.167ns  (logic 0.265ns (22.739%)  route 0.901ns (77.261%))
  Logic Levels:           2  (IBUF=1 LUT5=1)
  Clock Path Skew:        1.978ns (DCD - SCD - CPR)
    Destination Clock Delay (DCD):    1.978ns
    Source Clock Delay      (SCD):    0.000ns
    Clock Pessimism Removal (CPR):    -0.000ns

    Location             Delay type                Incr(ns)  Path(ns)    Netlist Resource(s)
  -------------------------------------------------------------------    -------------------
    T3                                                0.000     0.000 f  sw[9] (IN)
                         net (fo=0)                   0.000     0.000    sw[9]
    T3                   IBUF (Prop_ibuf_I_O)         0.220     0.220 f  sw_IBUF[9]_inst/O
                         net (fo=12, routed)          0.901     1.122    u_reset/sw_IBUF[6]
    SLICE_X59Y22         LUT5 (Prop_lut5_I1_O)        0.045     1.167 r  u_reset/ms_tens[0]_i_1/O
                         net (fo=1, routed)           0.000     1.167    u_counter/ms_tens_reg[0]_1
    SLICE_X59Y22         FDRE                                         r  u_counter/ms_tens_reg[0]/D
  -------------------------------------------------------------------    -------------------

                         (clock sys_clk_pin rise edge)
                                                      0.000     0.000 r  
    W5                                                0.000     0.000 r  clk (IN)
                         net (fo=0)                   0.000     0.000    clk
    W5                   IBUF (Prop_ibuf_I_O)         0.414     0.414 r  clk_IBUF_inst/O
                         net (fo=1, routed)           0.685     1.099    clk_IBUF
    BUFGCTRL_X0Y0        BUFG (Prop_bufg_I_O)         0.029     1.128 r  clk_IBUF_BUFG_inst/O
                         net (fo=57, routed)          0.851     1.978    u_counter/clk_IBUF_BUFG
    SLICE_X59Y22         FDRE                                         r  u_counter/ms_tens_reg[0]/C

Slack:                    inf
  Source:                 sw[8]
                            (input port)
  Destination:            u_counter/ms_tens_reg[1]/D
                            (rising edge-triggered cell FDRE clocked by sys_clk_pin  {rise@0.000ns fall@5.000ns period=10.000ns})
  Path Group:             (none)
  Path Type:              Hold (Min at Fast Process Corner)
  Data Path Delay:        1.171ns  (logic 0.268ns (22.853%)  route 0.903ns (77.147%))
  Logic Levels:           2  (IBUF=1 LUT6=1)
  Clock Path Skew:        1.978ns (DCD - SCD - CPR)
    Destination Clock Delay (DCD):    1.978ns
    Source Clock Delay      (SCD):    0.000ns
    Clock Pessimism Removal (CPR):    -0.000ns

    Location             Delay type                Incr(ns)  Path(ns)    Netlist Resource(s)
  -------------------------------------------------------------------    -------------------
    V2                                                0.000     0.000 r  sw[8] (IN)
                         net (fo=0)                   0.000     0.000    sw[8]
    V2                   IBUF (Prop_ibuf_I_O)         0.223     0.223 r  sw_IBUF[8]_inst/O
                         net (fo=25, routed)          0.903     1.126    u_counter/sw_IBUF[3]
    SLICE_X59Y22         LUT6 (Prop_lut6_I5_O)        0.045     1.171 r  u_counter/ms_tens[1]_i_1/O
                         net (fo=1, routed)           0.000     1.171    u_counter/ms_tens[1]_i_1_n_0
    SLICE_X59Y22         FDRE                                         r  u_counter/ms_tens_reg[1]/D
  -------------------------------------------------------------------    -------------------

                         (clock sys_clk_pin rise edge)
                                                      0.000     0.000 r  
    W5                                                0.000     0.000 r  clk (IN)
                         net (fo=0)                   0.000     0.000    clk
    W5                   IBUF (Prop_ibuf_I_O)         0.414     0.414 r  clk_IBUF_inst/O
                         net (fo=1, routed)           0.685     1.099    clk_IBUF
    BUFGCTRL_X0Y0        BUFG (Prop_bufg_I_O)         0.029     1.128 r  clk_IBUF_BUFG_inst/O
                         net (fo=57, routed)          0.851     1.978    u_counter/clk_IBUF_BUFG
    SLICE_X59Y22         FDRE                                         r  u_counter/ms_tens_reg[1]/C

Slack:                    inf
  Source:                 sw[8]
                            (input port)
  Destination:            u_counter/ms_tens_reg[2]/CE
                            (rising edge-triggered cell FDRE clocked by sys_clk_pin  {rise@0.000ns fall@5.000ns period=10.000ns})
  Path Group:             (none)
  Path Type:              Hold (Min at Fast Process Corner)
  Data Path Delay:        1.193ns  (logic 0.268ns (22.429%)  route 0.925ns (77.571%))
  Logic Levels:           2  (IBUF=1 LUT6=1)
  Clock Path Skew:        1.976ns (DCD - SCD - CPR)
    Destination Clock Delay (DCD):    1.976ns
    Source Clock Delay      (SCD):    0.000ns
    Clock Pessimism Removal (CPR):    -0.000ns

    Location             Delay type                Incr(ns)  Path(ns)    Netlist Resource(s)
  -------------------------------------------------------------------    -------------------
    V2                                                0.000     0.000 r  sw[8] (IN)
                         net (fo=0)                   0.000     0.000    sw[8]
    V2                   IBUF (Prop_ibuf_I_O)         0.223     0.223 r  sw_IBUF[8]_inst/O
                         net (fo=25, routed)          0.761     0.983    u_counter/sw_IBUF[3]
    SLICE_X58Y23         LUT6 (Prop_lut6_I3_O)        0.045     1.028 r  u_counter/ms_tens[3]_i_1/O
                         net (fo=4, routed)           0.165     1.193    u_counter/ms_tens[3]_i_1_n_0
    SLICE_X61Y23         FDRE                                         r  u_counter/ms_tens_reg[2]/CE
  -------------------------------------------------------------------    -------------------

                         (clock sys_clk_pin rise edge)
                                                      0.000     0.000 r  
    W5                                                0.000     0.000 r  clk (IN)
                         net (fo=0)                   0.000     0.000    clk
    W5                   IBUF (Prop_ibuf_I_O)         0.414     0.414 r  clk_IBUF_inst/O
                         net (fo=1, routed)           0.685     1.099    clk_IBUF
    BUFGCTRL_X0Y0        BUFG (Prop_bufg_I_O)         0.029     1.128 r  clk_IBUF_BUFG_inst/O
                         net (fo=57, routed)          0.849     1.976    u_counter/clk_IBUF_BUFG
    SLICE_X61Y23         FDRE                                         r  u_counter/ms_tens_reg[2]/C





